Source,Target,Weight
1,2,3
1,3,8
1,4,9
1,5,7
1,6,5
1,7,2
1,8,13
1,9,5
1,10,2
1,14,2
1,15,2
1,23,2
1,606,3
1,72,20
1,2483,5
1,671,6
1,2484,8
1,197,11
1,2485,7
1,965,8
1,2486,8
1,297,13
1,1075,22
1,673,8
1,2487,8
1,2141,8
1,2142,8
1,676,7
1,2143,3
1,302,5
1,667,4
1,2494,2
1,962,4
1,105,7
1,2688,16
1,46,19
1,355,4
1,445,2
1,93,11
1,260,7
1,230,14
1,120,11
1,325,6
1,419,2
1,563,2
1,349,2
1,342,2
1,2746,2
1,185,2
1,443,3
1,3572,2
1,2861,3
1,430,2
1,4893,2
1,422,2
1,4894,2
1,548,7
1,440,2
1,5120,2
1,2784,2
1,5292,3
1,3724,3
1,5296,2
1,51,3
1,2286,3
1,5293,2
1,2322,3
1,3344,3
1,5294,3
1,2763,3
1,863,4
1,1522,2
1,1120,2
1,5295,3
1,3457,3
1,2331,3
1,1323,3
1,95,3
1,167,3
1,868,12
1,1857,2
1,16,12
1,164,12
1,116,6
1,1331,15
1,5414,8
1,3304,2
1,771,2
1,5431,2
1,3592,2
1,811,8
1,5432,2
1,1287,2
1,1639,2
1,5433,2
1,231,4
1,5434,2
1,5435,2
1,5436,5
1,2355,6
1,5437,4
1,5438,3
1,4300,2
1,5440,2
1,5439,2
1,5442,2
1,5573,4
1,5574,5
1,886,5
1,2427,4
1,1005,3
1,2459,5
1,934,2
1,800,5
1,3706,2
1,5575,2
1,1451,2
1,3789,4
1,971,3
1,5576,2
1,2034,5
1,3871,3
1,5160,4
1,635,2
1,4275,3
1,5553,3
1,5554,4
1,2916,3
1,47,3
1,2360,2
1,5581,2
1,2539,2
1,5582,2
2,3,5
2,4,3
2,5,4
2,6,2
2,670,2
2,671,2
2,16,2
2,672,2
2,673,2
2,674,2
2,314,2
2,675,2
2,677,2
3,4,28
3,5,59
3,6,4
3,7,2
3,8,7
3,10,4
3,14,5
3,15,5
3,23,2
3,47,4
3,72,27
3,167,2
3,356,2
3,525,2
3,275,3
3,323,3
3,46,12
3,528,2
3,185,17
3,375,6
3,534,2
3,901,18
3,902,2
3,1133,4
3,27,4
3,184,8
3,383,5
3,640,2
3,84,2
3,374,5
3,1373,2
3,1377,2
3,432,2
3,202,3
3,543,2
3,743,2
3,173,2
3,1536,9
3,95,4
3,1910,2
3,606,10
3,430,2
3,698,2
3,394,2
3,402,2
3,16,11
3,2058,4
3,2092,5
3,1863,3
3,1327,2
3,86,2
3,398,3
3,2145,2
3,1322,3
3,2146,2
3,1568,2
3,736,2
3,116,12
3,1157,2
3,48,5
3,261,2
3,230,9
3,3301,2
3,3625,3
3,3626,4
3,3627,4
3,535,3
3,3628,2
3,594,3
3,35,3
3,654,2
3,983,2
3,30,5
3,844,3
3,1654,5
3,3747,2
3,344,6
3,638,2
3,3748,2
3,1443,2
3,3749,2
3,3750,2
3,3751,2
3,248,3
3,82,3
3,148,2
3,485,7
3,2805,3
3,2807,3
3,3776,3
3,3777,3
3,443,10
3,197,5
3,20,9
3,2806,2
3,3870,3
3,4054,2
3,4059,10
3,18,2
3,3552,8
3,2384,2
3,308,2
3,373,3
3,421,2
3,1677,3
3,2435,2
3,555,4
3,4357,2
3,4356,5
3,1270,2
3,1271,2
3,3551,7
3,4262,6
3,301,6
3,1401,3
3,51,3
3,4370,2
3,3170,2
3,2746,2
3,2468,2
3,260,9
3,4371,4
3,4372,3
3,306,6
3,4385,10
3,332,2
3,1053,10
3,4386,9
3,4387,2
3,1427,3
3,4388,4
3,4389,5
3,4390,2
3,4479,3
3,120,3
3,4546,2
3,186,2
3,1087,2
3,278,5
3,4635,3
3,1514,3
3,864,2
3,4556,2
3,105,3
3,4916,2
3,342,3
3,1426,2
3,567,4
3,2408,2
3,458,5
3,2391,2
3,5367,2
3,5368,2
3,1198,2
3,946,3
3,796,2
3,5479,7
3,5480,7
3,4709,6
3,5481,2
3,5486,2
3,5487,2
3,5490,2
3,1705,4
3,269,4
3,4883,4
3,2307,4
3,2633,2
3,5483,4
3,388,7
3,5188,4
3,5491,3
3,5492,2
3,5485,4
3,5484,2
3,5583,2
3,2784,6
3,67,8
3,139,2
3,1232,3
3,5654,3
3,5649,3
3,92,3
3,634,3
3,5650,3
3,5651,3
3,1235,3
3,5652,3
3,5648,2
3,5656,2
4,5,27
4,6,6
4,7,2
4,8,5
4,10,3
4,14,2
4,15,4
4,23,2
4,419,3
4,430,2
4,434,2
4,422,3
4,435,2
4,436,2
4,185,2
4,743,2
4,173,2
4,858,2
4,72,14
4,46,5
4,658,5
4,2864,5
4,2182,6
4,175,6
4,2026,6
4,2866,4
4,307,6
4,2867,5
4,1461,4
4,1290,5
4,2868,5
4,39,7
4,2869,5
4,230,7
4,116,13
4,2870,4
4,1326,6
4,627,5
4,2871,5
4,2875,6
4,1733,5
4,391,3
4,3301,2
4,3492,5
4,2861,8
4,18,7
4,3544,3
4,524,3
4,3546,3
4,12,3
4,3547,3
4,342,3
4,443,2
4,82,4
4,148,2
4,485,15
4,2805,3
4,2807,3
4,2092,4
4,3776,8
4,3777,5
4,197,2
4,3940,2
4,3230,3
4,1169,3
4,2006,2
4,3941,5
4,20,5
4,16,3
4,2806,6
4,3870,7
4,1525,2
4,3975,2
4,555,4
4,3976,2
4,4054,3
4,4059,7
4,344,2
4,3552,5
4,4357,2
4,4356,3
4,1270,2
4,1271,2
4,3551,4
4,4378,2
4,4379,2
4,4387,3
4,901,2
4,4479,2
4,4864,2
4,5119,2
4,5128,2
4,5289,2
4,5290,2
5,6,4
5,7,2
5,10,5
5,11,2
5,8,7
5,14,3
5,15,11
5,16,15
5,445,2
5,443,2
5,430,2
5,697,2
5,700,2
5,373,5
5,421,2
5,93,4
5,606,11
5,901,19
5,175,5
5,918,3
5,607,3
5,72,25
5,1133,4
5,1134,2
5,1313,5
5,47,9
5,1314,7
5,116,33
5,1327,4
5,1427,4
5,287,3
5,185,7
5,743,3
5,20,27
5,344,11
5,858,2
5,332,4
5,2236,3
5,1525,2
5,306,19
5,2384,4
5,2385,3
5,1530,8
5,2386,3
5,1432,3
5,1873,3
5,2269,2
5,2387,3
5,239,4
5,51,8
5,2468,5
5,120,4
5,3025,3
5,764,3
5,308,4
5,3026,2
5,3027,3
5,3028,3
5,1797,4
5,3029,2
5,156,3
5,3034,2
5,2986,3
5,1911,2
5,3035,2
5,771,10
5,275,2
5,169,2
5,3472,2
5,302,2
5,3473,2
5,2079,2
5,18,3
5,3551,17
5,3552,21
5,1989,2
5,2058,5
5,3625,7
5,3626,4
5,3627,5
5,535,3
5,3628,2
5,594,4
5,35,5
5,654,3
5,983,2
5,2298,3
5,485,4
5,230,11
5,2806,2
5,2807,2
5,3870,3
5,4059,24
5,297,2
5,248,2
5,1536,3
5,1677,2
5,4290,3
5,4291,3
5,4292,2
5,555,7
5,4357,2
5,4356,8
5,1270,2
5,1271,2
5,46,9
5,4262,7
5,301,19
5,1401,9
5,4370,5
5,3170,6
5,2746,6
5,260,17
5,4371,3
5,4372,2
5,1205,2
5,197,4
5,1053,10
5,4385,10
5,4386,9
5,4387,2
5,4388,4
5,4389,5
5,4390,2
5,4434,2
5,4420,2
5,4421,2
5,95,4
5,4477,2
5,872,5
5,4478,2
5,4428,5
5,4481,2
5,4429,2
5,863,5
5,4479,7
5,4480,4
5,2506,3
5,3166,2
5,4487,3
5,2375,2
5,4488,3
5,2283,2
5,4525,2
5,4526,5
5,4256,3
5,4527,5
5,4528,3
5,4529,2
5,4530,2
5,4534,3
5,4531,5
5,4532,3
5,4533,3
5,3901,5
5,3788,4
5,677,5
5,3620,2
5,4535,2
5,4633,4
5,4632,2
5,1087,2
5,278,5
5,4635,3
5,1514,3
5,4689,2
5,1935,2
5,342,3
5,351,2
5,4718,2
5,432,2
5,4785,2
5,543,2
5,105,6
5,4916,6
5,5123,2
5,5124,2
5,5125,2
5,2391,2
5,5367,2
5,5368,2
5,1198,2
5,5486,2
5,5479,3
5,5480,3
5,4709,3
5,30,4
5,844,2
5,946,2
5,5583,2
5,388,4
5,48,3
5,5648,4
5,5649,7
5,4574,2
5,3160,2
5,634,7
5,5650,7
5,5651,5
5,1235,5
5,5652,6
5,5653,2
5,5654,5
5,5655,2
5,5656,4
5,1232,3
5,92,4
6,23,2
6,8,3
8,9,3
8,14,2
8,15,2
8,30,4
8,13,2
8,67,11
8,143,6
8,144,2
8,145,2
8,146,2
8,147,6
8,72,30
8,46,18
8,442,12
8,301,25
8,175,16
8,443,5
8,93,23
8,260,18
8,630,3
8,631,4
8,239,8
8,453,60
8,632,3
8,95,4
8,119,5
8,606,3
8,1033,12
8,1034,2
8,992,15
8,355,11
8,993,15
8,1035,11
8,445,17
8,997,15
8,890,22
8,872,15
8,873,15
8,1036,9
8,1060,4
8,994,9
8,1000,9
8,1066,8
8,1071,3
8,1077,2
8,1078,7
8,275,2
8,10,4
8,962,9
8,965,2
8,250,3
8,967,2
8,968,3
8,867,2
8,120,18
8,287,4
8,1506,2
8,1517,2
8,714,2
8,1518,2
8,1519,2
8,202,2
8,458,3
8,20,17
8,228,2
8,637,2
8,2035,2
8,164,7
8,167,3
8,2063,2
8,1444,5
8,2064,20
8,173,3
8,197,3
8,888,2
8,2093,2
8,124,2
8,2094,2
8,2095,2
8,249,2
8,126,2
8,540,2
8,885,2
8,969,5
8,1985,2
8,1401,3
8,297,13
8,2640,6
8,39,5
8,1835,2
8,2976,7
8,660,4
8,875,12
8,1265,11
8,2977,2
8,889,6
8,3013,7
8,2800,9
8,2509,7
8,3015,2
8,2747,7
8,3014,7
8,272,6
8,686,2
8,1132,5
8,1598,8
8,2648,25
8,3012,3
8,3023,2
8,230,11
8,1329,2
8,764,6
8,671,2
8,302,2
8,676,3
8,105,3
8,2482,4
8,1124,4
8,3121,2
8,3138,2
8,3139,2
8,323,2
8,3153,2
8,1684,2
8,2259,3
8,2130,16
8,3028,7
8,497,4
8,156,11
8,3686,7
8,3761,4
8,3762,2
8,3217,7
8,692,7
8,693,7
8,3763,5
8,2184,3
8,3764,4
8,35,2
8,185,2
8,3811,2
8,3812,2
8,163,2
8,486,2
8,2585,2
8,3813,2
8,3847,3
8,930,2
8,2647,20
8,344,3
8,4633,2
8,116,6
8,306,4
8,2688,8
8,325,2
8,4690,7
8,3135,16
8,4691,16
8,4692,2
8,4693,3
8,4694,17
8,4699,3
8,4708,2
8,4917,3
8,4918,3
8,4920,3
8,16,8
8,5436,3
8,5437,3
8,1075,7
8,1331,6
8,5438,2
8,4300,2
8,5414,5
8,811,4
8,548,4
8,5439,2
8,2355,4
8,868,5
8,5442,2
8,3400,2
8,3401,2
8,5517,2
8,5568,2
8,4148,2
8,5569,2
8,5571,2
8,5366,2
8,2784,2
8,5626,3
8,5627,4
9,175,3
9,16,7
9,72,20
9,46,17
9,905,2
9,35,4
9,230,6
9,646,3
9,980,2
9,297,5
9,971,2
9,2368,2
9,3696,4
9,3789,4
9,184,2
9,3592,2
9,3666,3
9,4375,2
9,4448,2
9,1287,2
9,4442,2
9,4449,2
9,1324,2
9,886,4
9,197,6
9,548,2
9,164,4
9,260,4
9,95,2
9,5413,2
9,811,2
9,1075,4
9,5433,3
9,1331,5
9,4652,2
9,868,4
9,5435,2
9,2688,2
9,5436,2
9,116,2
9,93,4
9,120,3
9,5538,2
9,3569,2
9,228,3
9,1982,2
9,5533,2
9,4709,3
9,5548,3
9,5573,3
9,5574,3
9,2427,3
9,105,3
9,1005,3
9,2459,3
9,800,3
9,3706,3
9,1451,3
9,667,2
9,5576,3
9,2034,3
9,3871,2
9,325,3
9,5160,3
9,5553,2
9,2916,2
9,5554,2
10,11,6
10,181,2
10,184,4
10,183,3
10,206,2
10,207,2
10,16,41
10,35,28
10,259,2
10,72,49
10,46,18
10,268,2
10,243,7
10,301,5
10,342,8
10,351,3
10,21,7
10,22,7
10,290,2
10,329,5
10,291,7
10,330,4
10,294,2
10,204,3
10,209,2
10,48,4
10,471,3
10,261,5
10,230,13
10,472,2
10,95,10
10,287,6
10,457,2
10,308,3
10,532,2
10,533,5
10,558,2
10,448,2
10,559,2
10,560,2
10,440,10
10,120,7
10,325,7
10,51,8
10,595,2
10,202,2
10,651,3
10,650,2
10,652,3
10,728,2
10,242,2
10,371,7
10,983,2
10,47,8
10,1049,2
10,13,4
10,1019,2
10,1020,2
10,1021,3
10,1022,3
10,453,8
10,890,2
10,1103,2
10,946,5
10,337,4
10,222,2
10,1222,2
10,1087,2
10,1053,3
10,116,8
10,239,9
10,197,17
10,383,2
10,248,4
10,126,2
10,1523,2
10,1525,3
10,277,3
10,965,3
10,313,2
10,1598,2
10,892,2
10,133,4
10,1639,3
10,594,4
10,1143,2
10,260,7
10,20,8
10,1740,2
10,1741,2
10,285,3
10,67,2
10,1776,2
10,458,2
10,167,4
10,106,2
10,1851,2
10,1425,4
10,432,4
10,1794,2
10,57,2
10,58,2
10,2253,2
10,1353,2
10,279,2
10,2365,3
10,2355,3
10,931,2
10,88,2
10,173,3
10,1770,2
10,302,2
10,1075,2
10,673,2
10,2141,2
10,676,2
10,1401,2
10,344,9
10,1686,2
10,606,3
10,715,2
10,332,3
10,2575,4
10,355,2
10,175,2
10,445,3
10,297,3
10,875,3
10,2640,2
10,724,4
10,864,7
10,928,3
10,1456,2
10,117,2
10,39,2
10,1326,2
10,627,2
10,1078,3
10,2800,2
10,1265,2
10,2785,2
10,564,2
10,704,2
10,3018,2
10,1255,2
10,147,2
10,156,2
10,3034,2
10,764,4
10,443,2
10,664,2
10,2926,2
10,373,6
10,1270,4
10,1271,3
10,1796,2
10,486,5
10,12,4
10,865,4
10,228,4
10,164,2
10,795,2
10,306,11
10,1031,2
10,2659,2
10,1449,3
10,269,4
10,858,2
10,3466,2
10,275,3
10,3548,2
10,2978,2
10,3550,2
10,3614,4
10,3797,2
10,1141,2
10,868,3
10,3827,2
10,3829,2
10,2218,2
10,485,4
10,2585,4
10,489,2
10,2479,2
10,1729,2
10,163,2
10,4110,2
10,3299,2
10,3244,2
10,2835,2
10,4111,2
10,3592,2
10,4176,2
10,4177,2
10,631,2
10,4178,2
10,4179,2
10,1933,2
10,901,3
10,4180,2
10,4181,2
10,4182,2
10,4386,2
10,1454,2
10,1006,2
10,535,2
10,177,2
10,2525,3
10,1569,3
10,836,2
10,1331,4
10,590,2
10,4652,2
10,3304,2
10,4734,2
10,608,2
10,4707,2
10,4785,2
10,4806,2
10,4444,2
10,1547,3
10,615,2
10,4859,2
10,4863,2
10,1276,2
10,1376,2
10,1989,2
10,258,3
10,343,2
10,114,2
10,185,5
10,281,3
10,1685,2
10,1706,2
10,3685,2
10,5103,2
10,5098,2
10,1146,2
10,969,2
10,1681,2
10,4709,2
10,198,2
10,128,2
11,72,9
11,46,5
11,119,16
11,373,18
11,421,3
11,606,11
11,419,3
11,342,4
11,371,2
11,443,2
11,458,2
11,422,4
11,206,4
11,185,2
11,116,5
11,197,9
11,1269,3
11,946,2
11,176,2
11,1276,4
11,1270,10
11,1271,5
11,47,3
11,243,7
11,577,4
11,432,3
11,146,2
11,147,2
11,336,3
11,337,2
11,1572,3
11,1309,2
11,440,22
11,117,5
11,366,3
11,851,2
11,2020,2
11,2021,2
11,1118,2
11,1119,2
11,483,2
11,230,3
11,114,2
11,453,5
11,563,6
11,3322,5
11,430,6
11,1125,5
11,1536,8
11,3506,3
11,3507,2
11,3508,2
11,2653,3
11,2026,8
11,3899,5
11,223,5
11,3900,5
11,1326,7
11,1733,3
11,3901,3
11,3788,3
11,3902,5
11,16,2
11,4219,2
11,1286,2
11,1678,4
11,1249,16
11,4541,22
11,4542,7
11,4543,16
11,445,24
11,163,21
11,4474,20
11,120,17
11,121,10
11,325,27
11,4544,10
11,4549,2
11,306,3
11,4551,9
11,4552,2
11,122,2
11,4550,2
11,615,3
11,4786,3
11,4787,4
11,469,4
11,4788,4
11,95,4
11,442,2
11,1203,2
11,2890,2
11,308,3
11,1117,4
11,4859,3
11,4860,2
11,4861,2
11,4862,2
11,260,2
11,4501,2
11,2889,4
11,4968,4
11,4969,4
11,1464,4
11,2989,3
11,239,2
11,1550,2
11,375,10
11,389,3
11,5370,9
11,1087,7
11,278,9
11,634,9
11,1677,9
11,882,9
11,1904,9
11,735,9
11,5371,7
11,5372,9
11,736,2
11,4452,2
11,974,2
12,13,8
12,356,2
12,524,5
12,275,2
12,323,7
12,46,55
12,615,2
12,777,3
12,342,4
12,230,5
12,1110,5
12,963,4
12,1111,2
12,965,5
12,260,6
12,313,2
12,72,67
12,1115,2
12,95,2
12,1308,8
12,375,14
12,1167,8
12,534,2
12,371,4
12,677,4
12,1157,3
12,114,3
12,374,2
12,1612,2
12,1613,2
12,1614,4
12,197,33
12,1615,2
12,1616,2
12,1461,2
12,1617,3
12,947,2
12,1618,2
12,2187,2
12,2188,2
12,2189,2
12,2190,2
12,315,3
12,2191,2
12,2192,2
12,2193,2
12,276,2
12,1444,2
12,3140,2
12,39,2
12,811,14
12,3218,9
12,3219,9
12,280,18
12,3223,2
12,798,2
12,93,4
12,1163,4
12,173,3
12,3544,4
12,3545,2
12,3546,4
12,3547,3
12,419,3
12,422,3
12,3584,2
12,800,3
12,443,2
12,2036,2
12,2374,3
12,1454,4
12,1183,2
12,1650,2
12,4061,2
12,4062,3
12,228,41
12,16,41
12,1675,11
12,35,32
12,595,12
12,199,13
12,864,18
12,239,4
12,673,3
12,4155,8
12,946,10
12,278,2
12,2861,2
12,1559,2
12,1053,10
12,4214,10
12,1361,9
12,4238,6
12,4239,7
12,2928,3
12,3592,3
12,4367,3
12,4398,2
12,3835,3
12,608,7
12,3681,4
12,3682,3
12,1923,2
12,905,3
12,3598,2
12,1164,2
12,3833,2
12,4399,2
12,4400,3
12,4401,2
12,306,5
12,952,2
12,1413,2
12,641,2
12,4494,3
12,1143,2
12,1376,6
12,4857,6
12,117,2
12,696,8
12,4868,2
12,4869,7
12,4870,2
12,4871,7
12,4872,5
12,4873,7
12,664,7
12,458,5
12,4874,4
12,4875,7
12,4876,2
12,4877,2
12,4878,2
12,4879,2
12,4925,3
12,258,10
12,931,12
12,4926,2
12,724,14
12,3685,20
12,5061,4
12,1639,2
12,5098,10
12,1141,3
12,453,4
12,185,9
12,877,3
12,4977,3
12,165,2
12,120,3
12,5103,16
12,116,2
12,5110,2
12,3667,3
12,865,2
12,263,3
12,5109,2
12,2517,2
12,325,3
12,3408,2
12,3758,2
12,96,2
12,440,2
12,5120,3
12,5126,4
12,5127,5
12,1644,3
12,1642,2
12,164,2
12,167,2
12,3834,2
13,30,2
13,695,2
13,696,22
13,1014,4
13,1015,2
13,1016,4
13,239,10
13,1017,4
13,838,2
13,1018,8
13,1019,34
13,1020,20
13,1021,12
13,1022,22
13,1045,2
13,1046,3
13,840,2
13,581,4
13,1050,14
13,1064,2
13,1257,2
13,195,4
13,1258,3
13,1259,5
13,657,9
13,230,11
13,20,17
13,1820,2
13,72,30
13,1842,4
13,796,7
13,1991,4
13,2169,2
13,2171,2
13,2198,2
13,197,6
13,2199,3
13,1739,4
13,2200,4
13,2201,4
13,261,4
13,2202,3
13,764,6
13,2210,2
13,342,9
13,16,5
13,1309,2
13,2592,6
13,50,6
13,2593,5
13,2594,5
13,2595,4
13,2596,5
13,2597,5
13,2598,5
13,2599,5
13,2600,5
13,2601,5
13,94,6
13,2602,5
13,1460,6
13,2603,5
13,2604,5
13,114,6
13,47,8
13,2605,6
13,294,5
13,306,7
13,120,6
13,2606,4
13,2607,5
13,736,3
13,356,2
13,502,2
13,144,2
13,145,2
13,146,2
13,510,2
13,147,2
13,116,4
13,604,2
13,297,8
13,241,5
13,156,2
13,3071,2
13,2960,3
13,3072,4
13,1376,8
13,2770,3
13,3068,3
13,2861,4
13,290,2
13,1230,6
13,863,2
13,3339,2
13,3573,2
13,3615,2
13,3616,2
13,3617,2
13,3618,2
13,291,2
13,3619,2
13,3620,2
13,768,2
13,337,4
13,676,4
13,3755,3
13,3756,2
13,3757,3
13,899,2
13,2439,3
13,3758,3
13,185,3
13,1456,2
13,3760,2
13,673,2
13,4709,2
13,314,2
13,4778,7
13,4779,7
13,1851,8
13,4780,7
13,4781,8
13,4782,7
13,1425,6
13,1859,7
13,4513,8
13,813,2
13,4857,6
13,965,3
13,315,2
13,117,2
13,46,7
13,4868,2
13,4869,6
13,4870,2
13,4871,6
13,4872,5
13,4155,6
13,4873,6
13,664,6
13,608,5
13,458,4
13,4874,4
13,4875,6
13,4878,2
13,5019,2
13,5020,2
13,3084,2
13,2441,2
13,5021,2
13,5022,2
13,5023,3
13,5024,2
13,2764,2
13,5162,2
14,48,2
14,261,2
14,1394,2
14,1395,2
14,337,4
14,1195,3
14,1396,3
14,1397,2
14,1198,3
14,72,4
14,1212,3
14,899,2
14,16,5
14,3574,10
14,2393,11
14,3575,9
14,3576,11
14,3577,8
14,3578,8
14,3579,9
14,222,11
14,1161,11
14,1569,11
14,3580,8
14,1571,4
14,1989,5
14,3581,9
14,771,10
14,3660,6
14,116,9
14,2402,2
14,946,6
14,1680,4
14,1677,2
14,1863,3
14,5090,3
14,383,2
14,5091,3
14,5092,3
14,168,3
14,4060,3
14,199,3
14,524,2
14,30,2
14,5190,3
14,5163,3
14,2549,3
14,1146,3
14,5191,3
14,35,3
14,5192,3
14,594,3
14,4656,3
14,454,3
14,5193,3
15,901,3
15,902,2
15,1313,5
15,47,6
15,1314,6
15,116,7
15,1327,2
15,3301,2
16,17,2
16,18,34
16,19,8
16,34,6
16,35,503
16,49,12
16,50,9
16,51,68
16,52,7
16,53,7
16,54,9
16,55,8
16,56,8
16,57,10
16,31,12
16,58,22
16,59,7
16,32,12
16,33,15
16,60,11
16,61,8
16,46,169
16,62,27
16,89,7
16,113,2
16,134,5
16,194,2
16,195,2
16,196,2
16,204,8
16,205,8
16,197,76
16,206,9
16,207,8
16,208,8
16,209,5
16,198,22
16,72,510
16,211,2
16,210,5
16,221,6
16,222,13
16,236,3
16,237,4
16,235,2
16,247,3
16,256,7
16,258,67
16,259,3
16,92,20
16,275,15
16,167,63
16,316,13
16,326,10
16,327,2
16,343,26
16,344,84
16,345,10
16,347,9
16,348,2
16,325,28
16,444,2
16,355,4
16,446,2
16,445,3
16,443,11
16,447,2
16,448,7
16,430,6
16,324,2
16,449,24
16,541,2
16,542,2
16,543,4
16,544,2
16,545,2
16,286,5
16,555,2
16,175,20
16,464,7
16,456,16
16,287,19
16,554,4
16,483,8
16,127,12
16,551,5
16,611,2
16,603,3
16,342,165
16,553,4
16,604,13
16,605,8
16,297,33
16,606,13
16,607,4
16,608,8
16,609,3
16,610,4
16,417,2
16,432,35
16,615,6
16,617,2
16,655,6
16,656,2
16,657,17
16,340,3
16,349,3
16,665,2
16,270,12
16,666,2
16,184,57
16,668,2
16,667,7
16,622,3
16,315,12
16,623,3
16,669,2
16,536,5
16,670,3
16,678,9
16,671,23
16,302,15
16,672,3
16,673,39
16,674,2
16,314,2
16,675,3
16,676,14
16,677,20
16,116,91
16,552,3
16,27,16
16,682,12
16,383,25
16,124,5
16,117,17
16,230,100
16,173,8
16,684,3
16,733,3
16,202,41
16,219,19
16,734,6
16,735,10
16,651,10
16,533,38
16,725,5
16,737,2
16,646,33
16,738,3
16,528,16
16,532,6
16,724,88
16,248,15
16,114,22
16,86,9
16,451,3
16,705,5
16,499,15
16,764,4
16,82,42
16,537,2
16,771,8
16,514,8
16,149,19
16,151,9
16,152,5
16,358,2
16,492,15
16,146,33
16,147,47
16,291,7
16,767,2
16,768,3
16,770,2
16,831,3
16,832,9
16,833,5
16,834,3
16,835,2
16,836,25
16,838,3
16,837,2
16,199,18
16,839,5
16,185,37
16,850,4
16,155,2
16,900,10
16,903,3
16,904,4
16,905,10
16,907,4
16,375,26
16,916,3
16,917,11
16,389,3
16,948,11
16,949,13
16,165,27
16,954,2
16,956,2
16,130,2
16,126,9
16,865,31
16,1002,4
16,1003,6
16,1004,3
16,1005,9
16,632,9
16,811,31
16,1006,8
16,1007,7
16,1008,5
16,548,11
16,1009,2
16,164,42
16,883,9
16,565,14
16,1010,6
16,415,10
16,1011,6
16,1012,2
16,1023,7
16,1024,7
16,1025,5
16,93,15
16,1026,4
16,1027,6
16,84,18
16,374,3
16,47,81
16,1031,29
16,177,5
16,1080,8
16,1081,2
16,1083,3
16,1082,7
16,1141,68
16,1144,2
16,1143,36
16,1146,43
16,1147,26
16,946,8
16,571,4
16,1194,4
16,1207,2
16,337,61
16,1195,3
16,1198,5
16,1199,2
16,1125,3
16,278,2
16,1328,3
16,1329,2
16,1330,3
16,1331,32
16,239,47
16,1356,3
16,797,2
16,1353,16
16,1355,3
16,1359,4
16,930,2
16,1364,12
16,1394,4
16,1395,4
16,899,27
16,1396,5
16,1309,4
16,580,3
16,1431,2
16,458,11
16,454,9
16,285,24
16,1537,2
16,1545,2
16,988,5
16,1547,59
16,144,18
16,359,13
16,145,12
16,1548,4
16,493,8
16,1546,43
16,475,17
16,654,8
16,564,8
16,94,7
16,1487,3
16,1460,2
16,809,6
16,778,2
16,1461,2
16,1462,5
16,736,13
16,647,2
16,260,31
16,846,2
16,1264,4
16,1577,2
16,1174,6
16,1578,2
16,1605,3
16,1606,14
16,1607,4
16,133,27
16,1621,4
16,1622,11
16,1636,3
16,1637,2
16,351,20
16,1638,8
16,30,30
16,1639,30
16,1640,7
16,1642,11
16,590,27
16,1643,6
16,1644,9
16,279,28
16,1645,2
16,594,38
16,128,6
16,1646,2
16,1648,6
16,1647,4
16,1649,5
16,1650,5
16,1653,4
16,1674,4
16,1675,32
16,595,22
16,1676,5
16,1677,4
16,1270,8
16,1271,5
16,1678,4
16,341,3
16,289,2
16,25,8
16,1553,2
16,1286,2
16,1740,11
16,88,2
16,376,2
16,425,2
16,120,39
16,20,17
16,962,5
16,486,21
16,864,79
16,1375,9
16,1807,5
16,1808,3
16,1831,5
16,1834,4
16,1835,24
16,1840,12
16,143,12
16,1844,2
16,502,8
16,150,17
16,504,5
16,1845,2
16,335,9
16,1895,5
16,1896,5
16,1897,4
16,1794,22
16,1632,17
16,1762,17
16,1953,16
16,1633,12
16,1764,10
16,1983,9
16,1763,14
16,1925,2
16,637,14
16,950,2
16,866,6
16,1990,8
16,1992,2
16,980,6
16,1757,13
16,356,9
16,503,4
16,506,3
16,1095,4
16,168,2
16,306,29
16,2023,3
16,1445,4
16,104,6
16,2039,4
16,2058,2
16,95,35
16,965,6
16,2079,11
16,2080,2
16,2081,2
16,2082,3
16,2083,3
16,2085,2
16,250,2
16,2127,2
16,336,4
16,1863,3
16,1327,2
16,394,12
16,398,3
16,2145,3
16,1322,5
16,2146,2
16,2154,2
16,2180,2
16,2181,6
16,2182,19
16,2183,4
16,1376,15
16,2186,2
16,2194,2
16,2195,6
16,1601,18
16,1401,15
16,332,12
16,171,2
16,2030,3
16,1810,8
16,2251,3
16,2255,9
16,1425,24
16,2256,10
16,2257,2
16,2258,3
16,1684,2
16,2259,2
16,2272,2
16,2262,2
16,2263,2
16,2264,2
16,2265,2
16,2266,2
16,2267,2
16,2268,2
16,2269,2
16,2273,2
16,2270,2
16,2274,3
16,2324,5
16,2325,17
16,2326,8
16,2327,8
16,2328,8
16,1865,28
16,2329,10
16,2330,10
16,2331,42
16,931,61
16,2332,5
16,2333,4
16,379,2
16,2335,2
16,973,2
16,2338,3
16,1567,3
16,510,10
16,2336,2
16,1432,3
16,2339,2
16,1911,3
16,2225,8
16,388,6
16,2341,2
16,2342,3
16,2343,3
16,1864,9
16,2344,3
16,2345,3
16,2346,2
16,2347,20
16,2350,3
16,2351,2
16,2352,3
16,2353,2
16,813,13
16,1481,3
16,2354,7
16,2355,12
16,2358,9
16,2359,7
16,2360,3
16,2361,4
16,112,5
16,2365,18
16,2366,5
16,2367,5
16,2368,3
16,2369,11
16,600,3
16,535,11
16,2370,2
16,2382,3
16,2383,4
16,2418,3
16,2423,2
16,2505,8
16,2506,3
16,2221,5
16,1729,2
16,2519,3
16,2520,3
16,858,3
16,2521,3
16,892,4
16,2522,2
16,2527,2
16,2528,2
16,2534,2
16,2538,2
16,223,2
16,2535,13
16,853,3
16,2536,3
16,1323,3
16,878,3
16,2539,2
16,882,5
16,884,5
16,885,4
16,969,3
16,2549,4
16,2550,3
16,1962,4
16,2624,10
16,2625,5
16,2627,5
16,2628,6
16,1525,36
16,2322,11
16,2629,10
16,2630,3
16,868,32
16,863,6
16,2638,3
16,626,5
16,261,22
16,2479,5
16,2054,18
16,2055,9
16,106,24
16,1133,7
16,2701,2
16,2702,2
16,2703,2
16,2704,2
16,2705,2
16,516,3
16,2708,2
16,1443,7
16,2712,2
16,711,3
16,1491,21
16,982,9
16,2722,2
16,2721,8
16,2725,2
16,2562,2
16,507,4
16,2734,4
16,2735,2
16,2738,2
16,2736,2
16,1851,2
16,983,27
16,181,3
16,2805,3
16,2806,2
16,2807,3
16,1770,15
16,2809,2
16,1103,11
16,2077,7
16,2078,2
16,633,2
16,2450,7
16,2822,2
16,1945,2
16,2882,2
16,2883,2
16,658,12
16,2875,10
16,2026,3
16,39,18
16,2869,14
16,1326,23
16,1733,6
16,2871,8
16,798,2
16,2906,2
16,2634,2
16,592,2
16,2919,4
16,2518,4
16,1927,2
16,2925,12
16,1685,13
16,2926,9
16,338,2
16,305,2
16,115,2
16,2981,2
16,2982,2
16,2983,2
16,2984,2
16,440,32
16,2999,2
16,2129,15
16,228,62
16,217,5
16,427,11
16,3020,3
16,3021,4
16,3022,2
16,163,16
16,1550,2
16,2769,2
16,3094,2
16,2007,6
16,3096,4
16,2006,8
16,3120,3
16,3136,19
16,688,18
16,3157,9
16,3158,3
16,3159,3
16,3160,4
16,3161,3
16,2441,2
16,1107,3
16,3163,4
16,3164,15
16,3165,2
16,2072,2
16,3175,4
16,3176,2
16,3177,3
16,990,2
16,3178,2
16,371,3
16,2685,2
16,3179,2
16,3180,2
16,3181,2
16,3182,2
16,3082,2
16,3184,3
16,468,2
16,3188,4
16,3190,3
16,3202,2
16,3203,5
16,3200,12
16,3224,6
16,485,25
16,3225,10
16,3226,8
16,531,13
16,3227,6
16,2616,9
16,3228,7
16,1456,10
16,3229,5
16,3233,3
16,3234,3
16,180,2
16,2863,3
16,3273,2
16,3300,2
16,213,8
16,366,2
16,1756,8
16,827,2
16,627,10
16,795,15
16,828,2
16,829,2
16,1138,7
16,3361,3
16,3362,2
16,2591,4
16,400,7
16,3372,2
16,3373,2
16,1903,2
16,1904,2
16,3374,5
16,3409,2
16,3416,2
16,269,7
16,3421,2
16,3436,2
16,3422,3
16,3424,2
16,3461,2
16,3426,6
16,3427,2
16,3428,2
16,3429,2
16,1792,2
16,2447,2
16,169,2
16,3472,2
16,2435,5
16,1161,6
16,227,16
16,3529,8
16,3554,2
16,3557,4
16,2062,3
16,3558,5
16,3561,2
16,3562,2
16,426,5
16,490,2
16,380,2
16,1654,8
16,1569,28
16,48,14
16,3302,2
16,3587,2
16,3588,2
16,1812,2
16,3589,2
16,3590,3
16,3621,4
16,3622,4
16,3623,4
16,1021,13
16,3625,4
16,3626,4
16,3627,5
16,3628,2
16,3629,8
16,3632,2
16,3654,3
16,1839,2
16,3156,2
16,3655,9
16,3638,4
16,3661,5
16,2766,3
16,3662,2
16,2036,5
16,3663,2
16,3664,3
16,2864,8
16,2867,7
16,2868,8
16,3665,6
16,2865,2
16,2776,2
16,1656,2
16,3667,14
16,3669,2
16,3685,31
16,3732,2
16,575,2
16,1796,10
16,487,2
16,1560,2
16,3733,2
16,3734,2
16,3747,2
16,638,2
16,3748,2
16,3749,2
16,3750,2
16,3751,2
16,2861,28
16,323,8
16,453,8
16,687,3
16,3774,2
16,2069,2
16,3377,2
16,2994,5
16,243,3
16,934,4
16,3824,2
16,3845,2
16,3858,2
16,3863,7
16,3865,2
16,3864,11
16,263,11
16,1497,2
16,3877,5
16,3878,5
16,3879,4
16,3880,4
16,3881,4
16,101,5
16,3882,5
16,3883,5
16,3884,4
16,3885,4
16,3886,4
16,3887,4
16,3888,5
16,2642,5
16,732,2
16,1236,2
16,512,3
16,3846,3
16,3642,3
16,2575,4
16,694,2
16,3895,2
16,457,2
16,3907,6
16,2585,8
16,1523,8
16,1310,2
16,41,2
16,3916,6
16,3917,6
16,3918,2
16,3935,6
16,3936,3
16,3893,2
16,3870,2
16,2380,2
16,3942,2
16,3959,2
16,3960,2
16,3961,2
16,3962,2
16,3963,2
16,1050,2
16,3964,2
16,301,5
16,664,4
16,3971,2
16,1228,3
16,996,12
16,814,9
16,1526,6
16,3998,2
16,3721,3
16,2393,9
16,2402,6
16,4012,2
16,4014,2
16,1681,2
16,1989,17
16,4013,2
16,4015,2
16,4016,3
16,488,2
16,4061,3
16,4062,3
16,4101,4
16,4102,4
16,2376,5
16,4108,10
16,3592,4
16,3696,4
16,4109,2
16,4143,3
16,4144,3
16,2215,3
16,1902,3
16,4161,3
16,4162,3
16,4163,3
16,2723,3
16,1559,3
16,4164,2
16,4202,2
16,4203,2
16,4210,3
16,373,2
16,636,2
16,4250,2
16,2525,20
16,2632,2
16,4254,3
16,4255,2
16,4271,2
16,4276,2
16,2682,8
16,4293,2
16,4294,3
16,3091,2
16,723,2
16,2478,2
16,3382,2
16,4361,2
16,4362,2
16,581,2
16,4363,2
16,924,2
16,558,3
16,4403,2
16,4381,2
16,241,2
16,2206,4
16,1725,2
16,4374,2
16,4420,5
16,4421,5
16,4434,2
16,312,2
16,4262,7
16,4457,2
16,4386,4
16,4385,2
16,1542,2
16,4517,2
16,4518,2
16,4519,2
16,4520,2
16,4521,6
16,4594,7
16,4595,5
16,4596,6
16,4597,2
16,2141,8
16,4598,2
16,4599,2
16,2293,2
16,4617,8
16,3699,4
16,4631,2
16,2218,12
16,4650,3
16,4651,6
16,4300,4
16,4652,13
16,4653,2
16,4654,5
16,4655,2
16,4656,5
16,4667,4
16,4668,5
16,4669,5
16,2381,5
16,2283,3
16,4674,4
16,4677,3
16,421,3
16,4678,3
16,2517,7
16,313,2
16,4710,3
16,4717,2
16,1795,3
16,4719,2
16,4718,5
16,4721,3
16,4213,2
16,4709,5
16,4722,7
16,4720,2
16,4723,2
16,4564,4
16,500,3
16,501,3
16,1052,7
16,2998,2
16,1935,2
16,4738,2
16,844,2
16,1961,3
16,2812,2
16,750,8
16,4745,2
16,4577,2
16,4746,2
16,4747,3
16,4748,7
16,4749,2
16,4752,6
16,4754,2
16,3827,2
16,4365,3
16,4755,13
16,4756,2
16,830,6
16,1169,2
16,1170,2
16,4773,2
16,4774,4
16,4775,11
16,4776,4
16,867,4
16,3871,11
16,4777,5
16,1522,7
16,4783,2
16,4784,2
16,4793,2
16,4794,2
16,2614,2
16,1253,2
16,4397,5
16,4798,7
16,974,2
16,3414,2
16,517,7
16,3185,7
16,4805,3
16,4806,2
16,4444,5
16,463,5
16,460,5
16,1249,18
16,2613,2
16,1213,9
16,4216,2
16,4809,8
16,699,6
16,3693,6
16,4827,4
16,2111,2
16,2543,3
16,566,3
16,2253,13
16,1814,12
16,381,13
16,4495,2
16,563,2
16,4119,4
16,1993,2
16,4903,10
16,3578,4
16,4904,10
16,4592,5
16,4908,2
16,860,2
16,4925,3
16,4926,2
16,1206,4
16,3969,11
16,281,14
16,4963,2
16,2022,3
16,4967,8
16,4970,2
16,4976,2
16,4977,5
16,4882,5
16,1706,5
16,4883,3
16,4992,2
16,4880,4
16,308,2
16,2922,2
16,1075,16
16,4996,5
16,5010,3
16,5030,7
16,5031,7
16,5032,5
16,2777,2
16,5050,2
16,893,2
16,5051,2
16,3913,2
16,5053,23
16,3799,2
16,5054,9
16,5056,2
16,5057,2
16,5058,4
16,5059,2
16,5060,3
16,4212,2
16,1761,5
16,5061,4
16,1232,2
16,845,4
16,5098,13
16,877,4
16,5103,20
16,587,5
16,5109,3
16,5110,2
16,5064,2
16,3994,2
16,3408,4
16,5121,2
16,391,4
16,5122,2
16,5126,4
16,5127,6
16,1708,2
16,5055,2
16,307,2
16,5129,2
16,5141,2
16,4189,3
16,5142,3
16,5157,3
16,5158,2
16,4931,7
16,5159,4
16,1884,2
16,5163,10
16,5164,6
16,5165,8
16,5166,8
16,5167,8
16,5168,3
16,5169,5
16,5161,3
16,5170,2
16,5172,2
16,5173,2
16,5175,3
16,5176,2
16,1932,2
16,700,5
16,5185,5
16,5186,5
16,5187,2
16,5190,3
16,5191,3
16,5192,3
16,5193,3
16,2945,5
16,5242,10
16,1022,2
16,5245,9
16,5071,5
16,5072,9
16,5246,5
16,5256,2
16,5257,2
16,1440,16
16,5309,2
16,1439,4
16,5310,5
16,131,2
16,132,2
16,5334,12
16,1600,8
16,5340,2
16,1797,5
16,5341,4
16,5342,4
16,5343,3
16,5348,4
16,408,4
16,5349,2
16,5238,3
16,4345,2
16,4149,3
16,799,3
16,5407,2
16,5408,2
16,5409,2
16,5410,2
16,1576,2
16,5411,2
16,2688,11
16,5414,8
16,3304,2
16,5435,9
16,5436,12
16,5433,3
16,5437,4
16,5438,3
16,5440,2
16,5439,2
16,5441,2
16,5442,2
16,5478,3
16,4734,13
16,4439,3
16,5496,3
16,5497,7
16,5498,7
16,5514,3
16,5515,2
16,5516,2
16,5524,2
16,5260,2
16,5525,2
16,5526,2
16,5527,7
16,2700,5
16,5528,7
16,1266,4
16,3404,2
16,2526,3
16,5587,2
16,5588,2
16,5601,4
16,5610,7
16,5611,6
16,5635,2
17,19,2
18,667,2
18,1161,3
18,337,29
18,1195,2
18,1194,2
18,1450,3
18,1424,8
18,149,2
18,150,3
18,146,5
18,147,5
18,1001,8
18,20,8
18,899,7
18,35,8
18,732,2
18,1680,2
18,1750,2
18,1866,2
18,1867,4
18,1868,2
18,1913,2
18,1196,9
18,1087,2
18,982,2
18,47,7
18,230,26
18,1918,9
18,51,13
18,1059,13
18,1919,4
18,1920,9
18,1921,8
18,335,2
18,197,7
18,184,6
18,463,8
18,460,9
18,1996,5
18,72,23
18,799,8
18,1804,6
18,1805,4
18,502,2
18,492,2
18,671,2
18,302,2
18,116,4
18,2635,2
18,863,2
18,1525,3
18,2815,4
18,1228,4
18,2816,2
18,2779,3
18,2780,3
18,2817,4
18,2818,4
18,2819,3
18,2860,2
18,928,3
18,3037,3
18,3038,3
18,3041,3
18,563,3
18,383,3
18,3039,2
18,3040,3
18,2477,3
18,2467,2
18,827,4
18,134,4
18,627,4
18,795,13
18,2251,4
18,828,4
18,829,4
18,95,4
18,306,6
18,1756,4
18,830,4
18,432,3
18,3492,3
18,2861,7
18,82,2
18,485,2
18,3776,2
18,533,2
18,4059,3
18,4210,3
18,239,3
18,301,2
18,343,2
18,3551,2
18,555,2
18,344,3
18,260,2
18,3552,2
18,4356,2
18,367,4
18,4748,5
18,4755,2
18,1547,4
18,342,4
18,167,3
18,588,5
18,84,2
18,530,5
18,4796,2
18,1704,3
18,2356,5
18,3705,3
18,2357,2
18,3209,3
18,1714,3
18,4791,2
18,1702,3
18,1717,3
18,366,2
18,4810,2
18,4658,3
18,4815,2
18,4826,2
18,213,2
18,2823,6
18,1440,2
18,1600,3
18,5340,2
18,277,2
18,223,2
18,5344,2
18,22,2
18,2659,2
18,5478,3
19,34,6
19,35,5
19,72,4
19,2362,3
19,432,4
19,2363,4
20,21,68
20,22,80
20,48,52
20,80,4
20,81,26
20,82,13
20,83,5
20,105,11
20,106,3
20,39,25
20,107,6
20,108,2
20,112,2
20,114,8
20,156,55
20,157,8
20,158,37
20,47,20
20,546,2
20,356,5
20,547,2
20,469,3
20,451,4
20,764,159
20,779,2
20,765,2
20,766,2
20,35,18
20,291,6
20,780,2
20,781,14
20,767,4
20,782,2
20,768,6
20,769,2
20,783,2
20,784,2
20,770,3
20,785,2
20,946,13
20,72,62
20,239,44
20,375,13
20,389,2
20,959,12
20,736,13
20,960,12
20,116,34
20,961,10
20,534,2
20,499,17
20,502,3
20,144,6
20,146,6
20,147,6
20,974,2
20,1203,3
20,1204,2
20,373,4
20,752,6
20,1205,3
20,1673,2
20,337,20
20,1740,16
20,27,2
20,1741,12
20,285,21
20,1754,13
20,899,3
20,367,5
20,1794,9
20,1443,3
20,1795,3
20,575,3
20,1796,16
20,486,23
20,487,6
20,1797,5
20,1019,8
20,175,16
20,445,12
20,248,17
20,580,3
20,202,8
20,2031,2
20,104,15
20,2046,3
20,2047,3
20,1636,3
20,606,5
20,1558,2
20,2048,2
20,1338,2
20,287,15
20,858,5
20,2208,4
20,332,9
20,1525,4
20,306,34
20,197,11
20,2199,2
20,1739,2
20,2200,7
20,2201,2
20,261,3
20,2209,2
20,344,13
20,2236,3
20,949,3
20,1802,2
20,426,8
20,671,19
20,30,5
20,67,5
20,1530,12
20,1401,10
20,349,20
20,342,34
20,302,19
20,46,38
20,677,30
20,983,5
20,1124,13
20,707,2
20,651,2
20,173,11
20,1523,3
20,1546,2
20,2403,3
20,2404,3
20,2421,10
20,230,31
20,1993,5
20,51,11
20,750,3
20,2468,4
20,617,2
20,2469,2
20,1476,2
20,1776,3
20,120,25
20,2482,6
20,260,69
20,301,69
20,629,2
20,715,13
20,1559,2
20,2575,2
20,1389,2
20,2583,3
20,2584,3
20,163,5
20,2585,2
20,1428,4
20,166,2
20,2592,5
20,50,5
20,2593,4
20,2594,4
20,2595,6
20,2596,4
20,2597,4
20,2598,4
20,2599,4
20,2600,4
20,2601,4
20,94,7
20,2602,4
20,1460,11
20,2603,5
20,2604,4
20,2605,5
20,294,5
20,2606,4
20,2607,4
20,657,5
20,2613,2
20,150,5
20,358,3
20,359,3
20,508,2
20,492,2
20,510,2
20,571,18
20,2616,4
20,2617,3
20,667,3
20,93,23
20,577,3
20,863,12
20,1522,2
20,2298,25
20,576,4
20,1682,5
20,1140,3
20,2709,5
20,2710,4
20,95,14
20,325,20
20,2716,10
20,2717,4
20,2718,8
20,1696,2
20,646,15
20,688,9
20,1067,2
20,1406,2
20,323,8
20,232,2
20,962,7
20,2746,6
20,1376,4
20,162,2
20,443,53
20,483,3
20,2770,4
20,1256,3
20,195,5
20,2771,2
20,2772,2
20,329,8
20,217,5
20,581,25
20,2775,7
20,275,2
20,2785,19
20,2786,3
20,2787,8
20,564,6
20,704,17
20,2791,9
20,2792,2
20,1329,5
20,692,21
20,693,21
20,171,2
20,2815,4
20,1228,4
20,2816,2
20,463,3
20,2779,3
20,460,4
20,2780,3
20,2817,4
20,2818,4
20,799,3
20,2819,3
20,2860,2
20,2886,2
20,2887,2
20,2888,2
20,2889,2
20,2890,3
20,242,2
20,371,2
20,2891,18
20,2892,4
20,2893,11
20,2894,8
20,2895,4
20,2896,8
20,2659,43
20,355,11
20,563,2
20,117,13
20,422,3
20,2698,4
20,324,7
20,2907,3
20,2908,6
20,2909,3
20,2910,8
20,1155,2
20,2911,7
20,676,23
20,2918,2
20,277,15
20,429,3
20,2922,2
20,2923,2
20,2924,7
20,431,4
20,632,3
20,2934,9
20,2935,11
20,1994,2
20,2936,10
20,2937,9
20,2939,14
20,2940,14
20,2941,14
20,2942,21
20,2943,12
20,2944,21
20,2945,14
20,2946,13
20,2947,11
20,2948,11
20,2949,2
20,2950,11
20,2951,8
20,2952,23
20,2953,3
20,2954,14
20,2955,2
20,2956,6
20,2957,2
20,2958,10
20,2959,9
20,2960,22
20,2961,6
20,2962,3
20,2963,4
20,905,3
20,2964,2
20,2966,13
20,1355,19
20,2967,3
20,2970,3
20,2971,2
20,712,3
20,2023,6
20,2972,4
20,2973,3
20,2974,4
20,2975,2
20,305,4
20,115,2
20,2981,2
20,2982,2
20,2983,2
20,2984,2
20,684,2
20,440,17
20,2986,7
20,1832,3
20,1531,3
20,2987,3
20,2385,3
20,2988,2
20,2989,7
20,2990,2
20,2991,2
20,2992,2
20,427,6
20,2997,3
20,2996,2
20,3001,5
20,1097,18
20,3002,6
20,3003,6
20,3004,3
20,3005,24
20,193,24
20,2926,12
20,3017,2
20,3018,13
20,1255,14
20,3025,3
20,308,2
20,3026,2
20,3027,3
20,3028,25
20,3029,2
20,3030,3
20,3031,2
20,343,9
20,134,3
20,3032,2
20,2251,8
20,3033,3
20,3034,10
20,1911,2
20,3035,2
20,3036,2
20,1209,4
20,1174,2
20,3042,4
20,37,8
20,3043,6
20,3044,2
20,3066,10
20,3068,16
20,1695,4
20,1755,7
20,203,2
20,3009,14
20,3069,2
20,3070,3
20,3071,2
20,3072,4
20,696,6
20,2861,5
20,2249,2
20,1587,8
20,3073,3
20,1608,3
20,3078,11
20,3079,2
20,3080,7
20,664,10
20,3081,10
20,1792,10
20,3082,10
20,537,2
20,149,2
20,3097,2
20,924,15
20,290,3
20,1769,2
20,330,2
20,3098,2
20,3099,3
20,3100,2
20,3101,2
20,3102,2
20,3103,2
20,3104,2
20,3105,2
20,3106,2
20,3107,2
20,3108,2
20,3109,2
20,3110,2
20,3111,2
20,3112,2
20,3113,2
20,3114,2
20,3115,2
20,3116,2
20,432,2
20,3117,2
20,3121,6
20,3122,2
20,3123,4
20,3008,6
20,167,2
20,3126,20
20,3127,2
20,3128,4
20,2375,2
20,297,8
20,3133,2
20,3134,3
20,3138,2
20,3139,2
20,1926,2
20,3166,2
20,3167,2
20,3169,3
20,185,5
20,3173,10
20,3174,3
20,1310,2
20,3183,2
20,477,2
20,3191,2
20,3192,4
20,626,3
20,3195,2
20,119,4
20,3196,3
20,3205,2
20,3206,2
20,3207,3
20,3208,2
20,3217,8
20,2151,2
20,3231,2
20,3232,2
20,3302,2
20,1683,3
20,3303,2
20,600,2
20,3314,5
20,3324,2
20,955,2
20,2985,5
20,3366,2
20,533,2
20,3383,10
20,3384,9
20,3387,6
20,3396,2
20,771,2
20,3405,2
20,706,2
20,2672,2
20,136,2
20,708,2
20,3484,5
20,3485,6
20,3486,6
20,2501,6
20,1461,7
20,3487,9
20,3488,8
20,3489,3
20,3490,7
20,3491,7
20,455,2
20,3494,2
20,328,2
20,3690,7
20,3691,3
20,3692,3
20,3701,8
20,615,3
20,3702,3
20,1426,3
20,70,3
20,76,3
20,3703,3
20,3735,9
20,3077,8
20,2228,7
20,3746,5
20,3493,2
20,3761,14
20,3762,2
20,3763,6
20,2184,3
20,3764,4
20,1449,20
20,3792,4
20,3793,4
20,3794,2
20,3795,3
20,3803,2
20,1264,2
20,3816,3
20,3817,3
20,3821,2
20,3822,2
20,3823,5
20,1448,2
20,691,11
20,3847,3
20,3860,2
20,3861,3
20,3862,4
20,3866,3
20,3867,2
20,485,4
20,4059,16
20,1169,2
20,1171,6
20,2459,4
20,4273,2
20,218,2
20,4274,2
20,4310,2
20,4361,2
20,4362,2
20,4363,2
20,3551,7
20,3552,7
20,4370,4
20,555,3
20,3170,5
20,4356,3
20,1427,3
20,4385,2
20,901,2
20,4388,2
20,4386,2
20,1053,2
20,4389,2
20,4428,5
20,4429,2
20,4444,4
20,2022,2
20,345,8
20,279,2
20,4478,2
20,743,2
20,4479,5
20,4480,3
20,3625,2
20,872,3
20,2506,2
20,4487,2
20,4488,2
20,4632,2
20,4657,2
20,525,2
20,4795,5
20,4802,2
20,1547,9
20,4803,2
20,1249,7
20,4365,2
20,4832,2
20,3439,3
20,3440,4
20,4916,3
20,4923,3
20,4924,2
20,1198,2
20,1366,2
20,3340,2
20,5183,2
20,5184,3
20,251,2
20,5614,6
20,1456,6
20,5615,5
20,3559,4
20,3756,2
21,22,196
21,48,82
21,80,4
21,81,12
21,82,3
21,83,3
21,112,3
21,114,4
21,156,10
21,157,6
21,158,7
21,47,12
21,277,59
21,278,6
21,279,6
21,261,11
21,72,22
21,46,5
21,301,38
21,342,18
21,351,16
21,353,8
21,354,2
21,78,8
21,68,7
21,424,3
21,441,3
21,480,5
21,297,18
21,667,5
21,1209,14
21,273,6
21,797,2
21,185,5
21,87,14
21,1391,8
21,1392,2
21,738,2
21,1509,8
21,1510,6
21,1511,4
21,1512,7
21,965,15
21,37,17
21,313,14
21,1513,7
21,1514,6
21,1539,3
21,1540,2
21,1541,4
21,418,2
21,197,6
21,1542,3
21,1543,3
21,1560,2
21,1028,5
21,1029,5
21,1711,2
21,262,5
21,1809,5
21,173,8
21,1872,3
21,606,7
21,1536,3
21,1432,5
21,1873,2
21,430,9
21,587,6
21,1874,6
21,1875,2
21,1449,74
21,1206,6
21,1266,5
21,1876,2
21,1877,5
21,1878,2
21,126,2
21,1893,2
21,1312,2
21,198,2
21,1963,4
21,1964,4
21,119,4
21,1965,6
21,1966,4
21,1967,4
21,117,5
21,2659,65
21,432,2
21,1193,2
21,2374,2
21,187,5
21,308,3
21,176,2
21,373,4
21,2745,12
21,179,2
21,2742,4
21,230,6
21,2741,3
21,2733,2
21,764,24
21,2891,15
21,2897,2
21,443,3
21,2892,5
21,2893,10
21,2894,10
21,2898,5
21,2895,5
21,2896,6
21,2908,5
21,581,35
21,2910,5
21,2911,5
21,676,3
21,426,6
21,3001,5
21,1097,16
21,3002,6
21,1155,3
21,3003,5
21,677,20
21,3004,3
21,3005,23
21,193,23
21,3043,5
21,3042,3
21,3210,3
21,2065,3
21,1839,5
21,3211,2
21,3212,4
21,116,19
21,3036,2
21,3034,7
21,3383,8
21,3384,8
21,3387,4
21,3396,2
21,2251,3
21,3405,3
21,1256,3
21,858,5
21,3495,4
21,3496,5
21,3466,6
21,3497,3
21,3498,9
21,275,13
21,892,5
21,3499,5
21,3500,2
21,355,17
21,3717,10
21,445,16
21,3718,10
21,3719,5
21,3720,10
21,3722,4
21,3721,9
21,2298,5
21,781,9
21,2924,4
21,3792,4
21,3816,3
21,3817,3
21,3823,3
21,3848,3
21,3849,2
21,3850,5
21,3851,4
21,3852,4
21,3853,4
21,935,2
21,3857,4
21,3861,9
21,3862,3
21,1227,9
21,239,7
21,1448,11
21,3866,2
21,3867,2
21,1087,5
21,3872,2
21,3875,3
21,3876,4
21,3894,2
21,2501,3
21,3228,7
21,3906,3
21,605,5
21,4172,4
21,241,5
21,4246,4
21,2727,3
21,3006,2
21,190,2
21,260,3
21,1298,2
21,4257,4
21,4258,2
21,421,4
21,2729,3
21,2731,2
21,192,2
21,4462,2
21,4461,2
21,4482,6
21,1154,4
21,3837,3
21,4483,2
21,4484,2
21,3358,2
21,4486,4
21,4500,2
21,316,2
21,4536,2
21,4537,5
21,4548,2
21,615,4
21,804,4
21,4845,4
21,4846,3
21,4854,2
21,4847,3
21,4848,3
21,673,4
21,4849,3
21,932,3
21,4850,3
21,4851,3
21,3404,4
21,2665,4
21,4852,3
21,4855,2
21,4853,4
21,2415,5
21,2539,4
21,4856,2
21,4884,2
21,340,2
21,4885,2
21,3754,2
21,4886,2
21,4887,3
21,687,3
21,4888,3
21,2199,3
21,248,3
21,4889,2
21,75,2
21,3437,2
21,4890,3
21,5099,7
21,5100,5
21,5101,2
21,223,3
21,5344,3
21,30,2
21,429,4
21,4740,4
21,1516,2
21,1927,2
21,5390,2
21,204,3
21,5391,3
21,5392,3
21,206,3
21,5328,3
21,5393,2
21,1377,3
21,209,2
21,1399,2
21,5452,2
21,1930,3
21,5578,3
21,5579,3
21,5580,3
21,796,2
21,3189,2
21,5586,2
21,5584,2
21,5585,2
21,306,2
22,48,88
22,80,4
22,81,15
22,82,3
22,83,3
22,112,3
22,114,4
22,156,12
22,157,8
22,158,9
22,47,15
22,301,41
22,342,15
22,351,17
22,352,2
22,353,8
22,354,2
22,78,8
22,68,7
22,418,5
22,424,3
22,441,3
22,480,5
22,204,2
22,261,7
22,277,63
22,1156,2
22,297,21
22,1154,7
22,1155,6
22,273,6
22,667,4
22,1209,17
22,72,20
22,1227,9
22,197,14
22,87,13
22,430,14
22,195,2
22,1509,9
22,1510,7
22,1511,5
22,1512,8
22,965,17
22,37,21
22,313,15
22,1513,8
22,1514,7
22,1539,4
22,1540,3
22,1541,5
22,1542,4
22,1543,4
22,1560,2
22,1872,5
22,606,10
22,1536,3
22,1432,6
22,1873,3
22,587,8
22,1874,8
22,1875,3
22,1449,81
22,1206,9
22,1266,5
22,1876,3
22,1877,6
22,1878,3
22,1963,5
22,1964,5
22,119,5
22,1965,6
22,1966,5
22,1967,5
22,117,5
22,2659,76
22,2374,2
22,187,6
22,308,2
22,176,2
22,373,3
22,262,4
22,2745,12
22,179,2
22,2742,5
22,2740,2
22,1809,4
22,230,3
22,2741,3
22,2733,2
22,764,32
22,2891,18
22,2897,2
22,443,5
22,2892,5
22,2893,11
22,2894,14
22,2898,5
22,2895,5
22,2896,9
22,2908,7
22,2909,3
22,2910,8
22,2911,7
22,676,5
22,581,38
22,2918,2
22,426,7
22,3001,5
22,1097,18
22,3002,6
22,3003,6
22,677,22
22,3004,3
22,3005,27
22,193,26
22,3042,4
22,3043,5
22,3044,2
22,3210,4
22,2065,3
22,1839,4
22,3211,3
22,3212,4
22,116,16
22,3036,3
22,3034,7
22,3383,10
22,3384,9
22,3387,6
22,3396,2
22,2251,3
22,3405,3
22,1256,3
22,858,6
22,3495,5
22,3496,6
22,3466,7
22,3497,4
22,3498,10
22,275,15
22,892,6
22,3499,6
22,3500,3
22,355,19
22,3717,10
22,445,18
22,3718,10
22,3719,5
22,3720,10
22,173,9
22,3722,5
22,3721,9
22,2298,6
22,781,11
22,2924,4
22,3792,3
22,3821,2
22,3822,2
22,3823,5
22,3068,3
22,1029,9
22,1448,14
22,3816,2
22,3817,2
22,3848,4
22,3849,3
22,3850,6
22,3851,5
22,3852,5
22,3853,5
22,3854,2
22,935,3
22,3855,2
22,3857,4
22,3860,2
22,3861,9
22,3862,4
22,239,3
22,3866,3
22,3867,2
22,1087,5
22,3872,2
22,3875,3
22,3876,4
22,2501,3
22,3228,8
22,3906,3
22,278,5
22,3911,2
22,605,6
22,4172,4
22,241,5
22,4246,4
22,2727,3
22,3006,3
22,1298,2
22,4257,2
22,4258,2
22,3837,4
22,4482,9
22,4483,4
22,1028,4
22,4484,6
22,4485,3
22,3358,3
22,4486,7
22,1911,4
22,60,4
22,4500,2
22,316,2
22,4537,3
22,4548,4
22,4657,2
22,615,4
22,804,4
22,4845,4
22,4846,3
22,4854,2
22,4847,3
22,4848,3
22,673,4
22,4849,3
22,932,3
22,4850,3
22,4851,3
22,279,5
22,3404,3
22,2665,4
22,4852,3
22,4855,2
22,4853,4
22,2415,5
22,2539,4
22,4856,2
22,4884,2
22,340,3
22,4885,3
22,3754,2
22,4886,3
22,4887,4
22,687,4
22,4888,4
22,2199,4
22,248,4
22,4889,3
22,75,2
22,3437,3
22,4890,4
22,4896,2
22,4897,2
22,192,2
22,1391,2
22,5099,8
22,5100,6
22,5101,2
22,421,2
22,223,4
22,5344,4
22,5452,2
22,2731,3
22,1930,6
22,5578,6
22,5579,6
22,5580,6
22,796,4
22,3189,5
22,5584,4
22,5585,5
22,306,5
22,5586,4
24,25,2
24,26,2
24,27,2
24,28,2
25,26,3
25,27,3
25,28,3
25,29,2
25,206,2
25,349,2
25,371,2
25,185,3
25,114,5
25,380,2
25,375,2
25,72,31
25,46,5
25,381,12
25,95,11
25,844,3
25,47,8
25,845,2
25,230,3
25,432,2
25,168,2
25,866,2
25,978,2
25,315,3
25,979,2
25,980,2
25,175,4
25,1306,2
25,1429,2
25,1430,2
25,117,2
25,458,2
25,483,2
25,127,3
25,228,2
25,286,2
25,35,6
25,667,2
25,297,2
25,1286,2
25,1270,2
25,116,2
25,456,3
25,1103,3
25,2058,4
25,2359,2
25,1376,2
25,2535,2
25,864,12
25,535,11
25,1607,2
25,68,2
25,443,2
25,78,2
25,724,2
25,222,2
25,3372,2
25,3373,2
25,3406,9
25,2253,10
25,836,10
25,3407,10
25,1814,10
25,3408,10
25,910,2
25,3413,2
25,3172,2
25,1756,9
25,916,7
25,4463,3
25,177,8
25,795,13
25,146,2
25,794,4
25,51,2
25,946,3
25,128,2
25,5602,3
26,27,4
26,28,4
26,29,3
26,41,2
26,42,2
26,43,2
26,44,2
26,184,2
26,72,2
27,28,4
27,29,3
27,41,2
27,42,2
27,43,3
27,44,2
27,30,4
27,93,2
27,95,5
27,184,27
27,528,3
27,185,6
27,383,30
27,374,2
27,375,5
27,551,4
27,552,4
27,175,5
27,553,3
27,287,2
27,430,5
27,72,31
27,46,12
27,342,2
27,604,3
27,682,8
27,344,2
27,124,3
27,606,3
27,117,2
27,608,4
27,230,6
27,173,2
27,432,7
27,453,2
27,962,2
27,956,3
27,955,2
27,1340,2
27,665,2
27,1341,5
27,1342,2
27,127,3
27,325,3
27,1398,2
27,248,6
27,916,2
27,86,22
27,126,3
27,1399,4
27,1400,3
27,355,2
27,1434,2
27,1393,2
27,35,13
27,1435,2
27,445,2
27,620,2
27,47,2
27,458,2
27,1568,3
27,1203,3
27,1626,3
27,1627,3
27,1628,3
27,1629,3
27,1630,3
27,1654,2
27,337,6
27,1740,8
27,1750,2
27,1751,2
27,1741,2
27,1753,2
27,285,7
27,202,3
27,1136,2
27,1792,2
27,1863,2
27,88,3
27,2069,2
27,2068,2
27,1547,3
27,1546,2
27,3087,3
27,3088,4
27,2861,5
27,3090,3
27,3093,2
27,3091,3
27,380,2
27,323,2
27,449,2
27,164,2
27,3365,2
27,724,3
27,632,2
27,2258,2
27,4381,3
27,2206,2
27,4374,5
27,4412,2
27,1193,3
27,4545,2
27,4763,2
27,796,2
27,4764,2
27,4765,2
27,4766,2
27,4767,2
27,4768,2
27,1866,2
27,4769,2
27,4770,2
27,850,2
27,4771,2
27,527,2
27,4772,2
27,3705,2
27,4556,2
27,4804,2
27,4799,2
27,4293,2
27,5269,2
27,1641,2
27,5348,4
27,116,3
27,1440,4
27,408,4
27,2221,2
27,5349,2
27,4294,2
27,1722,6
27,1150,2
27,5451,2
27,3696,4
27,231,2
27,1331,6
27,197,5
27,1560,2
27,3836,2
28,29,3
28,41,2
28,42,2
28,43,2
28,44,2
28,2054,2
28,2055,4
28,4280,3
28,4281,2
28,1103,3
29,41,2
29,42,2
29,43,2
29,44,2
30,90,2
30,91,2
30,92,2
30,93,2
30,57,2
30,453,8
30,301,7
30,454,2
30,440,3
30,686,2
30,355,4
30,687,2
30,445,4
30,469,2
30,340,3
30,1401,11
30,343,4
30,175,4
30,248,3
30,72,19
30,46,5
30,341,5
30,1530,6
30,606,6
30,230,11
30,1610,2
30,287,13
30,1611,2
30,863,3
30,1522,2
30,1523,2
30,1525,2
30,1527,2
30,35,13
30,197,2
30,202,3
30,297,6
30,581,2
30,47,10
30,1685,14
30,483,7
30,120,17
30,67,10
30,349,6
30,667,4
30,116,12
30,1800,2
30,1801,2
30,239,7
30,143,3
30,184,9
30,375,15
30,1924,14
30,917,3
30,2040,5
30,383,3
30,2068,2
30,258,3
30,2237,2
30,114,3
30,426,3
30,342,11
30,106,2
30,260,5
30,536,2
30,395,17
30,2621,7
30,2622,5
30,2650,2
30,39,6
30,577,2
30,2734,18
30,2735,17
30,2736,12
30,1174,5
30,2737,2
30,1343,6
30,2788,4
30,2789,4
30,814,2
30,2790,4
30,344,9
30,749,3
30,2810,3
30,164,3
30,637,3
30,1103,3
30,2769,13
30,2969,2
30,2768,8
30,502,2
30,144,2
30,149,3
30,150,3
30,507,3
30,146,5
30,510,2
30,147,5
30,221,5
30,962,8
30,1289,5
30,356,6
30,463,4
30,704,4
30,3333,4
30,460,3
30,3444,2
30,615,3
30,2024,2
30,3445,2
30,3446,2
30,3447,2
30,151,3
30,3448,2
30,3449,2
30,3450,2
30,3451,2
30,908,2
30,371,4
30,1616,2
30,604,2
30,888,2
30,3452,2
30,3453,2
30,3454,2
30,443,9
30,1423,2
30,3455,2
30,532,2
30,3456,2
30,2036,2
30,2369,2
30,3457,2
30,1863,3
30,844,3
30,3647,2
30,3648,2
30,3649,2
30,185,11
30,1654,3
30,3088,2
30,398,3
30,850,2
30,2011,2
30,2156,2
30,48,4
30,1442,2
30,3200,2
30,60,2
30,399,2
30,3650,2
30,328,2
30,374,2
30,1491,2
30,389,2
30,2211,2
30,2226,3
30,1146,6
30,1416,2
30,740,3
30,306,20
30,3930,2
30,996,15
30,432,3
30,2861,3
30,167,16
30,451,6
30,4333,4
30,4335,3
30,4336,2
30,4339,2
30,329,2
30,2900,3
30,1769,5
30,4340,4
30,330,7
30,425,3
30,4341,5
30,767,5
30,768,6
30,587,3
30,718,5
30,4361,2
30,291,4
30,51,12
30,2022,4
30,279,14
30,534,2
30,427,2
30,806,2
30,430,3
30,4391,2
30,4571,3
30,617,3
30,4581,2
30,4126,2
30,376,2
30,429,3
30,3586,2
30,4740,3
30,394,13
30,3969,13
30,983,12
30,281,12
30,4963,2
30,4967,3
30,492,3
30,946,3
30,2980,2
30,135,2
30,5046,2
30,5047,2
30,393,2
30,70,2
30,5172,2
30,5163,2
30,145,2
30,5164,2
30,5165,2
30,5166,2
30,5167,2
30,594,3
30,3856,2
30,5270,2
30,1462,2
30,885,3
30,4482,2
30,5335,2
30,5336,2
30,243,2
30,3095,2
30,5364,2
30,5366,3
30,5583,2
30,388,11
30,2058,9
30,5595,5
31,32,18
31,33,18
31,49,13
31,50,8
31,51,9
31,52,7
31,53,7
31,54,9
31,55,9
31,56,9
31,57,14
31,58,17
31,59,7
31,60,11
31,61,7
31,46,14
31,62,8
31,89,7
31,2045,4
31,1401,2
31,1133,2
31,2701,2
31,673,2
31,2702,2
31,2703,2
31,2704,2
31,2705,2
32,33,23
32,49,18
32,50,8
32,51,9
32,52,7
32,53,7
32,54,9
32,55,9
32,56,9
32,57,19
32,58,22
32,59,7
32,60,11
32,61,7
32,46,19
32,62,8
32,89,7
32,2045,9
32,2061,2
32,1401,2
32,1133,2
32,2701,2
32,673,2
32,2702,2
32,2703,2
32,2704,2
32,2705,2
33,49,18
33,50,8
33,51,9
33,52,7
33,53,7
33,54,9
33,55,9
33,56,9
33,57,19
33,58,22
33,59,7
33,60,11
33,61,7
33,46,19
33,62,8
33,89,7
33,2045,9
33,2061,2
33,1394,3
33,1395,3
33,337,6
33,1396,6
33,1401,2
33,1133,2
33,2701,2
33,673,2
33,2702,2
33,2703,2
33,2704,2
33,2705,2
33,336,5
33,1902,2
33,4161,3
33,4162,3
33,4163,3
33,2723,3
33,4164,2
33,3810,2
33,5403,2
33,1750,2
33,5404,2
33,72,2
33,5405,2
34,35,4
35,204,8
35,205,6
35,197,51
35,206,7
35,207,7
35,208,6
35,209,5
35,198,19
35,72,327
35,210,5
35,46,108
35,221,5
35,222,6
35,247,3
35,256,5
35,259,3
35,316,8
35,327,2
35,551,2
35,342,43
35,175,12
35,553,3
35,464,4
35,604,13
35,456,8
35,287,12
35,344,60
35,297,11
35,606,11
35,608,4
35,609,2
35,483,3
35,610,2
35,417,2
35,432,7
35,615,3
35,349,6
35,666,3
35,184,37
35,668,2
35,667,10
35,622,2
35,315,10
35,430,3
35,623,2
35,536,6
35,127,11
35,655,2
35,738,4
35,657,19
35,682,17
35,383,22
35,248,9
35,114,12
35,86,10
35,230,36
35,764,4
35,786,2
35,779,3
35,765,3
35,766,5
35,291,7
35,780,2
35,781,4
35,767,3
35,782,3
35,768,3
35,769,3
35,783,3
35,784,3
35,770,3
35,785,2
35,134,7
35,443,3
35,626,5
35,793,2
35,794,2
35,795,7
35,325,5
35,827,5
35,627,6
35,828,5
35,829,5
35,167,23
35,830,3
35,306,16
35,836,14
35,258,40
35,838,3
35,199,13
35,375,20
35,116,40
35,449,28
35,917,25
35,954,2
35,956,4
35,957,2
35,126,5
35,865,19
35,1002,3
35,1003,5
35,1004,2
35,948,6
35,1005,7
35,632,7
35,811,20
35,1006,7
35,1007,5
35,1008,4
35,548,5
35,1009,2
35,164,21
35,883,6
35,565,7
35,1010,5
35,415,4
35,1011,5
35,1012,2
35,165,20
35,1023,4
35,1024,6
35,1025,4
35,93,7
35,1026,3
35,1027,5
35,1080,8
35,1083,2
35,1082,5
35,946,11
35,1192,2
35,337,56
35,1198,2
35,286,5
35,637,10
35,554,3
35,1286,3
35,1270,6
35,47,29
35,552,3
35,117,7
35,1125,2
35,278,4
35,1328,3
35,1330,3
35,1331,18
35,1434,2
35,1393,2
35,1435,2
35,445,3
35,1309,2
35,620,2
35,1437,2
35,458,6
35,173,2
35,454,9
35,724,56
35,1466,2
35,1465,2
35,95,27
35,94,2
35,1459,2
35,1460,2
35,809,2
35,778,3
35,1461,2
35,1462,2
35,1463,2
35,1464,2
35,850,2
35,1537,2
35,1538,2
35,1545,2
35,82,4
35,988,4
35,1547,16
35,144,7
35,149,7
35,359,2
35,145,7
35,1548,3
35,493,2
35,147,15
35,1546,40
35,202,35
35,646,23
35,475,12
35,654,5
35,564,7
35,736,6
35,219,4
35,647,2
35,260,28
35,1264,2
35,1141,50
35,133,24
35,1621,4
35,1143,32
35,1622,10
35,351,11
35,1638,7
35,92,15
35,1639,25
35,1640,6
35,1642,9
35,590,26
35,1643,5
35,1644,9
35,279,9
35,1645,2
35,594,35
35,1646,2
35,128,5
35,1649,5
35,239,23
35,1647,3
35,1650,4
35,1652,6
35,1653,5
35,1401,5
35,1553,3
35,275,12
35,1740,17
35,1754,12
35,1741,11
35,285,21
35,899,20
35,1895,5
35,1896,4
35,1897,4
35,1903,2
35,1904,2
35,931,35
35,371,5
35,651,3
35,1794,6
35,735,6
35,1762,6
35,1632,4
35,1953,5
35,1961,2
35,1951,2
35,1232,3
35,636,4
35,1982,2
35,919,5
35,950,2
35,866,5
35,1990,6
35,1983,2
35,1763,3
35,2023,3
35,2069,2
35,2068,2
35,1675,17
35,671,10
35,302,5
35,965,2
35,676,7
35,2079,7
35,2082,2
35,673,5
35,1031,33
35,112,3
35,1375,8
35,840,4
35,1376,14
35,2181,2
35,2182,7
35,2195,6
35,2030,2
35,155,2
35,900,3
35,124,2
35,2299,2
35,2300,2
35,106,22
35,2301,2
35,346,2
35,2302,2
35,242,2
35,1491,18
35,2303,2
35,2304,2
35,2305,2
35,2306,2
35,2307,2
35,694,2
35,2308,2
35,2309,2
35,813,10
35,2310,2
35,2311,2
35,2312,2
35,2313,2
35,2314,2
35,2315,2
35,2340,2
35,2225,4
35,2341,2
35,2342,3
35,2343,3
35,1864,3
35,2344,3
35,2345,3
35,1359,4
35,2365,9
35,62,11
35,533,10
35,2355,8
35,2366,4
35,2354,3
35,535,8
35,980,6
35,2370,2
35,864,61
35,1559,2
35,2426,2
35,868,14
35,1606,7
35,2505,6
35,2506,2
35,2338,2
35,150,5
35,504,2
35,492,3
35,146,9
35,335,6
35,1601,7
35,2591,4
35,1389,5
35,78,5
35,2608,4
35,2631,2
35,2632,3
35,863,2
35,1525,9
35,261,7
35,1865,16
35,2331,22
35,2358,8
35,595,20
35,2535,11
35,949,6
35,982,9
35,2325,9
35,2721,8
35,2347,12
35,1425,9
35,502,2
35,507,2
35,510,4
35,1481,2
35,1851,2
35,814,4
35,2795,3
35,2764,3
35,2061,2
35,2796,3
35,914,2
35,2624,8
35,2625,3
35,678,6
35,832,2
35,633,2
35,2450,7
35,1831,3
35,2822,5
35,1839,3
35,39,7
35,2869,6
35,391,2
35,1326,5
35,798,2
35,2906,2
35,2634,2
35,592,2
35,1770,5
35,2919,4
35,2359,5
35,1103,9
35,2518,4
35,1927,3
35,2925,7
35,1685,3
35,2926,5
35,338,2
35,996,2
35,163,12
35,332,9
35,3136,19
35,688,18
35,3163,4
35,3164,15
35,3165,2
35,2072,2
35,3175,4
35,3176,2
35,3177,3
35,990,2
35,3178,2
35,2685,2
35,3179,2
35,3180,2
35,3181,2
35,3182,2
35,1107,2
35,3082,2
35,3184,3
35,468,2
35,3188,4
35,3190,3
35,143,3
35,51,31
35,844,2
35,2037,2
35,171,2
35,1578,8
35,2798,2
35,2251,5
35,1138,3
35,3362,3
35,3410,3
35,1705,8
35,269,13
35,3411,4
35,3412,2
35,228,45
35,3421,2
35,3422,2
35,426,3
35,151,3
35,3424,5
35,1356,5
35,3425,4
35,1353,6
35,3426,6
35,3427,4
35,3428,4
35,3429,5
35,3430,5
35,1792,5
35,1355,6
35,3431,4
35,3432,4
35,2948,2
35,217,3
35,389,2
35,974,3
35,3200,18
35,705,2
35,3571,2
35,1654,7
35,48,3
35,3627,2
35,3629,7
35,2154,6
35,1117,4
35,3652,2
35,696,4
35,2246,4
35,2058,2
35,3661,3
35,2129,11
35,2766,3
35,3662,2
35,2036,4
35,3663,2
35,3664,3
35,2776,2
35,1656,2
35,3667,14
35,1443,4
35,227,3
35,3685,25
35,1174,3
35,3747,2
35,638,2
35,3748,2
35,3749,2
35,3750,2
35,3751,2
35,2861,15
35,323,4
35,453,7
35,528,2
35,1569,2
35,905,8
35,185,21
35,1796,4
35,486,4
35,3788,2
35,263,11
35,934,4
35,3824,2
35,3837,2
35,1729,2
35,1607,2
35,3838,2
35,3839,2
35,3840,2
35,3841,2
35,3842,2
35,3336,2
35,3843,2
35,1523,2
35,3959,2
35,512,2
35,3960,2
35,3961,2
35,3962,2
35,3963,2
35,1050,2
35,3964,2
35,882,3
35,664,2
35,1228,2
35,1322,2
35,3998,2
35,3721,3
35,485,3
35,4015,2
35,4016,2
35,4019,2
35,1968,2
35,374,4
35,4020,2
35,4061,2
35,4101,3
35,4102,3
35,2376,4
35,4108,8
35,343,12
35,3592,3
35,3696,2
35,4109,2
35,186,2
35,168,2
35,4206,6
35,3802,3
35,2132,6
35,801,6
35,411,6
35,4211,3
35,3801,3
35,4212,4
35,4213,2
35,771,5
35,4250,2
35,1989,2
35,3233,2
35,3234,2
35,180,2
35,4293,6
35,3091,2
35,4403,4
35,3273,2
35,4381,5
35,241,2
35,2206,3
35,2746,4
35,1725,4
35,4374,3
35,908,2
35,4420,5
35,4421,5
35,3203,3
35,4434,2
35,1863,2
35,312,2
35,4262,7
35,4457,2
35,4386,4
35,4385,2
35,4521,2
35,3655,3
35,4594,5
35,4595,4
35,4596,4
35,2141,7
35,4617,9
35,3699,5
35,4631,2
35,4650,3
35,4651,6
35,4300,2
35,4652,13
35,4653,2
35,4654,5
35,4655,2
35,4656,5
35,4667,4
35,4668,5
35,4669,5
35,2381,4
35,2283,3
35,4674,4
35,4677,3
35,421,3
35,4678,3
35,4244,2
35,4679,3
35,4680,2
35,3513,4
35,3197,2
35,1835,5
35,1593,4
35,2636,4
35,1526,2
35,2517,6
35,4695,2
35,120,8
35,4707,6
35,4714,2
35,531,2
35,4709,4
35,4722,7
35,499,2
35,4731,2
35,4754,2
35,3827,2
35,1364,11
35,4757,12
35,1807,2
35,4799,3
35,4800,2
35,4801,2
35,4809,5
35,3871,4
35,1021,3
35,1249,3
35,1213,2
35,440,4
35,3693,5
35,750,4
35,4775,3
35,4827,3
35,699,2
35,1271,2
35,1146,24
35,1147,10
35,4925,3
35,4926,2
35,2151,2
35,2330,3
35,4959,2
35,4960,2
35,4491,2
35,4962,2
35,4971,7
35,61,6
35,4882,8
35,3638,3
35,1706,6
35,4883,3
35,4992,2
35,4880,5
35,1810,7
35,1075,4
35,4996,5
35,5010,3
35,5053,21
35,3799,2
35,2369,10
35,4564,3
35,5054,8
35,1708,7
35,5055,9
35,1901,5
35,5056,2
35,5057,2
35,5060,3
35,1761,5
35,2361,2
35,845,4
35,1902,2
35,5093,2
35,877,4
35,4977,4
35,5103,20
35,5109,2
35,5110,2
35,5064,2
35,5098,11
35,3408,4
35,5126,4
35,5127,6
35,5129,2
35,5141,2
35,2127,4
35,5163,10
35,5164,6
35,5165,8
35,5166,8
35,5167,8
35,5168,3
35,4967,7
35,5169,5
35,5161,2
35,5170,2
35,5172,2
35,356,2
35,700,5
35,5185,5
35,5186,5
35,5190,3
35,2549,3
35,5191,3
35,5192,3
35,5193,3
35,5247,4
35,5221,3
35,5248,3
35,3463,4
35,4417,3
35,5234,4
35,5249,3
35,5250,3
35,5251,4
35,3464,4
35,5223,4
35,5252,3
35,4453,4
35,5253,2
35,3863,2
35,5245,3
35,5071,2
35,5072,2
35,5242,2
35,3864,2
35,1440,4
35,1600,4
35,5340,2
35,1797,3
35,5334,4
35,5238,2
35,177,2
35,5373,5
35,799,3
35,5407,2
35,5408,2
35,5409,2
35,5410,2
35,1576,2
35,5411,2
35,5435,9
35,5436,8
35,5433,2
35,281,3
35,5441,2
35,5496,3
35,5497,7
35,4734,9
35,4439,2
35,5498,7
35,5514,2
35,5515,2
35,2550,2
35,5516,2
35,839,3
35,5635,2
36,37,4
36,38,4
36,39,5
36,138,2
37,38,4
37,39,4
37,138,2
37,277,16
37,1510,5
37,1511,3
37,1512,4
37,965,13
37,313,4
37,1513,5
37,1514,5
37,1539,3
37,1540,3
37,197,3
37,1541,4
37,1542,3
37,1543,3
37,72,7
37,301,5
37,1097,5
37,3042,4
37,3005,5
37,48,12
37,2910,4
37,2659,8
37,3043,4
37,193,5
37,3044,2
37,81,5
37,355,9
37,3860,2
37,3861,3
37,445,8
37,581,2
37,3862,2
37,1449,9
37,278,4
37,3228,6
37,1087,2
37,3857,3
37,273,2
37,2742,3
38,39,4
38,138,2
39,40,2
39,99,6
39,101,5
39,72,33
39,104,7
39,102,7
39,109,2
39,105,2
39,106,5
39,110,3
39,107,8
39,108,4
39,115,4
39,116,13
39,117,13
39,118,5
39,136,2
39,138,2
39,1171,6
39,633,7
39,1172,7
39,195,2
39,166,2
39,1178,2
39,1179,4
39,287,19
39,890,3
39,1190,3
39,1213,16
39,302,3
39,1289,6
39,664,2
39,676,2
39,453,2
39,962,4
39,1338,3
39,1346,2
39,325,7
39,671,3
39,707,4
39,248,14
39,580,6
39,1658,3
39,230,15
39,173,10
39,684,4
39,174,3
39,1401,12
39,175,25
39,445,9
39,332,3
39,1894,3
39,260,13
39,202,3
39,764,7
39,858,2
39,2208,11
39,47,2
39,1525,5
39,306,6
39,344,5
39,949,2
39,2482,4
39,301,6
39,983,2
39,46,22
39,703,3
39,687,2
39,667,2
39,93,7
39,606,2
39,863,3
39,1835,2
39,1522,2
39,1523,4
39,2695,2
39,86,2
39,2696,2
39,2698,5
39,156,4
39,81,2
39,2717,2
39,158,3
39,95,2
39,2746,2
39,342,8
39,2766,3
39,581,5
39,2026,11
39,838,2
39,1290,10
39,391,6
39,658,8
39,2864,7
39,2182,9
39,2866,6
39,307,8
39,2867,7
39,1461,7
39,2868,7
39,2869,8
39,2870,6
39,1326,10
39,627,7
39,2871,8
39,2875,8
39,1733,8
39,2881,3
39,1066,2
39,355,5
39,704,5
39,217,2
39,2885,2
39,298,2
39,443,5
39,323,5
39,2710,2
39,324,2
39,2907,2
39,120,10
39,2914,2
39,457,2
39,163,2
39,305,2
39,2981,2
39,2982,2
39,2983,2
39,2984,2
39,440,16
39,3069,3
39,3070,7
39,239,4
39,1124,5
39,632,2
39,3121,4
39,3138,2
39,3139,2
39,3141,8
39,2965,4
39,3142,2
39,3143,2
39,3144,2
39,2945,2
39,3145,2
39,3146,2
39,3147,2
39,3148,2
39,3149,2
39,3150,2
39,3151,2
39,3152,2
39,291,2
39,768,2
39,2787,2
39,924,2
39,356,4
39,221,4
39,463,12
39,3333,4
39,460,12
39,2861,2
39,892,2
39,864,2
39,2860,2
39,4215,2
39,4216,4
39,3036,2
39,4685,4
39,1547,2
39,4809,9
39,3871,8
39,1052,3
39,1249,6
39,51,6
39,343,5
39,4775,7
39,2365,7
39,699,6
39,750,4
39,615,2
39,4945,3
39,4946,3
39,2191,3
39,4947,3
39,4948,3
39,4949,3
39,4950,3
39,4951,3
39,5183,2
39,5184,2
39,251,2
39,3793,2
41,42,2
41,43,2
41,44,2
41,1310,2
41,3916,2
41,3917,2
41,3918,2
42,43,2
42,44,2
43,44,2
44,3524,2
44,2281,2
44,3525,2
45,46,3
45,1528,2
45,847,2
45,171,2
45,72,2
45,243,2
45,4818,2
45,4819,3
45,4820,3
45,4785,3
45,4821,3
45,4822,2
45,1677,3
45,2435,3
45,4823,3
45,4824,3
45,4825,3
46,47,17
46,48,4
46,49,15
46,50,8
46,51,17
46,52,7
46,53,7
46,54,9
46,55,9
46,56,12
46,57,21
46,58,22
46,59,7
46,60,10
46,61,7
46,62,11
46,63,9
46,64,10
46,65,8
46,66,6
46,67,14
46,68,9
46,69,10
46,70,8
46,71,7
46,72,351
46,73,10
46,74,8
46,75,12
46,76,7
46,77,2
46,78,7
46,79,5
46,89,7
46,134,3
46,139,4
46,148,2
46,143,3
46,144,3
46,149,5
46,150,7
46,151,2
46,152,2
46,145,2
46,146,8
46,147,9
46,142,3
46,140,2
46,159,3
46,116,38
46,160,2
46,204,12
46,205,7
46,197,81
46,206,13
46,207,7
46,208,7
46,209,8
46,198,12
46,211,4
46,210,4
46,234,3
46,235,2
46,238,3
46,255,2
46,256,4
46,258,2
46,259,2
46,278,8
46,280,11
46,281,6
46,279,2
46,261,3
46,283,2
46,340,10
46,367,4
46,382,2
46,349,14
46,371,4
46,184,19
46,395,3
46,368,2
46,84,4
46,308,7
46,185,51
46,407,2
46,383,12
46,114,7
46,413,2
46,384,2
46,373,4
46,374,4
46,375,4
46,388,5
46,376,2
46,390,3
46,369,2
46,393,2
46,366,4
46,411,7
46,402,2
46,416,2
46,417,2
46,415,3
46,378,2
46,381,3
46,95,40
46,175,42
46,287,28
46,482,3
46,117,28
46,430,15
46,483,17
46,127,17
46,498,2
46,511,4
46,512,3
46,513,2
46,490,5
46,356,10
46,502,2
46,514,2
46,503,3
46,504,2
46,359,5
46,491,2
46,515,2
46,521,2
46,506,2
46,492,4
46,493,3
46,510,5
46,218,2
46,526,3
46,275,21
46,527,2
46,323,27
46,518,4
46,538,3
46,315,15
46,539,2
46,540,4
46,276,2
46,551,6
46,552,6
46,553,8
46,286,13
46,555,3
46,464,5
46,456,13
46,554,9
46,556,2
46,567,2
46,568,4
46,569,2
46,344,13
46,570,2
46,248,57
46,297,48
46,173,46
46,577,4
46,580,6
46,581,7
46,603,3
46,342,29
46,604,9
46,605,4
46,606,5
46,607,4
46,608,25
46,609,2
46,610,3
46,432,8
46,618,2
46,621,3
46,619,2
46,620,6
46,622,3
46,623,3
46,239,25
46,453,10
46,633,2
46,632,11
46,634,3
46,629,2
46,635,2
46,636,2
46,637,6
46,639,3
46,103,3
46,640,7
46,665,2
46,270,3
46,682,2
46,668,2
46,124,11
46,249,5
46,683,3
46,230,90
46,684,5
46,86,6
46,679,2
46,680,2
46,759,2
46,796,3
46,798,4
46,800,7
46,801,7
46,799,6
46,849,2
46,850,2
46,130,2
46,126,20
46,962,7
46,963,3
46,964,3
46,965,6
46,667,15
46,93,35
46,250,8
46,314,9
46,935,2
46,863,5
46,967,5
46,968,11
46,867,4
46,306,10
46,972,2
46,971,3
46,969,15
46,865,8
46,1002,2
46,1003,2
46,948,3
46,1005,4
46,811,31
46,1006,7
46,1007,2
46,1008,2
46,548,7
46,164,30
46,883,3
46,565,2
46,1010,2
46,1011,2
46,1012,3
46,165,14
46,167,16
46,1083,3
46,1024,11
46,1082,4
46,1027,3
46,298,3
46,1145,2
46,1143,15
46,1148,2
46,1149,2
46,1150,12
46,1151,3
46,288,3
46,1158,3
46,1159,3
46,595,15
46,1160,2
46,1050,2
46,1161,3
46,1163,39
46,1164,13
46,1162,3
46,1183,29
46,1184,2
46,1185,2
46,1191,2
46,1228,2
46,87,2
46,195,3
46,1255,3
46,1085,4
46,1277,3
46,1278,3
46,916,4
46,1279,3
46,1280,3
46,1281,3
46,1053,16
46,1282,3
46,1283,3
46,1284,3
46,1287,21
46,1286,3
46,1270,7
46,301,14
46,1289,2
46,445,11
46,260,37
46,104,10
46,1306,3
46,355,11
46,1310,4
46,1309,5
46,950,2
46,458,17
46,1315,5
46,1316,5
46,1317,2
46,1318,3
46,858,8
46,1319,2
46,1320,2
46,694,3
46,531,31
46,1321,2
46,1322,4
46,1323,6
46,1324,19
46,1328,3
46,1329,6
46,1331,34
46,1368,2
46,199,9
46,1399,15
46,1400,3
46,444,3
46,1401,17
46,343,6
46,341,9
46,1407,2
46,1429,2
46,101,3
46,1431,3
46,1430,2
46,434,4
46,1434,2
46,1393,8
46,1436,2
46,1435,2
46,443,24
46,1437,6
46,454,3
46,1441,2
46,1471,2
46,1472,2
46,1473,2
46,1474,2
46,1475,2
46,1476,2
46,475,3
46,1477,2
46,1478,2
46,1479,2
46,905,2
46,1612,2
46,1613,2
46,1614,7
46,777,2
46,1615,2
46,1616,2
46,1461,7
46,1617,6
46,947,4
46,1618,3
46,1605,2
46,351,6
46,1647,3
46,1141,27
46,133,8
46,590,11
46,128,5
46,1644,3
46,1645,2
46,594,10
46,1722,8
46,1724,2
46,1725,3
46,251,3
46,1727,3
46,949,10
46,1723,2
46,1640,2
46,253,3
46,1553,2
46,1810,8
46,1811,2
46,1812,2
46,1536,3
46,587,7
46,699,7
46,1855,2
46,332,9
46,223,10
46,1412,3
46,1858,2
46,1391,3
46,1893,2
46,1312,2
46,617,2
46,2045,10
46,2061,3
46,2065,2
46,888,3
46,2093,2
46,119,5
46,2094,2
46,2095,3
46,885,3
46,1985,2
46,120,29
46,2136,5
46,302,22
46,2137,7
46,2138,6
46,2139,5
46,1075,24
46,673,23
46,2140,5
46,2141,13
46,2142,2
46,676,32
46,2143,5
46,2144,4
46,1770,13
46,2159,4
46,183,8
46,671,21
46,2161,2
46,2160,8
46,2233,8
46,532,9
46,2234,13
46,533,22
46,657,11
46,2245,2
46,426,4
46,1530,3
46,1560,5
46,677,20
46,2291,3
46,171,7
46,2293,3
46,1993,2
46,92,3
46,2318,4
46,2319,4
46,2348,2
46,2349,3
46,851,2
46,2374,7
46,934,4
46,2376,6
46,2391,5
46,2393,7
46,2394,3
46,2395,8
46,2397,6
46,2402,6
46,2401,4
46,2406,3
46,2392,3
46,2407,2
46,2398,2
46,2399,4
46,2408,5
46,2400,4
46,2409,3
46,422,4
46,2410,2
46,419,3
46,2411,2
46,563,2
46,1656,3
46,856,2
46,2413,2
46,2412,2
46,1874,2
46,868,19
46,706,2
46,707,3
46,2428,2
46,2429,2
46,2430,3
46,2431,3
46,2432,2
46,2433,2
46,1087,2
46,2450,8
46,928,2
46,2517,4
46,2365,9
46,162,2
46,846,7
46,163,14
46,878,10
46,2539,3
46,2471,2
46,2540,2
46,882,3
46,884,3
46,853,5
46,983,6
46,231,9
46,951,2
46,1658,2
46,2298,4
46,576,3
46,2670,3
46,874,3
46,2671,3
46,105,9
46,2688,14
46,1443,2
46,2710,4
46,325,16
46,2726,2
46,1124,3
46,2624,5
46,2625,4
46,1546,4
46,1650,2
46,1675,3
46,678,2
46,2826,2
46,2827,2
46,2828,2
46,1928,2
46,2829,2
46,2830,2
46,2831,2
46,2832,2
46,2833,2
46,2834,2
46,2835,3
46,2836,2
46,2837,2
46,2838,2
46,2839,2
46,2191,7
46,1455,2
46,2840,2
46,2841,2
46,2842,2
46,2843,2
46,2844,2
46,2845,2
46,313,9
46,2846,2
46,2847,2
46,2848,2
46,2849,2
46,2850,2
46,2851,2
46,2852,2
46,2853,2
46,2854,2
46,2855,2
46,2856,2
46,764,12
46,2907,2
46,2951,2
46,305,2
46,115,2
46,2981,2
46,2982,2
46,2983,2
46,2984,2
46,440,15
46,156,7
46,704,2
46,158,6
46,732,2
46,2482,2
46,3121,3
46,3138,2
46,3139,2
46,3168,2
46,1213,8
46,1523,2
46,1576,11
46,3222,3
46,299,5
46,2368,3
46,3224,5
46,82,15
46,724,27
46,485,12
46,3225,8
46,3226,7
46,219,9
46,3227,10
46,2616,7
46,3228,7
46,1456,8
46,1525,7
46,3229,4
46,931,11
46,864,31
46,3308,3
46,433,2
46,771,11
46,3309,3
46,1839,2
46,2044,3
46,3310,3
46,543,7
46,1989,9
46,2079,5
46,3028,12
46,3484,4
46,3485,4
46,3486,4
46,2501,4
46,3126,8
46,3487,5
46,3488,6
46,3489,3
46,3490,5
46,3491,6
46,312,7
46,3568,2
46,1110,4
46,106,2
46,3631,4
46,2132,11
46,1376,10
46,2776,2
46,3667,7
46,1639,5
46,2036,2
46,3685,21
46,1174,2
46,3592,17
46,3674,2
46,3666,22
46,3693,2
46,3560,2
46,973,2
46,3694,3
46,1454,33
46,3696,16
46,3700,6
46,1559,7
46,3681,6
46,664,8
46,263,7
46,3825,3
46,2330,2
46,3827,4
46,3828,16
46,3829,2
46,3831,3
46,1923,2
46,3834,2
46,3789,4
46,3856,2
46,1091,2
46,441,3
46,326,5
46,3935,5
46,3936,4
46,182,4
46,3985,3
46,3986,7
46,2861,29
46,3596,12
46,3598,11
46,3920,3
46,3921,3
46,4024,3
46,3922,3
46,3923,3
46,1988,3
46,3551,5
46,4025,2
46,2746,5
46,3465,3
46,3924,3
46,3926,3
46,3552,5
46,1709,5
46,3927,4
46,1426,3
46,228,51
46,4121,2
46,4206,6
46,3802,3
46,1652,5
46,2355,14
46,917,12
46,4211,3
46,3801,3
46,449,6
46,4212,2
46,4213,3
46,946,10
46,4214,10
46,1361,9
46,4238,6
46,4239,7
46,4240,3
46,2359,5
46,4233,2
46,4234,2
46,836,9
46,4232,2
46,1088,2
46,2129,3
46,1171,4
46,2459,11
46,3000,2
46,4252,2
46,4265,2
46,4253,2
46,2447,2
46,4266,2
46,4267,3
46,4270,2
46,3833,9
46,1783,2
46,4300,6
46,429,3
46,431,5
46,4273,3
46,4301,4
46,4304,2
46,4302,3
46,1334,4
46,1389,4
46,4303,5
46,4310,3
46,4311,2
46,1084,5
46,1194,6
46,4321,6
46,4322,5
46,4323,6
46,899,3
46,4324,6
46,3633,7
46,4325,7
46,4326,6
46,4327,5
46,1197,7
46,4328,6
46,4329,6
46,4259,6
46,4330,7
46,4331,7
46,4332,7
46,4218,6
46,2284,7
46,4352,2
46,1271,2
46,123,2
46,4367,9
46,4368,5
46,4369,4
46,3835,4
46,4366,2
46,3836,5
46,4375,6
46,4374,5
46,3679,2
46,3682,4
46,4373,2
46,4376,2
46,1044,3
46,4377,2
46,2047,2
46,4380,6
46,4395,2
46,4396,3
46,4402,3
46,4415,5
46,4416,3
46,4400,3
46,4418,2
46,2928,5
46,4419,3
46,4426,2
46,4427,4
46,4430,6
46,4414,2
46,3832,2
46,869,2
46,4438,2
46,4439,3
46,202,2
46,688,3
46,4441,3
46,4442,4
46,4443,2
46,4446,3
46,4447,2
46,4448,4
46,4449,3
46,4262,7
46,4457,2
46,2535,2
46,3203,2
46,4386,4
46,4385,2
46,1080,4
46,4479,2
46,4494,3
46,4501,3
46,4564,2
46,4594,2
46,4595,2
46,4596,3
46,4597,2
46,4598,2
46,4599,2
46,1364,10
46,3837,3
46,1822,4
46,3336,3
46,4646,2
46,4650,3
46,4651,6
46,4652,12
46,4653,2
46,4654,5
46,4655,2
46,4656,2
46,2925,2
46,4709,41
46,4722,2
46,4720,2
46,4723,2
46,4742,3
46,1678,3
46,4736,3
46,4738,3
46,1547,2
46,750,5
46,4754,2
46,1232,4
46,1235,4
46,901,2
46,4809,9
46,3871,10
46,1249,6
46,4775,7
46,615,3
46,4857,6
46,696,8
46,4859,2
46,4860,2
46,4861,2
46,1117,3
46,4862,3
46,1276,2
46,4868,2
46,4869,6
46,4870,2
46,4871,6
46,4872,5
46,4155,6
46,4873,6
46,4874,4
46,4875,6
46,4878,2
46,4879,2
46,3514,2
46,2980,2
46,4891,2
46,4461,2
46,4980,2
46,4981,2
46,4982,3
46,4983,2
46,4996,4
46,2019,2
46,5061,4
46,102,2
46,5098,10
46,877,4
46,4977,4
46,5103,16
46,5110,2
46,1653,2
46,3408,3
46,3758,2
46,5120,4
46,5126,3
46,5127,4
46,5129,2
46,5141,2
46,4189,3
46,2367,3
46,5142,3
46,5183,2
46,5184,3
46,174,3
46,3793,3
46,5256,2
46,5257,2
46,5297,4
46,5298,3
46,5304,2
46,5345,2
46,5346,2
46,838,2
46,5347,2
46,1377,4
46,1987,3
46,5397,3
46,5398,3
46,2200,3
46,4363,3
46,5399,3
46,5407,2
46,5408,2
46,5409,2
46,5410,2
46,5411,2
46,3197,4
46,5414,8
46,5415,3
46,5416,4
46,5417,5
46,5418,3
46,5421,3
46,5419,4
46,5420,5
46,5427,2
46,2784,3
46,3304,8
46,5428,2
46,5431,2
46,5413,2
46,5432,2
46,5433,4
46,5434,5
46,5435,8
46,5436,10
46,1103,6
46,2369,6
46,5437,4
46,5438,3
46,5440,2
46,5439,2
46,5441,2
46,5442,2
46,5451,3
46,1341,3
46,1451,6
46,5488,9
46,4734,5
46,2915,2
46,5493,7
46,5495,2
46,5494,4
46,5502,6
46,3350,3
46,5503,4
46,5504,2
46,5505,4
46,5518,3
46,5519,2
46,5521,4
46,5523,3
46,5529,2
46,5531,2
46,5530,2
46,5532,2
46,5533,5
46,3013,2
46,5536,2
46,5537,13
46,5538,10
46,5539,2
46,295,2
46,5540,2
46,1980,6
46,1737,2
46,5541,2
46,5542,2
46,5543,2
46,5544,2
46,5545,2
46,5546,2
46,4672,2
46,5547,2
46,5548,13
46,5549,3
46,5550,2
46,1982,6
46,3569,5
46,5534,4
46,5552,2
46,3656,2
46,1138,2
46,5562,2
46,5563,2
46,5566,2
46,5574,6
46,886,6
46,2034,6
46,5573,5
46,5553,5
46,2916,5
46,5554,5
46,2427,3
46,2360,2
46,5160,3
46,5581,2
46,4275,2
46,5605,4
46,5606,3
46,2064,3
46,5609,2
46,2648,2
46,5648,2
46,5654,2
46,5649,2
46,5650,2
46,5656,2
46,5651,2
46,5652,2
47,48,16
47,82,6
47,162,2
47,163,3
47,164,6
47,168,3
47,72,65
47,165,3
47,167,4
47,187,2
47,176,6
47,301,5
47,355,5
47,356,4
47,445,5
47,499,5
47,844,2
47,114,13
47,617,3
47,845,4
47,207,2
47,632,3
47,858,4
47,128,2
47,275,2
47,853,4
47,230,26
47,116,20
47,863,2
47,796,4
47,908,3
47,637,7
47,432,43
47,273,3
47,1028,6
47,1029,9
47,84,5
47,297,17
47,374,5
47,375,3
47,177,4
47,351,4
47,1013,4
47,983,4
47,1049,4
47,1063,2
47,306,18
47,120,13
47,197,7
47,946,2
47,372,2
47,373,3
47,421,4
47,1270,3
47,243,5
47,577,3
47,286,4
47,175,8
47,604,5
47,456,3
47,287,14
47,344,6
47,554,3
47,248,7
47,1287,2
47,667,10
47,1286,2
47,430,7
47,1313,5
47,1314,7
47,1327,3
47,95,6
47,698,3
47,901,2
47,1350,2
47,239,11
47,443,8
47,1352,2
47,1353,2
47,1358,2
47,1354,3
47,930,2
47,184,15
47,383,4
47,393,3
47,402,2
47,51,4
47,1393,3
47,878,4
47,250,3
47,223,2
47,173,9
47,551,3
47,1306,2
47,1429,2
47,1431,3
47,1432,2
47,1430,3
47,117,5
47,126,3
47,458,4
47,483,10
47,127,5
47,1433,2
47,552,2
47,342,11
47,1434,2
47,619,2
47,1435,2
47,1309,2
47,620,2
47,1437,3
47,454,3
47,1632,15
47,1125,2
47,1633,11
47,1682,2
47,1684,3
47,217,2
47,1705,8
47,1706,4
47,269,8
47,309,5
47,1707,4
47,1708,4
47,1175,3
47,1709,4
47,1710,4
47,258,2
47,222,10
47,1762,12
47,1764,9
47,1763,11
47,1818,2
47,1794,15
47,219,2
47,99,4
47,337,8
47,1560,2
47,1053,2
47,1456,9
47,1912,2
47,1913,2
47,1914,2
47,1194,2
47,1915,2
47,100,2
47,1916,2
47,1196,3
47,1087,2
47,982,2
47,1197,2
47,735,7
47,1953,12
47,1479,2
47,60,5
47,1983,7
47,185,6
47,736,8
47,502,3
47,144,3
47,503,2
47,150,4
47,152,2
47,359,4
47,145,5
47,1548,2
47,1095,2
47,492,5
47,493,2
47,146,5
47,147,6
47,705,3
47,149,3
47,2112,2
47,2113,2
47,2114,2
47,2115,3
47,2116,2
47,2117,2
47,1460,10
47,2118,3
47,2119,2
47,1587,4
47,2120,2
47,2121,2
47,2122,3
47,2181,4
47,2182,8
47,655,4
47,2183,4
47,764,4
47,1338,2
47,2208,2
47,332,5
47,1525,12
47,61,5
47,1578,5
47,1962,2
47,899,3
47,949,2
47,260,7
47,565,3
47,563,3
47,914,2
47,1871,2
47,202,3
47,2592,7
47,50,7
47,2593,6
47,2594,6
47,2595,5
47,2596,6
47,2597,6
47,2598,6
47,2599,6
47,2600,6
47,2601,6
47,94,7
47,2602,6
47,2603,5
47,2604,5
47,2605,6
47,294,6
47,2606,5
47,2607,6
47,657,6
47,1055,2
47,510,2
47,571,3
47,93,6
47,2714,2
47,104,4
47,2259,4
47,711,2
47,325,3
47,277,11
47,308,4
47,2659,4
47,1449,6
47,2388,2
47,1792,2
47,928,3
47,2479,7
47,2808,2
47,1522,2
47,1523,9
47,1945,2
47,2882,2
47,2883,2
47,2734,2
47,2007,5
47,3096,4
47,2006,5
47,367,5
47,606,5
47,1835,9
47,1169,3
47,1170,4
47,2609,2
47,3205,2
47,3206,2
47,715,2
47,3008,2
47,3196,2
47,3009,2
47,3207,2
47,3208,2
47,3372,2
47,3373,2
47,298,2
47,3410,3
47,3411,4
47,3412,2
47,133,2
47,3582,2
47,3302,2
47,3587,2
47,3588,2
47,3589,2
47,3590,2
47,261,7
47,3615,4
47,3606,3
47,3616,4
47,3617,4
47,3618,2
47,291,8
47,3619,2
47,3620,2
47,768,9
47,3608,6
47,360,4
47,3651,2
47,3665,3
47,2861,5
47,3907,6
47,2585,7
47,485,5
47,2875,3
47,3870,2
47,1326,8
47,1733,3
47,814,7
47,1874,2
47,1875,5
47,471,2
47,4019,2
47,1968,2
47,1141,2
47,590,2
47,1639,2
47,4020,2
47,1143,2
47,4077,4
47,451,7
47,4079,4
47,4080,4
47,4081,2
47,4082,4
47,4083,3
47,700,3
47,426,2
47,1222,2
47,4098,2
47,4139,2
47,924,3
47,4143,3
47,4144,3
47,2215,3
47,2591,3
47,1550,3
47,213,4
47,326,5
47,809,5
47,536,8
47,4333,3
47,453,3
47,962,5
47,4335,2
47,4336,2
47,4339,2
47,329,2
47,2900,2
47,1769,3
47,4340,3
47,330,3
47,425,4
47,4341,3
47,767,3
47,587,3
47,718,3
47,341,3
47,1865,5
47,813,8
47,1481,2
47,1425,13
47,4343,21
47,4344,8
47,4345,6
47,2244,2
47,4358,9
47,1869,6
47,3360,14
47,1722,2
47,1454,3
47,4374,2
47,3682,2
47,3833,2
47,440,2
47,1183,2
47,3986,2
47,1163,2
47,3837,4
47,4482,10
47,4483,5
47,4484,6
47,4485,3
47,3358,4
47,4486,8
47,1911,3
47,1509,4
47,1154,4
47,3861,2
47,4172,2
47,376,2
47,4657,2
47,157,3
47,4814,2
47,1203,2
47,2890,2
47,2544,3
47,4828,3
47,4829,4
47,4830,5
47,4831,2
47,1186,2
47,371,2
47,806,2
47,658,3
47,1375,9
47,4858,2
47,4866,2
47,1103,4
47,135,2
47,5046,2
47,5047,2
47,2549,2
47,388,2
47,682,2
47,2026,2
47,307,2
47,391,2
47,1870,2
47,1860,2
47,5157,3
47,5158,2
47,4931,6
47,5159,3
47,5175,3
47,5177,2
47,5187,2
47,1146,2
47,5185,2
47,2869,2
47,5186,2
47,5238,2
47,5351,2
47,615,2
47,4354,2
47,5448,2
47,2486,2
47,2824,2
47,4259,2
47,896,2
47,5449,2
47,5450,2
47,795,6
47,1756,2
47,5478,3
47,5573,3
47,5574,3
47,886,3
47,2427,3
47,105,3
47,1005,2
47,2459,3
47,800,3
47,5553,2
47,2916,3
47,3789,3
47,2360,2
47,5554,3
47,2034,3
47,5160,3
47,5581,2
47,2539,2
47,5582,2
47,4275,2
47,3871,2
48,80,2
48,112,2
48,156,7
48,157,5
48,158,5
48,262,2
48,179,2
48,261,71
48,277,32
48,278,5
48,281,8
48,282,2
48,72,28
48,204,26
48,209,15
48,471,8
48,230,22
48,255,12
48,472,9
48,95,8
48,496,3
48,673,2
48,729,3
48,730,3
48,731,2
48,432,8
48,185,13
48,285,7
48,1246,4
48,1206,3
48,1266,3
48,1215,2
48,1216,2
48,1087,5
48,1075,2
48,1291,2
48,88,2
48,1292,5
48,1293,2
48,1312,3
48,1448,3
48,1449,30
48,946,3
48,273,8
48,1028,6
48,1029,6
48,1711,2
48,667,5
48,297,15
48,1391,7
48,198,2
48,1809,2
48,1685,13
48,2644,3
48,1536,3
48,171,2
48,2673,2
48,2674,2
48,2675,2
48,2676,2
48,2677,3
48,1752,2
48,2678,2
48,2684,2
48,2679,2
48,2058,4
48,2680,2
48,1193,3
48,724,4
48,2700,3
48,2374,2
48,187,4
48,308,2
48,2745,12
48,87,6
48,2742,4
48,1209,10
48,2659,48
48,2741,3
48,2733,2
48,764,19
48,2891,10
48,2897,2
48,443,4
48,2892,5
48,2893,11
48,2894,8
48,2898,2
48,2895,5
48,2896,9
48,197,3
48,2908,7
48,2909,3
48,2910,8
48,1155,2
48,2911,6
48,676,5
48,581,20
48,2918,2
48,426,4
48,3001,3
48,3002,3
48,677,16
48,1097,15
48,81,10
48,301,18
48,3005,18
48,193,20
48,3042,4
48,3043,5
48,3044,2
48,2294,2
48,1350,2
48,2253,2
48,1533,2
48,3118,2
48,3119,2
48,1855,2
48,3172,2
48,797,2
48,1210,2
48,1814,2
48,1353,2
48,2276,2
48,1534,2
48,116,7
48,1354,2
48,415,2
48,381,2
48,3034,4
48,3383,8
48,3384,7
48,3387,6
48,3396,2
48,2251,3
48,3405,3
48,1601,2
48,1654,3
48,184,3
48,844,3
48,1165,2
48,1309,2
48,60,5
48,355,12
48,3717,11
48,445,12
48,3718,11
48,313,10
48,3719,5
48,3720,10
48,173,10
48,3722,4
48,3721,10
48,781,6
48,2924,3
48,3792,2
48,3821,2
48,3822,2
48,3823,4
48,3068,2
48,3848,4
48,3849,3
48,587,4
48,3850,5
48,3851,4
48,3852,4
48,3853,4
48,3854,2
48,935,2
48,3855,2
48,430,5
48,114,2
48,3860,2
48,3861,3
48,3862,4
48,1227,8
48,3866,3
48,3867,2
48,3875,2
48,3876,4
48,3894,2
48,2501,2
48,3228,4
48,965,6
48,878,3
48,853,3
48,1874,2
48,1875,4
48,1927,9
48,608,4
48,1989,5
48,4172,2
48,4462,2
48,4461,2
48,2729,2
48,3837,11
48,4482,7
48,4483,6
48,4484,5
48,4485,3
48,606,6
48,3358,4
48,4486,7
48,1911,4
48,1509,6
48,1154,3
48,4500,7
48,316,2
48,750,4
48,344,8
48,4747,3
48,4753,2
48,51,2
48,146,3
48,147,3
48,342,4
48,2861,6
48,5311,7
48,3517,3
48,5312,3
48,3681,2
48,1399,5
48,5313,2
48,5314,2
48,5305,3
48,5306,3
48,5307,3
48,5308,2
48,4940,3
48,2270,3
48,771,4
48,5327,3
48,5328,8
48,5329,4
48,5330,4
48,5333,3
48,3682,2
48,5390,2
48,5391,4
48,5392,5
48,206,8
48,5393,3
48,4257,4
48,1377,4
48,5395,2
48,3336,8
48,5473,6
48,207,6
48,5475,2
48,5527,2
48,3529,2
48,5528,2
48,4356,2
48,5583,2
48,388,3
48,706,5
48,5640,5
48,5641,4
48,5642,4
48,5643,4
48,5644,4
48,1359,4
48,5645,4
49,50,8
49,51,9
49,52,7
49,53,7
49,54,9
49,55,9
49,56,9
49,57,15
49,58,18
49,59,7
49,60,11
49,61,7
49,62,8
49,89,7
49,2045,5
49,1401,2
49,1133,2
49,2701,2
49,673,2
49,2702,2
49,2703,2
49,2704,2
49,2705,2
50,51,8
50,52,7
50,53,7
50,54,7
50,55,8
50,56,7
50,57,8
50,58,8
50,59,7
50,60,8
50,61,6
50,62,7
50,89,6
50,2592,6
50,2593,5
50,2594,5
50,2595,4
50,2596,5
50,2597,5
50,2598,5
50,2599,5
50,2600,5
50,2601,5
50,342,5
50,94,6
50,2602,5
50,1460,6
50,2603,5
50,2604,5
50,114,6
50,2605,6
50,294,5
50,306,6
50,120,6
50,2606,4
50,2607,5
50,736,3
50,657,4
51,52,7
51,53,7
51,54,8
51,55,9
51,56,8
51,57,9
51,58,9
51,59,7
51,60,10
51,61,6
51,62,7
51,89,6
51,134,3
51,343,24
51,344,56
51,345,2
51,325,13
51,595,6
51,558,6
51,448,6
51,559,4
51,560,6
51,681,5
51,440,15
51,750,11
51,197,5
51,340,2
51,1676,3
51,1270,2
51,1271,2
51,341,2
51,1918,8
51,337,17
51,1059,10
51,1919,4
51,1920,8
51,1921,8
51,72,32
51,82,2
51,144,2
51,150,2
51,146,4
51,147,3
51,899,3
51,239,6
51,2468,4
51,375,2
51,1776,2
51,104,2
51,306,17
51,120,18
51,258,3
51,230,19
51,2926,8
51,3202,2
51,3200,3
51,112,3
51,740,3
51,3707,2
51,2251,4
51,95,5
51,4101,3
51,133,4
51,4102,3
51,2376,4
51,4108,9
51,3592,3
51,3696,2
51,4109,2
51,371,2
51,297,3
51,571,3
51,2298,2
51,67,3
51,2365,13
51,291,2
51,114,8
51,4247,2
51,2711,2
51,4248,2
51,1926,2
51,436,2
51,4249,2
51,499,2
51,4297,2
51,629,2
51,4298,2
51,3655,3
51,2459,2
51,287,4
51,443,4
51,301,7
51,1401,15
51,4059,4
51,3551,2
51,4370,3
51,555,3
51,3170,3
51,2746,3
51,260,9
51,3552,2
51,4356,3
51,1205,2
51,4428,4
51,4429,2
51,863,11
51,996,10
51,2022,2
51,279,12
51,167,14
51,563,2
51,342,15
51,637,2
51,698,2
51,3166,2
51,4487,3
51,3625,2
51,1530,2
51,2375,2
51,4488,3
51,872,3
51,116,5
51,2506,2
51,4479,3
51,4480,3
51,2283,5
51,983,12
51,4667,4
51,4668,5
51,2195,5
51,2861,6
51,4669,4
51,2381,5
51,604,5
51,4674,4
51,4677,3
51,421,3
51,4678,3
51,4748,3
51,426,2
51,149,2
51,4747,2
51,261,3
51,1547,3
51,4773,2
51,228,6
51,4774,4
51,4775,10
51,4776,4
51,867,4
51,3871,10
51,248,2
51,1249,7
51,1213,6
51,4809,6
51,699,5
51,3693,3
51,269,15
51,4880,6
51,4881,6
51,4882,9
51,4883,5
51,171,2
51,4827,2
51,394,9
51,3969,11
51,185,9
51,281,10
51,1685,11
51,4964,2
51,724,3
51,3638,3
51,1706,6
51,4992,2
51,1443,2
51,1705,4
51,2127,2
51,1031,5
51,5055,5
51,1901,4
51,1708,4
51,3362,2
51,2784,2
51,5292,3
51,3724,3
51,355,3
51,5296,2
51,2286,3
51,5293,2
51,2322,3
51,3344,3
51,5294,3
51,2763,3
51,1522,2
51,1120,2
51,5295,3
51,3457,3
51,2331,3
51,1323,3
51,868,2
51,1857,2
51,5365,2
51,531,2
51,5366,2
52,53,7
52,54,7
52,55,7
52,56,7
52,57,7
52,58,7
52,59,7
52,60,7
52,61,6
52,62,7
52,89,6
53,54,7
53,55,7
53,56,7
53,57,7
53,58,7
53,59,7
53,60,7
53,61,6
53,62,7
53,89,6
54,55,8
54,56,9
54,57,9
54,58,9
54,59,7
54,60,9
54,61,7
54,62,7
54,89,7
55,56,8
55,57,18
55,58,18
55,59,7
55,60,9
55,61,6
55,62,7
55,89,6
55,98,2
55,113,3
55,2444,6
55,2445,6
55,222,4
55,983,9
55,1103,9
55,260,9
55,2446,9
55,2560,7
55,2058,7
55,2561,4
55,2061,3
55,2564,2
56,57,15
56,58,18
56,59,7
56,60,9
56,61,7
56,62,7
56,89,7
56,4252,8
56,4253,7
56,2061,7
56,323,9
56,4265,2
56,2447,3
56,4266,2
56,4267,3
56,657,2
56,4270,2
57,58,61
57,59,7
57,60,10
57,61,7
57,62,7
57,89,7
57,98,2
57,113,9
57,230,3
57,2045,10
57,2061,12
57,2062,3
57,2444,9
57,946,25
57,2445,6
57,222,4
57,983,10
57,1103,12
57,260,9
57,2447,4
57,2446,10
57,2058,29
57,2560,7
57,2561,4
57,502,2
57,144,2
57,149,2
57,150,2
57,152,2
57,145,2
57,146,2
57,147,2
57,2564,2
57,4252,6
57,4253,5
57,323,6
58,59,7
58,60,11
58,61,7
58,62,8
58,89,7
58,98,2
58,113,9
58,810,2
58,811,2
58,812,2
58,813,3
58,814,2
58,946,28
58,2045,9
58,2061,13
58,2062,3
58,2444,9
58,2445,6
58,222,5
58,983,10
58,1103,12
58,260,9
58,2447,7
58,2446,10
58,2058,29
58,2560,7
58,2561,4
58,230,4
58,502,2
58,144,4
58,149,3
58,150,2
58,152,2
58,359,2
58,145,2
58,1095,2
58,492,2
58,493,2
58,146,5
58,147,5
58,2564,2
58,1670,3
58,1401,2
58,1133,2
58,2701,2
58,673,2
58,2702,2
58,2703,2
58,2704,2
58,2705,2
58,516,2
58,239,3
58,351,4
58,3157,8
58,432,2
58,565,4
58,3558,4
58,3557,3
58,4252,8
58,4253,7
58,323,9
58,4265,2
58,4266,2
58,4267,3
58,657,3
58,4270,2
59,60,7
59,61,6
59,62,7
59,89,6
60,61,7
60,62,8
60,89,7
60,342,5
60,116,2
60,1955,3
60,1956,3
60,1957,4
60,1958,3
60,1959,4
60,464,4
60,1960,2
60,72,8
60,1479,7
60,173,3
60,1389,4
60,432,5
60,349,3
60,1997,2
60,1998,2
60,1999,2
60,673,3
60,2000,2
60,2001,2
60,2002,2
60,536,2
60,1137,2
60,1863,2
60,844,2
60,3647,2
60,3648,2
60,3649,2
60,184,2
60,3651,2
60,1654,2
60,3088,2
60,398,2
60,850,2
60,2011,2
60,2156,2
60,1442,2
60,3200,3
60,3650,2
60,534,2
60,389,2
60,1394,9
60,1395,9
60,337,9
60,1905,8
60,4185,5
60,1396,9
60,2463,7
60,4164,7
60,4196,3
60,4197,3
60,4198,2
60,4207,3
60,297,5
60,3837,4
60,277,4
60,4482,4
60,4483,4
60,1028,3
60,1029,4
60,667,3
60,4484,4
60,4485,3
60,606,4
60,3358,3
60,430,4
60,4486,4
60,1911,4
60,1509,3
61,62,6
61,89,6
61,337,9
61,899,7
61,1578,11
61,432,8
61,2221,2
61,1962,2
61,213,2
61,1375,5
61,344,6
61,840,2
61,4971,5
61,905,2
62,89,6
62,1729,2
62,72,27
62,931,8
62,1141,16
62,2359,7
62,164,9
62,2354,5
62,279,10
62,2360,3
62,594,6
62,864,2
62,2361,2
62,590,3
62,92,3
62,2365,4
62,533,2
62,2355,3
62,2366,2
62,1143,9
62,2368,3
62,2369,2
62,344,2
62,2727,3
62,187,3
62,188,2
62,301,3
62,3533,2
62,175,3
62,797,3
62,3535,2
62,190,2
62,443,3
62,3536,2
62,3537,2
62,373,3
62,421,2
62,260,3
62,3538,2
62,3539,2
62,3540,2
62,2732,2
62,3541,2
62,192,2
62,1447,3
62,193,2
62,3543,2
62,3661,4
62,2358,2
62,2129,5
62,2766,2
62,3662,2
62,2036,2
62,3663,2
62,866,3
62,3664,3
62,1649,3
62,165,4
62,4230,2
62,4231,3
62,228,3
62,133,3
62,1142,3
62,4232,4
62,4233,3
62,4234,4
62,4235,2
62,4236,2
62,4237,2
62,4240,3
62,1088,2
62,3006,2
62,4257,2
62,4564,2
62,5053,4
62,5054,2
62,1005,2
62,1639,2
63,64,9
63,65,7
63,66,6
63,67,10
63,68,5
63,69,8
63,70,7
63,71,6
63,72,14
63,73,9
63,74,8
63,75,10
63,76,6
63,77,2
63,78,4
63,79,4
63,139,3
63,140,2
63,159,2
63,116,7
63,160,2
63,204,5
63,3670,5
63,197,5
63,3671,5
63,3672,5
63,3673,5
63,3592,5
63,185,5
63,3674,5
63,3675,4
63,312,5
63,1287,5
63,694,5
63,3676,4
63,315,5
63,1163,5
63,3677,5
63,3678,5
63,1989,5
63,3679,4
63,3680,4
63,1182,5
63,3681,2
63,3682,4
63,3666,5
63,3683,5
63,3684,4
63,1168,4
63,2477,5
63,351,2
64,65,8
64,66,7
64,67,11
64,68,9
64,69,9
64,70,9
64,71,7
64,72,12
64,73,11
64,74,9
64,75,11
64,76,8
64,77,2
64,78,7
64,79,6
64,141,4
64,139,4
64,142,5
64,140,2
64,159,3
64,116,3
64,160,2
64,1332,2
64,340,3
64,419,3
64,1333,3
64,589,3
64,429,3
64,342,3
64,443,2
64,422,3
64,431,3
64,1019,3
64,294,3
64,1334,3
64,341,2
64,1388,2
64,664,2
64,583,2
64,1389,2
64,370,2
65,66,6
65,67,8
65,68,6
65,69,8
65,70,6
65,71,6
65,72,8
65,73,8
65,74,7
65,75,8
65,76,5
65,77,2
65,78,5
65,79,5
65,139,2
65,140,2
65,159,2
65,116,2
65,160,2
66,67,7
66,68,6
66,69,6
66,70,7
66,71,6
66,72,7
66,73,7
66,74,6
66,75,7
66,76,6
66,77,2
66,78,5
66,79,5
66,140,2
67,68,8
67,69,10
67,70,10
67,71,7
67,72,14
67,73,11
67,74,9
67,75,13
67,76,8
67,77,2
67,78,5
67,79,6
67,137,5
67,139,23
67,142,2
67,140,2
67,159,3
67,116,7
67,160,2
67,1401,11
67,349,6
67,175,2
67,445,2
67,1066,2
67,239,16
67,426,8
67,1530,4
67,342,6
67,2260,6
67,442,4
67,2063,5
67,2278,3
67,796,2
67,106,2
67,260,2
67,962,2
67,136,3
67,1289,2
67,453,2
67,230,21
67,764,2
67,706,2
67,2672,2
67,708,2
67,863,2
67,306,2
67,4917,18
67,4918,18
67,4919,6
67,4920,17
67,197,3
67,4922,2
67,3856,2
67,443,14
67,5364,2
67,5365,2
67,344,3
67,531,2
67,5366,8
67,5568,15
67,4148,7
67,5569,12
67,5570,11
67,5571,13
67,5603,2
67,3094,2
67,2784,7
67,458,5
67,5621,2
67,5624,3
67,5625,2
68,69,6
68,70,6
68,71,6
68,72,13
68,73,6
68,74,5
68,75,6
68,76,5
68,77,2
68,78,15
68,79,9
68,141,4
68,143,2
68,142,4
68,140,2
68,301,7
68,342,14
68,351,7
68,1332,2
68,340,3
68,419,4
68,1333,3
68,589,3
68,429,3
68,443,4
68,422,4
68,431,3
68,1019,3
68,294,3
68,1334,3
68,341,2
68,1388,2
68,349,4
68,664,3
68,583,2
68,1389,2
68,370,2
68,117,5
68,1509,2
68,480,4
68,2659,2
68,1607,2
68,456,2
68,116,5
68,2980,2
68,4891,2
68,441,2
69,70,7
69,71,6
69,72,9
69,73,9
69,74,7
69,75,10
69,76,6
69,77,2
69,78,5
69,79,5
69,139,3
69,142,2
69,140,2
69,159,3
69,116,2
69,160,2
70,71,7
70,72,13
70,73,9
70,74,7
70,75,10
70,76,15
70,77,2
70,78,5
70,79,5
70,141,2
70,139,3
70,142,2
70,140,2
70,615,8
70,239,2
70,349,2
70,342,3
70,1775,2
70,2135,2
70,2152,2
70,2153,2
70,3701,3
70,3702,4
70,1426,4
70,2775,3
70,3703,3
70,4952,2
70,260,2
71,72,7
71,73,7
71,74,6
71,75,7
71,76,6
71,77,2
71,78,5
71,79,5
71,139,2
71,140,2
72,73,11
72,74,9
72,75,17
72,76,10
72,77,2
72,78,11
72,79,6
72,99,10
72,101,12
72,103,6
72,104,10
72,102,4
72,115,4
72,116,127
72,133,39
72,141,9
72,139,4
72,148,2
72,143,8
72,144,10
72,149,15
72,150,15
72,151,6
72,152,8
72,145,10
72,153,2
72,146,21
72,147,36
72,142,4
72,140,2
72,159,3
72,160,2
72,162,4
72,163,24
72,164,68
72,168,4
72,166,3
72,165,50
72,167,65
72,169,2
72,172,3
72,175,88
72,178,5
72,176,8
72,114,48
72,179,2
72,180,4
72,173,58
72,177,12
72,171,16
72,95,75
72,174,9
72,185,89
72,186,3
72,204,22
72,205,8
72,197,137
72,206,16
72,207,11
72,208,8
72,209,11
72,198,23
72,211,5
72,210,5
72,228,72
72,229,5
72,230,151
72,231,14
72,232,3
72,233,2
72,236,2
72,234,3
72,237,4
72,235,2
72,238,2
72,247,3
72,248,73
72,249,6
72,250,14
72,251,2
72,253,3
72,127,27
72,255,2
72,256,8
72,258,27
72,259,3
72,273,6
72,274,10
72,275,42
72,276,5
72,277,12
72,278,30
72,280,12
72,281,5
72,279,20
72,261,28
72,283,2
72,92,25
72,286,13
72,184,96
72,287,68
72,288,4
72,289,3
72,295,4
72,296,3
72,298,7
72,297,71
72,299,10
72,317,3
72,318,3
72,319,2
72,320,2
72,321,2
72,322,2
72,323,29
72,324,4
72,306,45
72,120,37
72,325,18
72,332,26
72,355,29
72,356,15
72,358,6
72,359,12
72,328,9
72,349,57
72,342,160
72,329,7
72,360,3
72,330,10
72,292,3
72,293,3
72,294,12
72,340,18
72,367,14
72,371,23
72,394,2
72,395,4
72,368,2
72,84,15
72,405,2
72,396,2
72,308,9
72,407,2
72,383,41
72,410,2
72,372,5
72,373,18
72,380,3
72,374,25
72,375,39
72,389,5
72,388,14
72,376,7
72,398,5
72,399,3
72,390,5
72,409,2
72,391,7
72,392,10
72,369,2
72,393,4
72,366,11
72,377,4
72,400,3
72,411,6
72,401,2
72,402,5
72,406,2
72,416,2
72,417,2
72,408,2
72,415,10
72,370,2
72,378,6
72,381,14
72,379,4
72,290,6
72,291,15
72,452,2
72,459,3
72,221,9
72,463,16
72,460,28
72,461,2
72,462,4
72,464,13
72,456,20
72,457,17
72,466,2
72,469,5
72,475,14
72,470,2
72,482,3
72,117,43
72,430,18
72,483,23
72,535,22
72,536,18
72,432,59
72,538,3
72,315,33
72,539,2
72,540,4
72,551,10
72,552,6
72,553,8
72,555,6
72,554,9
72,556,2
72,567,5
72,568,3
72,569,3
72,344,52
72,570,2
72,571,7
72,572,5
72,573,8
72,574,7
72,579,2
72,580,7
72,581,7
72,576,6
72,587,3
72,611,2
72,612,4
72,603,3
72,604,17
72,605,2
72,606,29
72,607,9
72,608,31
72,609,3
72,610,3
72,615,9
72,616,2
72,617,8
72,618,3
72,621,2
72,619,2
72,620,4
72,622,7
72,623,4
72,625,5
72,626,4
72,627,7
72,635,2
72,636,8
72,637,27
72,639,2
72,640,7
72,641,3
72,655,2
72,656,3
72,657,35
72,658,9
72,661,2
72,453,34
72,659,3
72,663,2
72,660,9
72,664,19
72,629,2
72,589,2
72,665,6
72,270,11
72,666,6
72,668,3
72,667,43
72,669,2
72,682,14
72,124,21
72,683,2
72,684,8
72,685,2
72,202,56
72,219,11
72,646,50
72,688,15
72,690,5
72,691,3
72,692,3
72,693,3
72,694,14
72,738,3
72,86,16
72,458,24
72,796,10
72,797,17
72,798,5
72,800,29
72,801,3
72,799,22
72,835,2
72,836,31
72,838,9
72,837,2
72,199,15
72,840,4
72,839,3
72,844,9
72,846,9
72,558,3
72,845,6
72,849,2
72,850,4
72,851,9
72,671,40
72,855,2
72,852,6
72,856,3
72,857,2
72,632,32
72,858,15
72,128,14
72,859,2
72,860,3
72,861,2
72,862,2
72,853,12
72,863,8
72,854,2
72,264,3
72,865,42
72,724,46
72,866,13
72,864,57
72,867,14
72,868,42
72,876,4
72,877,5
72,878,21
72,886,12
72,879,6
72,887,5
72,880,6
72,889,7
72,881,3
72,888,11
72,890,9
72,894,7
72,882,11
72,883,10
72,126,39
72,884,7
72,895,5
72,892,11
72,896,2
72,893,7
72,885,5
72,918,4
72,181,11
72,930,7
72,931,39
72,419,6
72,933,6
72,422,7
72,945,3
72,946,17
72,947,3
72,951,5
72,950,6
72,953,2
72,952,5
72,956,5
72,955,4
72,957,2
72,958,2
72,130,6
72,962,19
72,963,8
72,964,4
72,965,23
72,93,41
72,966,3
72,314,32
72,935,2
72,967,7
72,968,11
72,600,5
72,977,2
72,341,15
72,979,3
72,981,3
72,980,8
72,992,2
72,993,3
72,994,2
72,995,3
72,996,11
72,445,34
72,997,2
72,998,3
72,872,3
72,873,2
72,999,2
72,1000,2
72,443,27
72,1001,2
72,1002,4
72,1003,6
72,1004,4
72,948,18
72,1005,16
72,811,67
72,1006,13
72,1007,6
72,1008,5
72,548,18
72,1009,2
72,565,8
72,1010,6
72,1011,6
72,1012,3
72,1023,6
72,1024,16
72,1025,6
72,1026,4
72,1027,7
72,1028,2
72,1029,3
72,1030,9
72,1031,22
72,1038,3
72,1039,3
72,1040,2
72,1042,3
72,1043,3
72,1044,4
72,1065,2
72,1080,4
72,1081,2
72,1082,9
72,1085,7
72,1086,2
72,1087,13
72,532,22
72,1088,8
72,1089,6
72,1090,5
72,1091,10
72,1092,5
72,533,67
72,1093,5
72,260,88
72,1094,3
72,1099,3
72,1100,3
72,1101,2
72,1102,2
72,1103,13
72,544,2
72,1121,2
72,1122,2
72,1123,2
72,1126,3
72,1124,6
72,1125,8
72,1127,3
72,1128,3
72,1131,2
72,531,31
72,1141,79
72,1144,2
72,1142,4
72,1143,52
72,1150,15
72,1180,4
72,337,38
72,222,7
72,1181,4
72,1182,15
72,1158,2
72,1183,24
72,1159,2
72,595,16
72,1050,3
72,1161,3
72,1184,2
72,1185,3
72,1162,2
72,1194,5
72,1195,6
72,1196,3
72,1197,3
72,1198,9
72,1199,4
72,1200,2
72,1201,5
72,1208,6
72,1210,6
72,1209,3
72,1110,10
72,911,3
72,1111,4
72,1112,3
72,1113,2
72,313,26
72,1115,3
72,1255,14
72,1242,5
72,1243,3
72,1272,5
72,1273,2
72,943,3
72,421,12
72,1276,2
72,1270,10
72,1271,5
72,243,12
72,577,16
72,1274,3
72,1275,2
72,1254,3
72,1287,24
72,1286,3
72,1288,2
72,301,37
72,1289,3
72,1290,11
72,563,10
72,1294,2
72,1295,2
72,1296,2
72,1297,2
72,1298,5
72,1299,2
72,1300,2
72,1301,3
72,1302,3
72,1303,2
72,1304,2
72,1305,2
72,1306,3
72,1310,5
72,1309,14
72,1328,3
72,1329,8
72,1330,3
72,1331,55
72,1339,2
72,1338,3
72,1340,2
72,1344,2
72,1341,4
72,1345,3
72,1347,8
72,1346,2
72,1364,11
72,1374,2
72,1323,4
72,1324,15
72,1369,2
72,1377,6
72,1388,4
72,429,10
72,431,14
72,1019,7
72,1334,8
72,1389,13
72,1394,9
72,1395,9
72,1396,12
72,1397,2
72,1212,3
72,239,41
72,1232,6
72,195,9
72,1398,2
72,916,13
72,1399,11
72,1400,2
72,444,5
72,1401,13
72,343,11
72,1402,2
72,335,6
72,899,13
72,1404,2
72,1405,2
72,1406,3
72,1415,3
72,1416,2
72,1413,6
72,1418,3
72,1419,2
72,223,15
72,1420,3
72,1412,4
72,1421,2
72,1428,19
72,1429,2
72,1431,3
72,1432,2
72,1430,2
72,434,4
72,1434,2
72,1393,6
72,1436,6
72,1435,2
72,1437,8
72,454,6
72,1441,2
72,1442,6
72,1375,4
72,813,8
72,1425,16
72,1488,2
72,1489,3
72,1490,3
72,1491,18
72,1492,3
72,1221,3
72,338,5
72,1493,3
72,1494,4
72,1495,3
72,1496,3
72,1497,5
72,1498,4
72,1499,3
72,1500,2
72,1501,2
72,1502,3
72,1503,3
72,1504,3
72,1505,3
72,1528,2
72,1529,2
72,246,2
72,285,20
72,1539,3
72,1510,3
72,1540,2
72,1511,3
72,1541,4
72,1542,7
72,1512,4
72,1543,4
72,1513,4
72,1514,7
72,1545,2
72,82,25
72,988,5
72,1547,33
72,1548,6
72,493,7
72,1546,36
72,1550,4
72,564,18
72,1554,6
72,1557,6
72,1574,3
72,1575,4
72,917,43
72,449,29
72,1576,20
72,647,2
72,1264,6
72,1577,2
72,1590,2
72,1522,5
72,1523,5
72,1525,6
72,1527,2
72,1605,3
72,1606,6
72,1607,7
72,1621,4
72,1622,11
72,1203,7
72,1626,3
72,1627,3
72,1628,3
72,1629,5
72,1630,3
72,1632,16
72,1633,11
72,1635,2
72,351,15
72,1638,8
72,1639,39
72,1640,7
72,1642,14
72,590,32
72,1643,6
72,1644,9
72,1645,2
72,594,27
72,1646,2
72,1648,2
72,1647,3
72,1649,7
72,1650,5
72,1651,2
72,990,6
72,1654,17
72,1656,4
72,707,8
72,1657,2
72,1658,5
72,1659,2
72,1660,3
72,1661,2
72,1692,2
72,1693,2
72,1694,2
72,1731,2
72,1066,10
72,1553,3
72,1735,2
72,771,24
72,1737,3
72,543,14
72,1736,3
72,1740,11
72,1741,8
72,1750,4
72,1751,4
72,1752,3
72,88,6
72,1761,6
72,1762,14
72,1764,11
72,1763,11
72,1754,4
72,736,10
72,486,25
72,1811,2
72,1812,5
72,1819,2
72,1821,3
72,1253,4
72,1825,4
72,1826,3
72,1827,4
72,1797,10
72,427,5
72,490,3
72,502,9
72,515,2
72,506,5
72,1837,2
72,1796,11
72,1841,2
72,263,14
72,326,9
72,696,16
72,497,2
72,504,2
72,492,10
72,1845,2
72,1807,6
72,1808,2
72,1075,25
72,1855,8
72,1722,11
72,1857,4
72,949,19
72,1723,7
72,1856,2
72,1863,6
72,1391,2
72,1893,2
72,1312,3
72,1895,3
72,1897,2
72,1104,6
72,1898,5
72,1899,5
72,1053,8
72,1900,6
72,1901,8
72,1560,13
72,596,2
72,1559,13
72,1927,3
72,1928,5
72,1930,4
72,1107,5
72,1464,2
72,1943,2
72,1944,2
72,1945,2
72,1946,2
72,1947,2
72,1948,2
72,1408,4
72,648,2
72,651,9
72,1949,3
72,1950,2
72,1794,15
72,735,28
72,1953,14
72,1954,4
72,1955,3
72,1956,3
72,1957,4
72,1958,3
72,1959,4
72,1960,2
72,1479,7
72,1968,3
72,1979,6
72,1980,19
72,634,5
72,1981,2
72,1982,9
72,919,16
72,1983,9
72,1770,15
72,1985,5
72,183,8
72,1925,3
72,1986,2
72,1988,2
72,1987,2
72,1992,2
72,1996,5
72,1997,2
72,1998,2
72,1999,4
72,673,35
72,2000,2
72,2001,2
72,2002,2
72,503,4
72,1095,3
72,678,6
72,2008,3
72,2009,3
72,2010,3
72,2011,5
72,2012,3
72,2013,3
72,2014,2
72,2015,4
72,2016,3
72,1235,5
72,2017,3
72,1568,6
72,2019,2
72,1993,4
72,1994,2
72,1672,3
72,2043,2
72,2032,2
72,2044,3
72,2039,4
72,2058,9
72,2065,2
72,2069,2
72,2071,2
72,2070,2
72,2080,2
72,2081,2
72,2082,4
72,2083,3
72,676,36
72,2079,9
72,2085,2
72,302,36
72,2093,2
72,119,5
72,2094,2
72,2095,2
72,969,12
72,2129,19
72,2130,13
72,2131,2
72,2132,6
72,2133,3
72,1775,6
72,2134,2
72,2135,4
72,2136,4
72,2137,6
72,2138,5
72,2139,5
72,2140,5
72,2141,15
72,2142,2
72,2143,8
72,2144,4
72,1769,4
72,2147,2
72,2150,3
72,2159,4
72,2160,8
72,2162,2
72,2163,2
72,2164,2
72,2165,2
72,2166,2
72,1292,2
72,2167,2
72,2168,2
72,1874,3
72,2170,2
72,2171,3
72,2145,2
72,1322,3
72,2196,2
72,2214,7
72,2215,7
72,1786,3
72,2216,3
72,2220,2
72,905,10
72,1578,3
72,2233,8
72,2234,13
72,2237,3
72,155,3
72,900,6
72,2239,2
72,2240,2
72,2241,2
72,2242,2
72,2244,2
72,2245,3
72,764,8
72,303,6
72,1810,6
72,2252,4
72,426,7
72,1530,10
72,677,10
72,1350,12
72,2253,17
72,1533,10
72,1351,8
72,1353,21
72,1534,9
72,2254,9
72,2276,7
72,1228,14
72,2277,4
72,908,2
72,2286,2
72,2290,2
72,2292,2
72,1355,9
72,2294,3
72,1222,3
72,2157,2
72,2246,3
72,2298,6
72,1729,16
72,2322,14
72,2354,7
72,2355,21
72,983,13
72,2358,12
72,2359,11
72,2360,4
72,2361,4
72,2362,3
72,2363,4
72,2364,2
72,112,2
72,2365,16
72,2366,4
72,2367,6
72,2368,6
72,2369,11
72,2371,2
72,2372,2
72,2373,14
72,2378,6
72,1725,5
72,2412,2
72,2414,4
72,1911,2
72,2415,7
72,2383,5
72,2418,4
72,2420,2
72,2419,2
72,2423,3
72,2382,2
72,2424,2
72,2426,2
72,2427,5
72,242,5
72,2443,2
72,1580,2
72,2459,20
72,1454,31
72,1163,39
72,928,3
72,2467,2
72,1078,7
72,2471,4
72,750,9
72,2468,2
72,1776,3
72,1601,4
72,2479,2
72,2517,7
72,2518,5
72,2519,3
72,2520,3
72,2521,3
72,2522,2
72,2527,2
72,2528,2
72,2534,2
72,123,4
72,2538,3
72,125,3
72,2535,25
72,2536,3
72,2537,2
72,2539,2
72,2544,2
72,1932,3
72,2545,2
72,2546,6
72,2551,3
72,2550,3
72,1174,5
72,1614,3
72,1617,3
72,2576,3
72,2577,3
72,2578,4
72,2579,3
72,2581,2
72,1686,6
72,440,19
72,2588,2
72,2587,5
72,1451,5
72,2589,3
72,2590,2
72,2318,2
72,2610,2
72,2611,4
72,2612,4
72,2624,6
72,1675,12
72,2625,2
72,2629,14
72,2630,4
72,2634,3
72,2640,5
72,2638,4
72,2647,2
72,2648,13
72,2649,2
72,2259,6
72,687,4
72,2650,3
72,1835,2
72,1371,2
72,106,17
72,1865,14
72,2331,20
72,2673,2
72,2674,2
72,2675,2
72,2682,2
72,2676,2
72,2677,2
72,2678,2
72,1685,5
72,1246,2
72,2684,2
72,2679,2
72,2332,6
72,1381,29
72,2680,2
72,1193,3
72,2685,2
72,2686,2
72,1864,2
72,2687,2
72,1653,9
72,2694,2
72,2695,2
72,2698,2
72,2126,2
72,1140,2
72,1443,9
72,2712,2
72,2714,2
72,2710,3
72,1684,4
72,711,2
72,982,11
72,2325,8
72,2721,7
72,2347,9
72,2725,2
72,2562,4
72,2352,3
72,507,2
72,510,10
72,2726,6
72,2765,2
72,2766,3
72,2767,2
72,1526,2
72,2047,2
72,2770,2
72,1256,6
72,2771,2
72,156,3
72,158,4
72,217,9
72,1456,9
72,2778,2
72,2779,6
72,2780,5
72,2784,2
72,2785,17
72,2786,3
72,2787,6
72,704,18
72,2791,4
72,2792,2
72,2616,2
72,1376,21
72,2797,2
72,2804,2
72,2805,2
72,2807,2
72,2808,3
72,2815,4
72,2816,2
72,2817,5
72,2818,15
72,2819,3
72,2826,2
72,2827,2
72,2828,3
72,2829,2
72,2830,2
72,2831,2
72,2832,2
72,2833,2
72,2834,2
72,2835,2
72,2836,2
72,2837,2
72,526,2
72,2838,2
72,2839,2
72,2191,9
72,1455,3
72,2840,2
72,2841,2
72,2842,2
72,1727,2
72,2843,2
72,2844,2
72,2845,2
72,2846,2
72,2847,2
72,2848,2
72,2849,2
72,2850,2
72,2851,2
72,2852,2
72,2853,2
72,2854,2
72,2855,2
72,2856,2
72,2860,4
72,2026,10
72,2864,6
72,2182,12
72,2866,5
72,307,7
72,2867,8
72,1461,7
72,2868,6
72,2869,12
72,2870,6
72,1326,11
72,2871,6
72,2872,2
72,2875,7
72,1733,7
72,2881,2
72,2906,2
72,592,2
72,2912,2
72,2913,2
72,1445,3
72,1186,3
72,2584,3
72,2916,5
72,2917,3
72,2915,19
72,2919,2
72,753,4
72,2920,5
72,2926,2
72,2925,10
72,1711,2
72,2927,2
72,442,7
72,2976,7
72,875,13
72,2979,2
72,1265,12
72,2977,2
72,305,4
72,2981,2
72,2982,2
72,2983,2
72,2984,4
72,1467,2
72,2525,10
72,1569,21
72,451,3
72,2993,2
72,2994,4
72,2998,3
72,631,3
72,3011,2
72,1598,9
72,2800,8
72,272,6
72,3012,5
72,3013,6
72,2509,6
72,2747,6
72,3014,6
72,1036,7
72,81,3
72,3018,13
72,1132,4
72,906,3
72,3019,2
72,499,9
72,973,2
72,514,3
72,3020,3
72,3021,4
72,3022,2
72,3023,2
72,715,10
72,705,2
72,2901,2
72,3074,4
72,3075,3
72,3076,4
72,3077,8
72,924,10
72,3118,4
72,3119,6
72,1814,13
72,732,3
72,3130,2
72,105,12
72,2482,5
72,3136,12
72,1444,3
72,3140,2
72,1724,2
72,3154,2
72,1250,5
72,3163,4
72,3164,9
72,3170,3
72,3171,2
72,3091,3
72,2072,3
72,3172,2
72,1354,5
72,336,3
72,3088,5
72,529,2
72,3176,2
72,3177,3
72,3175,2
72,3184,3
72,517,7
72,3185,7
72,3186,5
72,3187,2
72,3190,2
72,1822,4
72,759,3
72,757,2
72,2821,2
72,3198,2
72,3199,2
72,3200,14
72,2037,2
72,3218,11
72,3219,11
72,3223,3
72,3222,3
72,971,3
72,3238,2
72,795,19
72,3239,2
72,3240,5
72,485,10
72,3228,7
72,3304,6
72,3305,2
72,3306,2
72,1368,2
72,3311,2
72,3312,2
72,3316,2
72,3317,2
72,3318,2
72,3319,2
72,3320,3
72,3325,3
72,2221,5
72,220,2
72,3338,2
72,203,2
72,3339,2
72,1230,5
72,2385,2
72,2899,2
72,1839,4
72,3350,2
72,1989,36
72,425,3
72,1138,8
72,3368,2
72,3369,2
72,1756,11
72,3377,2
72,2861,32
72,3379,3
72,3380,2
72,1834,10
72,3382,2
72,1259,3
72,3417,2
72,3418,2
72,3419,2
72,3420,2
72,566,2
72,3421,3
72,3422,2
72,1867,2
72,2995,2
72,3442,2
72,2333,3
72,3484,2
72,3485,2
72,3486,2
72,2501,5
72,3487,2
72,3488,2
72,3028,2
72,3489,2
72,3490,2
72,3491,2
72,3495,4
72,3496,5
72,3466,5
72,3497,3
72,2894,5
72,3498,5
72,3499,5
72,312,12
72,3500,2
72,2435,2
72,1619,2
72,2734,2
72,2329,5
72,2620,3
72,2727,3
72,187,3
72,188,2
72,3533,2
72,189,2
72,271,3
72,3535,2
72,3536,2
72,3537,2
72,3538,2
72,3539,2
72,3540,2
72,2376,9
72,2732,2
72,3541,3
72,192,3
72,1447,2
72,193,3
72,3543,2
72,2393,7
72,3551,5
72,2402,14
72,3552,5
72,3553,2
72,3569,5
72,3388,3
72,2388,3
72,2477,6
72,3583,2
72,3586,4
72,3591,2
72,3592,26
72,3593,2
72,3594,2
72,3595,2
72,3596,14
72,3598,13
72,3600,2
72,3527,2
72,3602,2
72,3603,2
72,1536,11
72,3601,2
72,1470,5
72,654,3
72,3638,5
72,3505,3
72,3643,2
72,3556,3
72,3644,2
72,3645,3
72,3646,3
72,1137,3
72,3647,2
72,3648,2
72,3649,2
72,3651,2
72,2156,2
72,3650,2
72,1117,4
72,3652,2
72,3656,3
72,3069,4
72,3658,3
72,3661,6
72,3662,2
72,2036,10
72,3663,2
72,3664,3
72,2776,2
72,3667,14
72,3670,5
72,3671,5
72,3672,5
72,3673,5
72,3674,6
72,3675,4
72,3676,4
72,3677,5
72,3678,5
72,3679,6
72,3680,4
72,3681,12
72,3682,10
72,3666,27
72,3683,5
72,3684,4
72,1168,4
72,3685,32
72,3688,2
72,3693,4
72,3560,3
72,1446,2
72,3694,3
72,3698,2
72,3695,2
72,3696,21
72,3700,4
72,3704,3
72,1972,4
72,1704,6
72,2356,5
72,3705,4
72,3706,3
72,1677,4
72,2374,6
72,3711,15
72,3712,15
72,3732,2
72,575,5
72,487,7
72,3120,2
72,3733,2
72,3734,2
72,2575,5
72,528,3
72,2863,4
72,3784,3
72,3785,10
72,3786,11
72,3787,12
72,3788,18
72,3789,7
72,3790,3
72,3791,2
72,1875,5
72,3806,2
72,3810,3
72,2585,5
72,934,8
72,3824,2
72,3825,4
72,2330,3
72,3834,2
72,3827,3
72,3856,2
72,1171,8
72,2907,3
72,1407,2
72,3873,3
72,3874,2
72,3363,3
72,3590,16
72,3820,2
72,3160,2
72,3905,2
72,2742,3
72,2659,8
72,1449,3
72,3906,3
72,3909,2
72,3912,2
72,441,3
72,3167,2
72,2741,2
72,3857,2
72,3913,4
72,3908,4
72,3686,3
72,1689,2
72,3935,4
72,3936,3
72,3938,2
72,3893,2
72,3939,2
72,3959,2
72,512,3
72,3960,2
72,3961,2
72,3962,2
72,3963,2
72,3964,2
72,3965,2
72,3966,10
72,3967,2
72,718,2
72,3971,2
72,814,3
72,471,4
72,3998,4
72,3721,7
72,4012,2
72,1681,2
72,4013,2
72,4019,2
72,4020,2
72,4041,7
72,4042,5
72,4043,5
72,4047,2
72,1695,6
72,4044,6
72,2980,9
72,4045,5
72,4046,7
72,1175,3
72,4048,2
72,3828,17
72,4049,2
72,2755,4
72,1779,6
72,4050,2
72,4051,3
72,4060,2
72,4061,3
72,4062,3
72,1426,2
72,768,2
72,4101,4
72,4102,4
72,4108,3
72,4109,2
72,4118,2
72,4119,2
72,4120,2
72,3295,2
72,4123,3
72,213,10
72,534,8
72,4137,2
72,4141,2
72,4088,6
72,4089,7
72,4090,6
72,4091,7
72,4150,7
72,4151,6
72,809,4
72,4152,2
72,4092,4
72,4093,4
72,4153,2
72,4154,2
72,4094,2
72,2384,2
72,1438,2
72,4166,2
72,4167,2
72,4199,2
72,4200,2
72,4201,2
72,3871,13
72,4204,2
72,4215,2
72,4216,2
72,3036,3
72,1284,2
72,4230,2
72,4231,3
72,4232,4
72,4233,3
72,4234,4
72,4235,2
72,4236,2
72,4237,2
72,4240,3
72,1783,5
72,4242,4
72,4243,3
72,4251,2
72,4259,2
72,3233,2
72,4293,5
72,3234,2
72,542,2
72,4273,5
72,4301,5
72,4304,3
72,4302,5
72,4303,6
72,4306,4
72,4307,4
72,4309,2
72,4310,4
72,2574,4
72,4308,3
72,4312,2
72,4311,4
72,4313,5
72,4296,2
72,4318,3
72,3901,14
72,4319,2
72,4342,3
72,4359,3
72,4360,6
72,3578,2
72,121,2
72,4367,10
72,4368,4
72,4369,4
72,3835,6
72,1164,11
72,4366,2
72,4059,2
72,2746,3
72,4371,2
72,4372,2
72,4356,4
72,1205,2
72,3836,8
72,4375,9
72,4374,13
72,4373,4
72,4376,3
72,3833,8
72,4383,2
72,4381,5
72,4382,2
72,2391,3
72,4395,2
72,2291,2
72,4396,3
72,2928,6
72,4398,2
72,1923,2
72,4399,2
72,4400,6
72,4401,3
72,4402,3
72,2258,3
72,4413,2
72,4415,3
72,3985,2
72,4416,2
72,4418,2
72,4419,2
72,4420,4
72,4421,5
72,4300,5
72,1984,4
72,4422,3
72,4423,2
72,4424,2
72,3956,2
72,4425,2
72,4262,4
72,4426,2
72,4427,3
72,4430,5
72,4432,3
72,4433,2
72,3986,2
72,3832,2
72,498,2
72,2338,2
72,491,2
72,2232,3
72,4441,3
72,4442,4
72,4443,2
72,740,2
72,2022,5
72,4446,4
72,4447,2
72,4448,4
72,3831,2
72,4449,3
72,2349,3
72,2225,10
72,4454,2
72,4455,2
72,4453,6
72,4452,2
72,698,2
72,4463,3
72,4464,2
72,4465,3
72,4466,2
72,4467,2
72,4468,3
72,4469,2
72,4471,2
72,4474,3
72,3221,2
72,1792,3
72,4494,2
72,4495,2
72,4496,3
72,4497,4
72,4498,4
72,4499,5
72,3308,2
72,3309,2
72,3310,2
72,3829,2
72,4501,5
72,4517,2
72,4518,2
72,4519,2
72,4520,3
72,4521,5
72,3655,7
72,4533,3
72,3463,6
72,4546,2
72,974,4
72,3464,6
72,4211,2
72,3453,3
72,4564,5
72,4594,7
72,4595,5
72,4596,6
72,4597,2
72,4598,2
72,4599,2
72,4600,2
72,2293,2
72,4601,2
72,3132,2
72,4602,2
72,4603,2
72,1674,2
72,2922,4
72,4607,3
72,4183,5
72,4608,4
72,4609,4
72,4610,4
72,4615,2
72,347,8
72,4634,2
72,1460,3
72,4650,3
72,2450,8
72,4651,6
72,4652,13
72,4653,2
72,4654,5
72,4655,2
72,4656,2
72,1702,2
72,1717,2
72,2357,2
72,4658,2
72,2688,15
72,4672,3
72,1072,2
72,4673,2
72,3094,2
72,4663,2
72,1096,2
72,4664,2
72,4665,2
72,4666,2
72,4695,2
72,4593,2
72,4707,5
72,2154,5
72,4709,25
72,1515,2
72,1516,4
72,4714,2
72,4715,2
72,4716,2
72,4717,2
72,1676,2
72,1795,2
72,4718,4
72,4721,3
72,4213,2
72,4722,7
72,4720,2
72,4723,2
72,4724,2
72,1383,3
72,4729,2
72,3660,2
72,4730,2
72,4731,2
72,4733,2
72,4734,12
72,1935,2
72,4742,3
72,1678,3
72,4736,3
72,4738,3
72,4747,3
72,2006,2
72,4754,2
72,1170,2
72,4778,7
72,4779,7
72,1851,8
72,4780,7
72,4781,8
72,4782,7
72,1859,7
72,4513,8
72,1052,4
72,588,3
72,530,2
72,4796,2
72,4363,2
72,4799,3
72,4800,2
72,4801,2
72,4807,2
72,4808,2
72,3426,5
72,1249,4
72,1213,4
72,4809,6
72,4775,6
72,699,5
72,4827,3
72,4686,3
72,4840,2
72,4841,3
72,3870,5
72,4755,7
72,4868,2
72,4857,5
72,4869,7
72,4870,2
72,4871,7
72,4872,5
72,4155,7
72,4873,7
72,4874,4
72,4875,7
72,4876,2
72,4877,2
72,4878,2
72,4879,2
72,4882,8
72,269,14
72,4883,10
72,3514,3
72,4892,2
72,4891,2
72,2890,5
72,806,5
72,2737,2
72,4895,2
72,3006,2
72,4732,2
72,4926,2
72,4461,2
72,4814,3
72,4940,2
72,4941,3
72,3930,2
72,4975,2
72,4976,2
72,4977,5
72,4980,2
72,4981,2
72,4982,5
72,4983,2
72,1706,7
72,4992,2
72,4880,4
72,2004,8
72,4995,2
72,3872,2
72,4996,2
72,4986,2
72,4987,2
72,4988,2
72,4989,2
72,4990,2
72,4991,2
72,5000,2
72,5004,3
72,5009,2
72,5010,3
72,5033,2
72,2034,6
72,2395,4
72,2397,4
72,5034,4
72,5035,3
72,5041,4
72,5042,4
72,2499,2
72,4392,4
72,4393,4
72,5050,2
72,5051,2
72,5052,2
72,5053,23
72,3799,2
72,5054,9
72,5056,2
72,5057,2
72,5059,2
72,5060,3
72,4212,2
72,5061,4
72,3797,16
72,5069,2
72,3804,3
72,5070,13
72,4440,10
72,5098,13
72,5103,19
72,5109,3
72,5110,2
72,5113,2
72,5064,2
72,3408,4
72,5119,2
72,489,2
72,3758,2
72,5120,4
72,2236,2
72,5126,4
72,5127,6
72,1708,3
72,2127,3
72,5055,4
72,5129,2
72,5141,2
72,1705,8
72,4189,3
72,5142,3
72,5160,4
72,1146,10
72,5161,3
72,5171,2
72,1734,5
72,5174,2
72,1147,3
72,700,5
72,5185,5
72,5186,5
72,5194,9
72,5211,2
72,5212,16
72,794,4
72,5215,5
72,5216,5
72,821,6
72,5217,6
72,1840,6
72,5218,6
72,5219,5
72,5221,4
72,5222,2
72,5223,5
72,5228,2
72,5229,2
72,5230,11
72,4616,4
72,5235,4
72,5236,4
72,5231,4
72,5239,4
72,5237,4
72,5226,4
72,5232,4
72,5233,4
72,5240,4
72,5227,4
72,1440,2
72,5247,4
72,5248,3
72,4417,3
72,5234,4
72,5249,3
72,5250,3
72,5251,4
72,5252,3
72,5253,2
72,5256,2
72,5257,2
72,5269,2
72,1641,2
72,5271,6
72,733,5
72,5299,2
72,5300,2
72,5301,2
72,5302,2
72,5317,11
72,5318,2
72,5327,3
72,5328,4
72,5329,5
72,5330,5
72,5332,9
72,5333,3
72,5337,3
72,5338,3
72,5344,3
72,5345,2
72,5346,2
72,5347,2
72,1600,2
72,5353,10
72,5354,9
72,5367,2
72,5368,2
72,5403,2
72,5404,2
72,5405,2
72,5407,2
72,5408,2
72,5409,2
72,5410,2
72,5411,2
72,5413,3
72,3197,2
72,5414,8
72,5415,2
72,5416,2
72,5417,3
72,5418,2
72,5421,2
72,5419,3
72,2319,2
72,5420,3
72,5431,2
72,5432,2
72,5433,4
72,5434,3
72,5435,9
72,5436,11
72,5437,4
72,5438,3
72,5440,2
72,5439,2
72,5441,2
72,5442,2
72,5451,2
72,5457,3
72,5458,7
72,5459,8
72,5463,4
72,5466,2
72,5467,2
72,5470,3
72,5468,3
72,5469,3
72,5472,3
72,5482,2
72,2307,5
72,5483,5
72,5188,5
72,5484,3
72,5485,5
72,3837,2
72,3336,2
72,5488,7
72,5490,2
72,2633,2
72,5491,3
72,5492,2
72,5496,3
72,5497,7
72,4439,2
72,5498,7
72,5499,2
72,2213,2
72,3605,2
72,5500,2
72,5514,3
72,5493,4
72,5518,3
72,5533,5
72,5534,4
72,5539,2
72,5540,2
72,5541,2
72,5542,2
72,5543,2
72,5544,2
72,5545,2
72,5546,2
72,5547,2
72,5548,9
72,5549,3
72,5505,3
72,5537,7
72,5538,5
72,5551,4
72,4380,2
72,5552,2
72,5553,3
72,5554,4
72,5566,2
72,5573,3
72,5574,6
72,5575,3
72,5576,2
72,4275,2
72,5591,2
72,5596,2
72,5597,2
72,5598,2
72,5599,3
72,5605,5
72,5606,3
72,2064,3
72,5609,2
72,5614,7
72,5615,5
72,5633,2
72,3559,5
72,3756,2
72,5653,2
72,5648,2
72,5654,2
72,5649,2
72,5655,2
72,5650,2
72,5656,2
72,5651,2
72,5652,2
73,74,9
73,75,11
73,76,8
73,77,2
73,78,5
73,79,5
73,139,4
73,142,2
73,140,2
73,159,3
73,116,3
73,160,2
74,75,9
74,76,6
74,77,2
74,78,4
74,79,4
74,139,2
74,159,2
74,116,3
74,160,2
75,76,9
75,77,2
75,78,5
75,79,5
75,141,5
75,139,4
75,142,2
75,140,2
75,159,3
75,116,6
75,160,2
75,355,2
75,175,3
75,445,3
75,349,2
75,2574,2
75,342,4
75,1834,2
75,3378,2
75,1205,2
75,4884,2
75,340,2
75,4885,2
75,4886,2
75,4887,2
75,687,2
75,4888,2
75,2199,2
75,248,2
75,1448,2
75,4889,2
75,3437,2
75,4890,2
76,78,4
76,79,5
76,141,2
76,139,3
76,143,3
76,142,2
76,340,2
76,419,2
76,342,3
76,421,2
76,117,2
76,422,2
76,341,2
76,615,5
76,3701,3
76,3702,3
76,1426,4
76,2775,3
76,3703,3
76,4952,2
77,78,2
78,79,4
78,141,3
78,143,2
78,142,3
78,140,2
78,301,8
78,342,12
78,351,7
78,353,2
78,354,2
78,340,2
78,419,2
78,1333,2
78,589,2
78,1388,2
78,429,2
78,443,3
78,664,2
78,422,2
78,431,2
78,1019,2
78,583,2
78,294,2
78,1334,2
78,1389,7
78,370,2
78,646,3
78,116,3
78,735,5
78,2591,4
78,931,4
78,917,5
78,449,4
78,2608,4
78,117,5
78,1509,2
78,480,4
78,2659,2
78,1607,2
78,456,2
78,175,2
78,185,2
78,430,3
78,173,2
78,441,2
78,202,2
78,219,2
78,4158,2
78,688,2
78,4159,2
78,673,2
78,4160,2
78,1578,2
79,141,2
79,142,2
79,342,4
79,419,2
79,422,2
79,116,2
81,82,4
81,83,3
81,156,7
81,2717,2
81,158,6
81,260,3
81,95,2
81,2785,3
81,342,3
81,704,3
81,3018,3
81,1255,3
81,349,2
81,715,2
81,301,7
81,1097,6
81,3005,6
81,193,6
81,277,6
81,2910,3
81,2659,7
81,3043,3
81,3042,3
81,764,13
81,499,6
81,3701,4
81,2775,2
81,3068,6
81,3821,2
81,3822,2
81,3823,3
81,781,5
81,1449,4
82,83,2
82,485,26
82,486,18
82,487,6
82,475,6
82,278,10
82,499,9
82,537,4
82,146,18
82,147,21
82,764,6
82,514,4
82,149,11
82,151,5
82,152,3
82,358,6
82,492,6
82,297,4
82,1052,8
82,197,10
82,150,12
82,337,3
82,899,3
82,1053,7
82,230,2
82,1360,10
82,1390,11
82,1157,10
82,1361,10
82,374,2
82,375,21
82,323,12
82,1362,10
82,426,4
82,427,6
82,512,5
82,502,4
82,359,7
82,1422,3
82,510,3
82,1166,2
82,974,3
82,1545,4
82,1547,13
82,144,8
82,145,5
82,493,3
82,342,30
82,1546,5
82,202,2
82,646,2
82,114,2
82,673,11
82,116,2
82,505,2
82,344,2
82,2479,9
82,1456,16
82,928,4
82,156,3
82,158,3
82,2952,5
82,2959,4
82,239,11
82,2960,4
82,329,2
82,2954,4
82,260,5
82,2963,2
82,2974,2
82,2972,3
82,3189,2
82,356,3
82,143,5
82,3224,5
82,724,10
82,3225,7
82,3226,7
82,219,6
82,531,7
82,3227,9
82,2616,7
82,3228,7
82,1525,8
82,677,10
82,1770,10
82,3229,3
82,931,6
82,533,5
82,864,5
82,3314,2
82,2232,2
82,494,2
82,3776,3
82,3777,2
82,185,5
82,3889,3
82,389,3
82,3890,4
82,270,2
82,1087,3
82,3892,2
82,3788,5
82,618,2
82,676,4
82,3935,3
82,182,4
82,183,4
82,326,2
82,3936,2
82,3959,2
82,3960,2
82,3961,2
82,3962,2
82,3963,2
82,1050,2
82,3964,2
82,2079,2
82,301,2
82,2861,6
82,489,2
82,4187,3
82,4188,3
82,4189,3
82,4190,2
82,4191,2
82,312,3
82,4192,2
82,213,3
82,1095,2
82,983,4
82,4742,2
82,1678,2
82,4736,2
82,4738,2
82,4798,6
82,347,4
82,1249,2
82,4444,2
82,345,2
82,325,2
82,517,2
82,1840,2
82,3185,2
83,260,2
84,85,2
84,86,5
84,87,2
84,340,3
84,367,10
84,206,2
84,349,2
84,371,4
84,184,17
84,394,3
84,395,6
84,368,6
84,404,2
84,308,2
84,185,11
84,383,11
84,114,10
84,373,3
84,374,13
84,375,4
84,389,3
84,388,4
84,393,13
84,366,8
84,377,2
84,400,6
84,401,9
84,402,7
84,378,3
84,379,3
84,95,4
84,94,2
84,297,3
84,177,2
84,577,3
84,341,2
84,273,2
84,1030,6
84,1337,2
84,1370,3
84,1338,4
84,1369,9
84,1103,8
84,1371,4
84,1372,3
84,1373,4
84,1020,5
84,1378,4
84,1377,7
84,1379,7
84,1380,2
84,1381,2
84,1382,2
84,1385,3
84,1386,2
84,1387,2
84,443,2
84,149,2
84,146,2
84,147,2
84,1702,3
84,1704,3
84,1717,2
84,1989,9
84,2356,5
84,2357,2
84,1118,3
84,1119,3
84,230,2
84,738,2
84,116,3
84,171,2
84,4276,2
84,4503,2
84,178,6
84,1714,7
84,4504,6
84,4505,5
84,4506,3
84,4522,3
84,4523,4
84,4524,3
84,588,3
84,3704,2
84,530,2
84,4796,2
84,858,2
84,3705,2
84,4363,2
84,4904,8
84,2393,4
84,4903,6
84,3578,3
84,528,8
84,2218,8
84,1569,8
84,4592,3
84,2525,7
84,2994,3
84,4752,3
84,2402,2
84,4931,5
84,5157,3
84,5158,2
84,5159,4
84,1884,2
84,814,4
84,637,3
84,5187,2
84,167,2
85,87,2
85,285,2
86,88,4
86,682,10
86,184,21
86,383,25
86,248,6
86,114,4
86,230,2
86,1338,2
86,1369,3
86,1103,2
86,374,5
86,393,3
86,1377,4
86,1379,2
86,1380,2
86,1381,2
86,1382,2
86,401,2
86,402,3
86,394,2
86,185,2
86,1398,2
86,124,2
86,126,3
86,1399,3
86,1400,3
86,95,4
86,147,2
86,1568,4
86,1203,3
86,1626,3
86,1627,3
86,1628,3
86,1629,3
86,1630,3
86,908,4
86,1136,2
86,285,3
86,1792,2
86,1740,4
86,1863,5
86,337,2
86,2033,2
86,1327,2
86,375,2
86,398,3
86,2145,4
86,1322,2
86,2146,2
86,173,2
86,3087,2
86,3088,3
86,2861,2
86,3090,2
86,3093,2
86,3091,4
86,1807,2
86,380,2
86,3893,2
86,3365,2
86,604,2
86,1654,3
86,724,6
86,2746,5
86,4384,2
86,4381,5
86,4382,2
86,4403,4
86,2258,2
86,3273,2
86,1725,3
86,4374,3
86,864,3
86,4412,2
86,1193,2
86,931,2
86,4293,2
87,1227,2
87,298,2
87,608,2
87,273,2
87,1391,3
87,261,3
87,2374,2
87,277,5
87,308,2
87,2744,2
87,176,2
87,297,3
87,262,2
87,2745,2
87,179,2
87,2659,3
87,1449,9
87,230,2
87,2741,2
87,3717,2
87,3718,2
87,313,2
87,3720,2
87,116,6
87,3721,2
87,605,5
87,3005,2
87,5099,7
87,5100,5
88,1087,3
88,261,4
88,1246,3
88,1247,2
88,1215,2
88,1216,2
88,1075,2
88,285,17
88,1291,2
88,1292,2
88,1293,2
88,1732,3
88,443,3
88,375,3
88,116,3
88,337,10
88,1740,12
88,1760,2
88,1741,11
88,1751,2
88,736,2
88,1777,2
88,946,3
88,899,2
88,914,2
88,3441,2
88,380,2
88,3088,2
88,3077,2
88,2332,2
88,2333,2
88,1768,9
88,4241,8
88,3365,2
88,4245,5
89,143,2
89,3217,2
89,4280,2
89,5161,2
89,5375,2
89,5376,2
89,5377,2
89,260,2
89,5378,2
89,565,2
89,5379,2
89,5380,2
89,5381,2
89,5382,2
89,5383,2
90,91,2
90,1146,2
90,230,2
91,268,2
91,311,2
91,2980,2
91,4912,2
91,4913,2
91,4914,2
91,3360,2
91,432,2
92,95,2
92,1638,7
92,1141,6
92,1639,9
92,1640,6
92,1143,9
92,1622,7
92,133,9
92,1642,5
92,590,6
92,1643,5
92,1644,4
92,279,6
92,594,7
92,128,2
92,1232,5
92,197,4
92,1979,2
92,636,2
92,1980,3
92,634,6
92,1981,2
92,1982,2
92,917,3
92,919,3
92,449,3
92,1987,2
92,979,2
92,1576,2
92,2253,7
92,1356,2
92,185,2
92,1353,8
92,230,5
92,1355,2
92,2365,2
92,2368,2
92,1814,6
92,381,7
92,342,5
92,4755,3
92,1547,4
92,114,2
92,5460,2
92,168,2
92,5461,2
92,5462,2
92,5654,4
92,5649,4
92,5650,4
92,606,4
92,5651,3
92,1235,3
92,5652,4
92,5648,2
92,5656,3
93,96,2
93,95,8
93,301,14
93,303,3
93,302,2
93,304,2
93,163,3
93,260,59
93,171,5
93,442,4
93,175,7
93,443,7
93,697,3
93,119,5
93,606,3
93,962,17
93,963,5
93,965,3
93,667,6
93,250,5
93,315,7
93,966,2
93,230,16
93,935,2
93,863,4
93,967,2
93,968,3
93,867,8
93,306,15
93,248,5
93,971,3
93,969,5
93,1023,2
93,865,4
93,1002,3
93,1003,2
93,1005,10
93,1024,2
93,811,9
93,1006,2
93,1007,2
93,1025,2
93,1008,2
93,548,8
93,164,20
93,883,2
93,1026,2
93,565,2
93,1010,2
93,415,2
93,1011,2
93,1027,2
93,165,3
93,167,4
93,1084,6
93,632,3
93,647,3
93,202,3
93,375,2
93,543,4
93,924,2
93,724,4
93,864,8
93,949,7
93,984,2
93,239,16
93,197,8
93,868,6
93,287,3
93,577,3
93,2184,4
93,660,2
93,2126,2
93,1140,2
93,2709,2
93,173,8
93,2710,2
93,104,4
93,325,16
93,2826,2
93,2827,2
93,395,2
93,2828,2
93,1928,2
93,2829,2
93,2830,2
93,2831,2
93,2832,2
93,2833,2
93,2834,2
93,2835,2
93,2836,2
93,2837,2
93,526,2
93,2838,2
93,2839,2
93,2191,4
93,1455,2
93,2840,2
93,223,2
93,2841,2
93,2842,2
93,1727,2
93,2843,2
93,2844,2
93,2845,2
93,313,2
93,2846,2
93,2847,2
93,2848,2
93,2849,2
93,2850,2
93,2851,2
93,2852,2
93,2853,2
93,2854,2
93,2855,2
93,2856,2
93,764,6
93,355,2
93,1401,4
93,445,2
93,298,4
93,117,8
93,323,3
93,107,2
93,2698,2
93,324,2
93,120,27
93,2952,8
93,2953,2
93,2954,3
93,2955,2
93,2956,2
93,2957,2
93,2958,6
93,2959,3
93,2960,4
93,329,2
93,2961,3
93,2962,2
93,2963,2
93,2991,2
93,2992,2
93,646,2
93,671,2
93,676,2
93,105,16
93,2482,4
93,342,4
93,1124,5
93,135,3
93,3121,3
93,3138,2
93,3139,2
93,3217,2
93,156,2
93,3028,2
93,2539,5
93,2471,2
93,956,2
93,1110,5
93,440,4
93,4028,2
93,4029,2
93,4030,2
93,908,2
93,4031,2
93,858,2
93,4032,2
93,4033,2
93,4034,2
93,4035,2
93,4036,2
93,4037,2
93,4038,2
93,4039,2
93,4040,2
93,458,2
93,1687,2
93,343,2
93,346,2
93,2801,2
93,4296,2
93,1416,2
93,1699,2
93,344,4
93,4314,2
93,2311,2
93,195,3
93,4315,2
93,4316,2
93,1194,5
93,4321,5
93,4322,5
93,4323,5
93,899,3
93,4324,4
93,3633,5
93,4325,5
93,4326,5
93,4327,5
93,1197,5
93,2861,6
93,4328,5
93,587,5
93,4329,5
93,4259,6
93,4330,5
93,4331,5
93,4332,5
93,199,5
93,4218,5
93,2284,5
93,1075,7
93,128,2
93,1082,3
93,4633,2
93,116,6
93,4632,2
93,983,2
93,2688,8
93,637,3
93,1437,2
93,3000,2
93,3069,3
93,263,2
93,3758,2
93,5120,6
93,3834,3
93,2138,2
93,5273,2
93,5274,2
93,996,2
93,5275,2
93,4513,2
93,297,8
93,5436,3
93,5437,3
93,1331,5
93,5438,2
93,4300,2
93,5414,4
93,5439,2
93,2355,3
93,5442,2
93,886,14
93,934,3
93,5555,4
93,800,13
93,5553,10
93,2916,8
93,3789,13
93,5554,11
93,5573,11
93,5574,13
93,2427,12
93,2459,13
93,3706,7
93,5575,2
93,1451,9
93,539,2
93,5576,5
93,2368,2
93,2034,12
93,3871,9
93,5160,11
93,5581,6
93,5582,5
93,4275,5
93,2022,2
93,5590,2
93,2360,2
94,95,2
94,297,2
94,1487,3
94,1459,3
94,1460,19
94,809,3
94,778,3
94,1461,3
94,1462,3
94,667,2
94,1463,3
94,116,4
94,1464,3
94,736,9
94,905,2
94,2096,3
94,2097,2
94,2098,3
94,2099,3
94,2100,3
94,2101,3
94,2074,4
94,2102,3
94,2103,4
94,2104,4
94,2075,4
94,2105,4
94,2106,4
94,1067,4
94,2107,4
94,2108,3
94,2109,4
94,2110,4
94,340,3
94,2126,3
94,356,2
94,502,2
94,144,2
94,149,2
94,359,2
94,508,2
94,146,3
94,510,2
94,147,3
94,2592,7
94,2593,6
94,2594,6
94,2595,5
94,2596,6
94,2597,6
94,2598,6
94,2599,6
94,2600,6
94,2601,6
94,342,5
94,2602,6
94,2603,5
94,2604,5
94,114,7
94,2605,6
94,294,5
94,306,7
94,120,7
94,2606,5
94,2607,6
94,657,4
94,499,2
94,150,2
94,492,2
94,2616,2
94,764,2
94,443,7
94,3877,5
94,3878,5
94,3879,4
94,3880,4
94,3881,4
94,101,5
94,3882,5
94,605,5
94,3883,5
94,323,5
94,949,6
94,3884,4
94,3885,4
94,3886,4
94,3887,4
94,415,5
94,3888,5
94,2642,5
94,239,2
95,97,2
95,172,2
95,175,6
95,178,4
95,101,2
95,114,3
95,180,2
95,173,7
95,177,9
95,171,6
95,317,2
95,318,2
95,319,2
95,197,21
95,320,3
95,321,2
95,322,2
95,163,4
95,323,5
95,324,2
95,306,24
95,120,12
95,325,8
95,332,6
95,367,3
95,206,2
95,371,9
95,184,8
95,394,2
95,395,4
95,308,2
95,185,6
95,383,5
95,373,7
95,374,2
95,399,2
95,390,2
95,414,2
95,366,4
95,377,2
95,401,2
95,415,5
95,378,2
95,204,8
95,209,4
95,471,3
95,261,8
95,230,45
95,255,8
95,472,7
95,496,2
95,239,2
95,453,16
95,632,3
95,629,2
95,878,3
95,886,3
95,879,2
95,880,2
95,690,4
95,691,10
95,692,10
95,693,10
95,888,2
95,858,8
95,124,5
95,248,7
95,890,2
95,694,5
95,164,12
95,250,5
95,882,4
95,883,2
95,126,7
95,884,4
95,275,7
95,853,2
95,893,2
95,885,2
95,167,15
95,458,3
95,897,2
95,909,2
95,811,8
95,911,2
95,218,2
95,910,2
95,813,3
95,116,21
95,934,3
95,935,2
95,276,2
95,149,2
95,150,3
95,146,4
95,147,4
95,337,2
95,899,2
95,1056,2
95,1058,2
95,1059,2
95,1053,2
95,278,2
95,297,5
95,117,11
95,483,2
95,1107,2
95,1239,2
95,1150,6
95,1240,3
95,1151,3
95,1110,3
95,963,2
95,965,2
95,260,10
95,313,4
95,863,6
95,967,3
95,968,3
95,1315,2
95,1316,3
95,595,3
95,1317,3
95,1319,2
95,531,5
95,1321,2
95,640,4
95,1323,6
95,1324,3
95,577,2
95,699,3
95,916,10
95,1399,3
95,1400,2
95,724,4
95,1413,2
95,443,7
95,223,4
95,1417,2
95,1412,2
95,1467,3
95,1466,4
95,1468,3
95,1469,3
95,1465,2
95,914,2
95,1565,2
95,285,3
95,1566,2
95,1569,2
95,1655,2
95,1722,3
95,1724,2
95,1310,2
95,1727,3
95,949,4
95,1723,4
95,253,2
95,1118,3
95,1769,3
95,592,2
95,1770,6
95,593,2
95,183,2
95,1404,2
95,1857,4
95,1856,3
95,1943,2
95,1944,2
95,1945,2
95,1946,2
95,1947,2
95,1948,2
95,202,8
95,219,3
95,1408,2
95,648,2
95,651,3
95,1949,2
95,1950,2
95,533,5
95,287,2
95,647,2
95,315,4
95,1934,2
95,2299,2
95,2300,2
95,106,2
95,2301,2
95,346,2
95,2302,2
95,242,3
95,1491,2
95,2303,2
95,2304,2
95,2305,2
95,2306,2
95,2307,2
95,2308,2
95,2309,2
95,2310,2
95,2311,2
95,2312,2
95,2313,2
95,2314,2
95,1031,2
95,2315,2
95,796,4
95,606,6
95,700,2
95,2376,3
95,865,2
95,1559,2
95,868,14
95,1141,6
95,2365,3
95,1143,4
95,608,3
95,969,4
95,165,5
95,2322,3
95,2712,2
95,104,4
95,2259,2
95,156,5
95,2717,2
95,158,4
95,646,5
95,604,2
95,827,12
95,627,12
95,795,21
95,2251,14
95,828,12
95,2793,6
95,2794,6
95,829,12
95,181,2
95,2798,5
95,830,5
95,1119,2
95,2826,2
95,2827,2
95,2828,2
95,1928,2
95,2829,2
95,2830,2
95,2831,2
95,2832,2
95,2833,2
95,2834,2
95,2835,2
95,2836,2
95,2837,2
95,526,2
95,2838,2
95,2839,2
95,2191,2
95,1455,2
95,2840,2
95,2841,2
95,2842,2
95,2843,2
95,2844,2
95,2845,2
95,2846,2
95,2847,2
95,2848,2
95,2849,2
95,2850,2
95,2851,2
95,2852,2
95,2853,2
95,2854,2
95,2855,2
95,2856,2
95,2858,2
95,2859,2
95,243,3
95,1082,2
95,2331,5
95,764,5
95,1401,2
95,329,2
95,291,2
95,768,2
95,1329,2
95,1756,10
95,134,5
95,2995,2
95,657,2
95,3567,2
95,3302,2
95,3587,2
95,3588,2
95,1794,3
95,2006,2
95,2007,2
95,3096,2
95,3589,2
95,3590,2
95,3614,2
95,1709,2
95,3505,2
95,3643,2
95,906,2
95,900,2
95,3556,2
95,1839,2
95,3644,2
95,3645,2
95,3646,2
95,3724,3
95,119,5
95,2390,2
95,440,4
95,121,2
95,281,4
95,3077,5
95,3773,5
95,2863,5
95,3775,4
95,502,2
95,145,2
95,493,2
95,3761,7
95,3126,6
95,2861,7
95,1989,3
95,3944,2
95,3945,2
95,836,10
95,161,2
95,162,3
95,538,2
95,3946,2
95,3947,2
95,3948,2
95,3949,2
95,3950,2
95,3951,2
95,3952,2
95,3953,2
95,2330,2
95,3954,2
95,3955,2
95,3956,2
95,3957,2
95,3958,2
95,3965,2
95,3966,2
95,198,4
95,3967,2
95,213,2
95,128,3
95,342,2
95,637,3
95,1103,8
95,1681,2
95,4445,2
95,355,3
95,535,6
95,4463,3
95,4464,2
95,3320,2
95,996,2
95,1006,3
95,548,5
95,4359,2
95,4465,3
95,4466,2
95,4467,2
95,4468,3
95,4469,2
95,2252,2
95,3696,2
95,4594,2
95,4595,2
95,1331,13
95,4596,3
95,2293,2
95,667,2
95,1364,10
95,344,4
95,4607,3
95,4686,2
95,2373,3
95,594,3
95,2925,2
95,4213,2
95,4709,2
95,4722,3
95,4720,2
95,864,2
95,2355,2
95,4786,8
95,4787,9
95,563,4
95,3322,14
95,469,6
95,430,5
95,1125,4
95,4788,6
95,442,2
95,1547,2
95,228,3
95,5225,2
95,590,9
95,5292,2
95,5296,2
95,2286,2
95,3344,2
95,5294,2
95,2763,2
95,5295,2
95,3457,2
95,1377,3
95,903,2
95,5396,2
95,4104,2
95,1525,2
95,917,2
95,3197,3
95,5413,2
95,5435,9
95,5436,8
95,1075,3
95,2369,8
95,5433,2
95,4652,7
95,5441,2
95,5497,2
95,4734,2
95,5498,2
95,449,3
95,4183,3
95,3466,3
95,5565,2
96,1110,2
96,963,2
96,260,2
96,440,2
96,5120,2
99,100,4
99,101,12
99,102,5
99,106,3
99,110,3
99,108,2
99,117,2
99,175,2
99,1394,8
99,1395,8
99,1104,11
99,1898,7
99,337,13
99,1899,7
99,278,10
99,1396,9
99,1053,11
99,1900,10
99,1901,8
99,1905,2
99,1560,5
99,1912,3
99,1913,3
99,1914,2
99,1194,3
99,1915,3
99,273,3
99,1916,3
99,1196,3
99,1087,3
99,982,2
99,1197,3
99,230,3
99,260,2
100,1912,3
100,1913,4
100,1914,3
100,1194,4
100,1915,3
100,273,3
100,337,4
100,1916,4
100,1196,3
100,1087,3
100,982,2
100,1197,3
100,230,4
101,102,5
101,110,2
101,108,2
101,106,2
101,117,2
101,118,2
101,172,2
101,175,2
101,173,3
101,171,2
101,430,2
101,1800,3
101,1104,10
101,1801,2
101,230,5
101,629,3
101,1802,4
101,440,3
101,1394,5
101,1395,5
101,1898,6
101,337,9
101,1899,5
101,278,7
101,1396,5
101,1053,7
101,1900,7
101,1901,5
101,1560,5
101,905,2
101,1941,2
101,1942,2
101,323,6
101,3877,5
101,3878,5
101,3879,4
101,3880,4
101,3881,4
101,3882,5
101,605,5
101,3883,5
101,443,5
101,949,5
101,3884,4
101,3885,4
101,3886,4
101,3887,4
101,415,5
101,3888,5
101,2642,5
101,239,2
101,146,2
101,736,2
101,928,10
101,1083,10
101,168,10
101,2479,3
101,2229,6
102,109,2
102,106,3
102,110,3
102,108,3
102,117,3
102,118,2
103,248,3
103,297,2
103,732,2
103,512,2
103,323,5
103,2707,2
103,676,3
103,5539,2
103,355,2
103,295,2
103,5540,2
103,3825,2
103,1980,2
103,344,2
103,1737,2
103,128,2
103,445,2
103,312,2
103,5541,2
103,5542,2
103,5543,2
103,5544,2
103,5545,2
103,5546,2
103,117,2
103,314,2
103,4672,2
103,173,2
103,5547,2
103,2710,2
104,305,7
104,175,11
104,117,9
104,306,7
104,301,6
104,287,5
104,445,4
104,248,13
104,260,5
104,1290,3
104,230,2
104,173,9
104,239,6
104,581,3
104,580,6
104,107,2
104,1445,3
104,1636,2
104,606,2
104,706,2
104,184,3
104,707,2
104,2428,2
104,2429,2
104,2430,4
104,390,2
104,2431,2
104,2432,2
104,1324,2
104,2433,2
104,1776,2
104,120,6
104,2126,2
104,1682,3
104,1140,8
104,2711,5
104,571,10
104,2710,3
104,2259,6
104,325,4
104,162,2
104,443,7
104,764,2
104,1401,2
104,298,3
104,323,3
104,2698,3
104,324,2
104,1310,3
104,163,2
104,116,4
104,115,2
104,2981,2
104,2982,2
104,2983,2
104,2984,4
104,684,3
104,440,4
104,1124,2
104,3183,2
104,477,3
104,178,2
104,275,2
104,427,2
104,1607,2
104,3896,2
104,3897,2
104,4139,2
104,924,5
104,442,2
104,4145,2
104,1687,2
104,343,3
104,346,2
104,2801,2
104,4296,2
104,342,3
104,1416,2
104,1699,2
104,344,5
104,4314,2
104,2311,2
104,195,2
104,4315,2
104,577,2
104,4316,2
104,451,2
104,4361,2
104,4362,2
104,291,2
104,297,3
104,768,2
104,4363,2
104,119,2
104,4686,2
104,4966,2
104,1441,2
104,3070,5
105,106,2
105,962,9
105,2688,4
105,248,3
105,323,2
105,228,2
105,1124,3
105,301,10
105,260,29
105,671,2
105,1110,3
105,443,5
105,667,5
105,116,7
105,2459,21
105,3000,3
105,173,3
105,949,8
105,483,2
105,442,3
105,230,3
105,969,2
105,306,10
105,120,13
105,325,16
105,171,2
105,4059,4
105,2236,2
105,4916,2
105,4479,2
105,963,2
105,440,5
105,5120,5
105,3551,3
105,3552,3
105,2298,2
105,197,9
105,1005,10
105,1722,2
105,548,3
105,297,6
105,164,12
105,250,5
105,4374,2
105,863,2
105,5573,15
105,5574,20
105,886,19
105,2427,13
105,1446,3
105,934,3
105,800,16
105,3706,11
105,5575,2
105,1451,14
105,3789,13
105,971,3
105,5576,5
105,2368,2
105,2034,20
105,3871,11
105,121,3
105,5160,13
105,1027,2
105,5577,2
105,5553,14
105,2916,10
105,5554,15
105,3069,2
105,635,2
105,4275,8
105,2589,3
105,5581,6
105,5582,5
105,867,7
105,865,2
105,3119,2
105,5589,2
105,879,2
105,119,2
105,303,2
105,2022,2
105,1560,2
105,5590,2
105,5555,3
105,2360,2
105,2539,4
106,109,2
106,110,2
106,108,2
106,111,2
106,117,2
106,118,2
106,135,2
106,260,35
106,982,10
106,1425,14
106,432,2
106,1530,2
106,1401,3
106,2299,2
106,2300,2
106,2301,2
106,346,2
106,2302,2
106,242,2
106,1491,23
106,2303,2
106,2304,2
106,2305,2
106,2306,2
106,2307,2
106,694,2
106,2308,2
106,2309,2
106,813,11
106,2310,2
106,2311,2
106,2312,2
106,2313,2
106,2314,2
106,1031,26
106,2315,2
106,1865,20
106,2331,26
106,2325,9
106,2721,8
106,2347,12
106,931,10
106,2725,2
106,962,5
106,2562,2
106,2352,2
106,502,2
106,144,2
106,149,2
106,150,2
106,146,2
106,510,2
106,147,2
106,724,13
106,864,7
106,1481,2
106,2698,2
106,355,2
106,1138,7
106,239,2
106,175,2
106,248,3
106,2184,2
106,228,2
107,175,5
107,445,3
107,764,2
107,355,2
107,443,2
107,260,2
107,2710,2
107,1124,2
108,109,2
110,117,2
111,355,2
111,260,2
112,344,2
112,486,2
112,1053,3
112,197,3
112,261,2
112,931,2
113,946,4
113,2058,4
113,2444,2
113,1103,4
113,2445,2
113,983,2
113,260,2
113,2061,2
113,2446,2
113,2560,2
114,155,3
114,175,3
114,178,2
114,173,6
114,171,4
114,367,3
114,387,2
114,371,12
114,184,15
114,394,3
114,395,5
114,308,2
114,185,10
114,383,11
114,373,2
114,380,2
114,374,11
114,375,5
114,389,2
114,376,8
114,393,10
114,366,2
114,400,5
114,411,2
114,401,7
114,402,4
114,378,2
114,381,5
114,379,3
114,338,4
114,287,21
114,430,3
114,248,2
114,230,13
114,764,3
114,779,2
114,765,2
114,766,2
114,360,3
114,291,19
114,781,2
114,767,4
114,782,2
114,768,5
114,769,2
114,783,2
114,784,2
114,770,2
114,806,2
114,821,9
114,824,2
114,617,2
114,845,2
114,243,4
114,239,3
114,443,5
114,1337,2
114,1370,3
114,1338,3
114,1369,8
114,1103,6
114,1371,4
114,1372,3
114,1030,5
114,1373,4
114,1020,5
114,1376,2
114,1378,4
114,1377,6
114,1379,6
114,1380,2
114,1381,3
114,1382,2
114,1385,2
114,1387,2
114,1528,4
114,1489,3
114,1490,3
114,1491,3
114,1492,3
114,1221,3
114,1529,2
114,1493,2
114,1309,7
114,1494,3
114,1495,2
114,1496,2
114,1497,3
114,1498,3
114,1499,3
114,1500,2
114,1501,2
114,1502,4
114,1503,3
114,1504,3
114,1505,3
114,1201,3
114,246,3
114,432,7
114,1488,2
114,1550,5
114,1551,2
114,1552,2
114,736,6
114,323,2
114,298,2
114,195,2
114,2038,2
114,2041,2
114,202,5
114,2042,2
114,646,4
114,144,3
114,146,5
114,147,5
114,1546,3
114,673,4
114,116,19
114,342,24
114,2073,2
114,2088,3
114,2089,3
114,2090,3
114,863,3
114,1523,3
114,1525,3
114,2091,3
114,2227,2
114,575,2
114,483,10
114,2237,2
114,2238,3
114,900,4
114,797,3
114,274,2
114,2382,2
114,2383,2
114,671,3
114,2418,2
114,302,4
114,965,2
114,297,3
114,347,3
114,2580,3
114,2592,7
114,2593,6
114,2594,6
114,2595,5
114,2596,6
114,2597,6
114,2598,6
114,2599,6
114,2600,6
114,2601,6
114,2602,6
114,1460,8
114,2603,5
114,2604,5
114,2605,6
114,294,17
114,306,7
114,120,7
114,2606,5
114,2607,6
114,657,4
114,499,3
114,1237,2
114,197,23
114,356,4
114,502,3
114,2613,2
114,150,3
114,358,3
114,359,3
114,145,2
114,492,4
114,153,2
114,510,3
114,916,3
114,2861,6
114,1797,9
114,2995,2
114,427,3
114,514,2
114,152,2
114,493,2
114,337,7
114,899,5
114,1794,4
114,3020,3
114,3021,3
114,3022,2
114,1210,2
114,1814,5
114,3125,2
114,2331,2
114,1839,2
114,344,15
114,2072,5
114,3599,7
114,457,13
114,2575,18
114,2355,18
114,3637,3
114,237,8
114,3655,3
114,285,2
114,1639,12
114,3709,4
114,2086,4
114,3730,6
114,3641,2
114,3708,2
114,587,2
114,1449,2
114,3911,2
114,451,4
114,4079,2
114,3608,2
114,3617,2
114,4080,2
114,4081,2
114,4077,2
114,329,3
114,4228,2
114,1536,4
114,290,5
114,606,3
114,341,2
114,637,2
114,577,2
114,1542,2
114,2225,10
114,4517,2
114,4518,2
114,4519,2
114,905,3
114,4520,2
114,4521,2
114,330,10
114,4108,5
114,4667,4
114,343,13
114,4668,5
114,2195,5
114,4669,4
114,2381,4
114,604,4
114,2283,3
114,4674,4
114,4677,3
114,421,3
114,4678,3
114,796,2
114,4593,2
114,4601,2
114,2065,2
114,1116,3
114,4833,2
114,3131,2
114,3132,2
114,4834,2
114,4835,2
114,4602,2
114,1803,2
114,1804,2
114,4696,2
114,4836,2
114,4837,2
114,2980,2
114,4838,2
114,4697,2
114,4755,4
114,2253,4
114,1547,4
114,1353,4
114,2374,2
114,277,2
114,1509,2
114,4933,6
114,872,7
114,4934,7
114,4935,6
114,1776,8
114,4936,6
114,2180,8
114,4937,4
114,4944,3
114,2179,2
114,273,2
114,2030,2
114,5215,5
114,517,8
114,5216,5
114,5217,7
114,1840,8
114,3185,9
114,894,7
114,5218,7
114,1355,6
114,3590,9
114,1347,6
114,5219,7
114,5231,6
114,5226,7
114,5232,7
114,5233,7
114,5227,7
114,4616,6
114,5235,6
114,5236,6
114,5237,6
114,3186,6
114,5239,4
114,5240,4
114,1711,2
114,5458,9
114,425,4
114,5459,11
114,328,7
114,564,4
114,5463,4
114,5472,3
114,5499,2
114,4383,2
114,2213,3
114,3605,2
114,5500,2
114,5501,2
114,1977,3
114,1156,2
115,136,2
115,1742,4
115,248,6
115,1743,2
115,1744,2
115,618,2
115,1745,2
115,1746,3
115,1747,3
115,1748,2
115,1749,2
115,305,2
115,175,2
115,2981,2
115,2982,2
115,580,2
115,2983,2
115,2984,2
115,173,2
115,684,2
115,440,2
115,120,2
115,325,2
116,159,2
116,160,2
116,223,4
116,257,2
116,284,2
116,561,3
116,419,4
116,562,2
116,563,6
116,564,6
116,342,47
116,565,2
116,422,7
116,670,2
116,302,9
116,672,2
116,673,14
116,674,2
116,314,5
116,675,2
116,676,7
116,677,3
116,671,12
116,175,17
116,456,2
116,184,14
116,185,20
116,248,12
116,297,14
116,850,2
116,851,2
116,855,2
116,207,2
116,852,2
116,632,2
116,858,2
116,128,3
116,275,4
116,853,4
116,230,44
116,863,5
116,375,26
116,449,6
116,916,2
116,917,4
116,924,7
116,239,28
116,389,2
116,959,11
116,736,17
116,960,11
116,961,10
116,534,4
116,1038,5
116,323,8
116,1039,5
116,1040,2
116,1041,3
116,1042,5
116,390,5
116,1043,5
116,1065,4
116,606,6
116,629,2
116,1169,4
116,1170,3
116,1186,3
116,1187,2
116,1188,3
116,1189,3
116,969,3
116,1203,2
116,1204,6
116,373,7
116,1206,2
116,1125,4
116,1205,3
116,286,2
116,604,2
116,637,4
116,287,21
116,344,10
116,1287,5
116,667,11
116,1286,2
116,1270,3
116,430,10
116,1313,5
116,1314,7
116,1327,3
116,901,4
116,1459,4
116,1460,6
116,809,4
116,778,4
116,1461,8
116,1462,4
116,1463,4
116,1464,5
116,1487,2
116,905,3
116,1401,12
116,349,15
116,666,2
116,445,10
116,1066,2
116,127,3
116,1732,4
116,443,13
116,1412,3
116,483,9
116,120,9
116,1777,2
116,374,5
116,1831,2
116,117,12
116,366,4
116,341,6
116,1977,2
116,337,8
116,646,20
116,651,3
116,274,3
116,2065,5
116,144,3
116,146,4
116,147,8
116,1546,22
116,2072,7
116,1547,5
116,202,23
116,2084,2
116,688,14
116,2082,2
116,965,5
116,2085,2
116,2083,2
116,2079,4
116,332,2
116,171,5
116,486,21
116,1530,7
116,1350,6
116,2253,4
116,1533,5
116,797,6
116,1351,3
116,1353,7
116,2276,5
116,1534,5
116,2254,4
116,1437,2
116,1091,2
116,2371,2
116,2372,2
116,2373,2
116,867,2
116,2383,4
116,197,21
116,2418,3
116,2423,3
116,347,4
116,2580,3
116,2590,2
116,306,12
116,657,7
116,1103,3
116,2058,3
116,2077,6
116,316,5
116,2078,2
116,2026,9
116,838,2
116,1290,7
116,391,4
116,658,5
116,2864,5
116,2182,6
116,2866,4
116,307,6
116,2867,7
116,2868,5
116,2869,6
116,2870,6
116,1326,8
116,627,5
116,2871,5
116,2875,6
116,1733,5
116,2881,2
116,840,3
116,451,5
116,329,8
116,2900,5
116,291,13
116,376,2
116,425,5
116,2905,2
116,1522,2
116,2912,2
116,457,6
116,2584,2
116,1310,2
116,163,3
116,1810,2
116,2916,2
116,1428,2
116,2915,2
116,462,2
116,2785,6
116,704,6
116,3018,6
116,1255,6
116,764,4
116,156,2
116,355,4
116,158,2
116,2766,2
116,1857,2
116,301,22
116,715,5
116,260,34
116,3136,8
116,3162,2
116,285,12
116,3164,6
116,864,7
116,2294,2
116,3118,3
116,3119,3
116,1855,3
116,3172,2
116,1210,3
116,1814,4
116,1354,4
116,415,3
116,381,4
116,3163,2
116,3176,2
116,3177,3
116,3184,3
116,3190,2
116,962,6
116,217,6
116,454,2
116,1822,3
116,759,2
116,757,2
116,2920,2
116,2821,2
116,3198,2
116,3199,2
116,3200,4
116,1381,3
116,411,2
116,378,2
116,919,2
116,3210,3
116,277,9
116,1839,9
116,3211,3
116,3212,4
116,1449,14
116,1965,6
116,3036,3
116,204,6
116,261,2
116,255,2
116,3308,2
116,771,13
116,3309,2
116,2044,2
116,3310,2
116,543,2
116,1989,13
116,434,2
116,211,2
116,617,5
116,3311,2
116,3312,2
116,2385,2
116,2888,2
116,2899,2
116,3313,3
116,3299,2
116,929,2
116,228,2
116,164,7
116,167,3
116,2861,9
116,796,4
116,243,9
116,3355,9
116,487,8
116,2393,13
116,3551,5
116,2402,6
116,3552,5
116,227,5
116,453,22
116,3599,3
116,2575,5
116,2355,13
116,3605,2
116,1639,6
116,3641,4
116,400,3
116,1163,5
116,3574,9
116,3576,9
116,222,10
116,1161,9
116,1569,18
116,3575,8
116,3577,6
116,3578,6
116,3579,7
116,3580,7
116,2994,2
116,3660,5
116,3581,8
116,3666,5
116,1571,2
116,269,3
116,3668,3
116,2525,8
116,3670,4
116,3671,4
116,3672,4
116,3673,4
116,3592,4
116,3674,4
116,3675,4
116,312,4
116,694,6
116,3676,4
116,315,4
116,3677,4
116,3678,4
116,3679,4
116,3680,4
116,1182,4
116,3681,2
116,3682,4
116,3683,4
116,3684,4
116,1168,4
116,2477,4
116,351,5
116,1658,2
116,3717,2
116,313,4
116,2659,2
116,173,9
116,2086,3
116,242,3
116,371,5
116,664,4
116,3870,4
116,432,4
116,3912,2
116,441,3
116,931,9
116,626,2
116,1087,12
116,608,2
116,168,2
116,2395,2
116,4121,2
116,2399,2
116,2400,2
116,340,4
116,878,3
116,1834,2
116,4222,2
116,1171,2
116,2459,4
116,3000,2
116,949,3
116,4333,4
116,4335,2
116,4336,2
116,4339,2
116,1769,4
116,4340,4
116,330,4
116,4341,4
116,767,3
116,768,4
116,587,2
116,718,4
116,221,2
116,1550,2
116,1736,2
116,4355,2
116,4378,2
116,4379,2
116,4385,3
116,4386,3
116,1053,3
116,4387,2
116,4262,3
116,4059,10
116,206,2
116,278,15
116,4456,2
116,930,11
116,4370,3
116,555,3
116,3170,4
116,2746,4
116,4356,3
116,4478,2
116,4428,4
116,743,2
116,4429,2
116,4479,4
116,4480,3
116,3625,3
116,2468,3
116,872,3
116,2506,3
116,3166,2
116,4487,2
116,2375,2
116,4488,3
116,3372,5
116,3373,4
116,4391,2
116,4571,2
116,836,3
116,1331,8
116,4633,4
116,4632,2
116,1133,2
116,4660,4
116,577,6
116,4661,2
116,4662,2
116,3323,3
116,2925,3
116,983,8
116,475,3
116,4739,2
116,429,5
116,4740,5
116,1935,2
116,4718,2
116,1279,2
116,4451,2
116,4758,2
116,4786,6
116,4787,9
116,3322,12
116,469,5
116,4788,5
116,4629,2
116,4789,2
116,1224,2
116,4790,2
116,4793,2
116,3374,3
116,4794,2
116,724,2
116,2206,2
116,3655,2
116,442,3
116,3514,2
116,2980,2
116,4891,2
116,968,3
116,946,2
116,5005,3
116,5006,4
116,5007,6
116,5008,5
116,1222,3
116,5009,2
116,5011,2
116,2391,2
116,3228,2
116,472,2
116,5015,2
116,5018,2
116,5027,11
116,5028,10
116,1796,8
116,5029,11
116,4783,2
116,488,4
116,3370,3
116,431,2
116,4952,2
116,5099,5
116,5100,6
116,421,4
116,1266,4
116,5104,2
116,4548,2
116,605,4
116,2298,2
116,2499,2
116,4928,2
116,984,2
116,174,2
116,5238,2
116,1440,6
116,2054,6
116,5348,4
116,408,3
116,2221,2
116,5349,2
116,2055,4
116,5373,5
116,2688,6
116,1075,7
116,5414,3
116,590,2
116,5435,3
116,5436,4
116,5433,3
116,1364,3
116,2369,3
116,4652,3
116,868,6
116,811,2
116,548,2
116,2784,2
116,4709,5
116,5488,2
116,5493,2
116,5494,3
116,5530,2
116,5607,3
116,3989,3
116,5608,3
117,175,23
117,306,9
117,340,4
117,419,5
117,420,2
117,143,7
117,342,17
117,421,2
117,422,5
117,341,5
117,287,16
117,482,2
117,430,10
117,483,11
117,127,6
117,551,5
117,552,3
117,553,4
117,464,3
117,604,3
117,184,3
117,383,2
117,344,9
117,124,2
117,297,7
117,606,8
117,315,4
117,683,2
117,608,3
117,230,17
117,173,14
117,610,2
117,432,4
117,180,2
117,629,6
117,120,3
117,469,10
117,1214,3
117,239,27
117,1252,2
117,301,7
117,270,2
117,1289,2
117,445,11
117,248,14
117,260,20
117,1290,2
117,892,2
117,286,6
117,456,5
117,1306,2
117,1125,5
117,355,11
117,206,3
117,185,3
117,1310,2
117,554,5
117,1309,4
117,950,2
117,458,4
117,453,15
117,197,2
117,662,5
117,1375,7
117,1365,4
117,1366,3
117,1363,2
117,630,2
117,1384,2
117,1431,3
117,1432,2
117,434,3
117,443,8
117,620,2
117,1506,3
117,1507,3
117,1066,2
117,174,6
117,1553,2
117,275,2
117,1807,4
117,736,3
117,1808,3
117,147,2
117,1845,2
117,373,5
117,646,2
117,2077,2
117,705,2
117,1587,2
117,1354,2
117,1376,3
117,172,2
117,1827,2
117,707,2
117,2488,2
117,2489,2
117,1441,3
117,2490,2
117,2491,2
117,2492,2
117,2090,2
117,2493,2
117,351,5
117,1509,2
117,480,4
117,2659,2
117,444,3
117,2698,5
117,217,2
117,764,3
117,563,5
117,298,5
117,323,4
117,2710,3
117,2907,2
117,457,2
117,163,4
117,2716,5
117,1428,2
117,1530,2
117,308,2
117,313,3
117,440,4
117,2958,3
117,325,2
117,3439,2
117,3440,2
117,3520,2
117,2861,2
117,3521,2
117,3522,2
117,1120,2
117,1559,2
117,302,2
117,2709,2
117,676,3
117,451,2
117,3766,2
117,2030,3
117,696,3
117,660,2
117,1812,2
117,343,4
117,243,2
117,1687,2
117,367,2
117,346,3
117,2801,3
117,4296,3
117,1416,3
117,1699,3
117,4314,2
117,2311,3
117,195,3
117,4315,2
117,577,5
117,4316,2
117,4317,2
117,4353,2
117,582,2
117,878,3
117,771,3
117,632,9
117,3308,2
117,3309,2
117,2044,2
117,3310,2
117,1989,2
117,211,2
117,4685,2
117,678,2
117,2517,2
117,4786,4
117,4787,6
117,3322,8
117,4788,6
117,442,2
117,3870,2
117,4974,2
117,223,2
117,5183,2
117,5184,2
117,581,3
117,251,2
117,3793,2
117,5317,7
117,5353,7
117,5354,7
117,1796,7
117,486,7
117,392,7
117,3901,7
117,3788,7
117,487,2
117,5539,2
117,295,2
117,5540,2
117,3825,2
117,1980,2
117,1737,2
117,128,2
117,312,2
117,5541,2
117,5542,2
117,5543,2
117,5544,2
117,5545,2
117,5546,2
117,314,2
117,4672,2
117,5547,2
118,1213,3
118,4945,3
118,4946,3
118,2191,3
118,4947,3
118,4948,3
118,4949,3
118,4950,3
118,4951,3
119,120,29
119,121,11
119,122,5
119,324,2
119,477,2
119,440,19
119,325,25
119,606,7
119,698,2
119,306,4
119,1963,6
119,1964,6
119,1432,6
119,430,7
119,1874,6
119,1449,6
119,1965,2
119,1206,6
119,1877,6
119,1966,6
119,1967,5
119,1872,2
119,301,3
119,197,5
119,888,2
119,2093,2
119,124,2
119,2094,2
119,2095,2
119,249,2
119,164,3
119,260,7
119,250,2
119,126,2
119,540,2
119,885,2
119,969,4
119,1985,2
119,167,3
119,3197,2
119,344,2
119,443,3
119,962,2
119,2471,2
119,2390,2
119,2861,2
119,163,13
119,4365,2
119,1249,10
119,4541,13
119,445,13
119,4544,4
119,4549,2
119,4474,12
119,4542,3
119,4543,10
119,4551,6
119,615,3
119,865,2
119,5574,2
119,3119,2
119,5589,2
119,886,2
119,879,2
119,1446,2
119,1005,2
119,2459,2
119,4275,2
119,1451,2
119,2589,2
119,867,2
119,2034,2
119,3871,2
120,121,11
120,122,4
120,317,2
120,318,2
120,319,2
120,197,20
120,320,2
120,321,2
120,322,2
120,163,17
120,323,8
120,324,5
120,306,70
120,325,65
120,332,2
120,476,4
120,248,5
120,376,2
120,477,2
120,479,2
120,440,46
120,557,2
120,558,4
120,448,4
120,185,16
120,559,2
120,560,2
120,596,2
120,297,14
120,483,4
120,1107,3
120,1108,2
120,962,11
120,1110,2
120,965,2
120,260,28
120,250,6
120,314,3
120,967,2
120,968,3
120,867,10
120,544,2
120,654,2
120,594,2
120,1683,2
120,287,11
120,581,2
120,1685,18
120,217,2
120,1686,2
120,173,7
120,175,7
120,301,9
120,888,2
120,2093,2
120,124,2
120,2094,2
120,2095,2
120,249,2
120,164,15
120,126,2
120,540,2
120,885,2
120,969,5
120,1985,2
120,167,18
120,443,10
120,2375,2
120,934,2
120,935,2
120,2376,2
120,239,2
120,1078,4
120,2471,2
120,2468,2
120,2592,7
120,2593,6
120,2594,6
120,2595,5
120,2596,6
120,2597,6
120,2598,6
120,2599,6
120,2600,6
120,2601,6
120,342,13
120,2602,6
120,1460,7
120,2603,5
120,2604,5
120,2605,6
120,294,5
120,2606,5
120,2607,6
120,736,4
120,657,4
120,499,2
120,1055,3
120,356,2
120,144,3
120,2613,6
120,150,3
120,2614,2
120,492,2
120,146,3
120,147,3
120,571,2
120,2331,3
120,764,5
120,355,2
120,1401,6
120,445,16
120,298,2
120,305,4
120,2981,2
120,2982,3
120,580,2
120,2983,2
120,2984,3
120,684,2
120,2482,2
120,632,2
120,3121,3
120,1124,4
120,3138,2
120,3139,2
120,863,6
120,3197,2
120,924,3
120,3217,2
120,3321,2
120,955,3
120,3438,3
120,1329,2
120,3612,13
120,371,30
120,3613,14
120,3614,30
120,1709,8
120,243,29
120,796,2
120,3723,2
120,2390,2
120,2225,3
120,313,2
120,230,13
120,1988,9
120,151,2
120,3969,18
120,451,2
120,291,2
120,344,9
120,1470,2
120,4365,3
120,4428,2
120,4429,2
120,4444,3
120,996,14
120,2022,10
120,345,5
120,279,18
120,1249,15
120,4541,15
120,4542,4
120,4543,12
120,4474,13
120,4544,5
120,4551,7
120,3414,4
120,615,6
120,4632,2
120,983,13
120,442,2
120,2688,9
120,453,4
120,2517,2
120,1547,11
120,724,6
120,2914,2
120,864,4
120,4802,2
120,184,2
120,4803,2
120,380,2
120,1377,3
120,427,3
120,4806,2
120,792,2
120,865,3
120,4809,3
120,1331,7
120,3871,10
120,868,6
120,4827,3
120,3000,2
120,394,15
120,281,15
120,4963,2
120,4964,2
120,4965,2
120,1141,2
120,3685,2
120,228,3
120,811,6
120,877,2
120,4977,2
120,5103,2
120,3667,2
120,5436,3
120,5437,3
120,1075,7
120,5438,2
120,4300,2
120,5414,5
120,548,5
120,5439,2
120,2355,4
120,5442,2
120,5524,2
120,5260,2
120,5525,2
120,5526,2
120,3069,3
120,886,13
120,5555,2
120,800,9
120,5553,8
120,2916,7
120,3789,9
120,5554,9
120,5120,3
120,5556,4
120,2459,13
120,1451,9
120,949,5
120,5573,8
120,5574,12
120,3706,5
120,2034,11
120,5581,5
120,2427,8
120,1005,8
120,5582,5
120,5160,7
120,3119,2
120,5589,2
120,879,2
120,1446,2
120,4275,6
120,2589,2
120,303,2
120,1560,2
120,667,2
120,2360,2
120,2539,3
120,5576,4
120,5600,2
120,5605,2
120,1980,2
120,2130,2
121,122,4
121,477,2
121,440,9
121,325,17
121,306,3
121,2390,2
121,443,2
121,4365,2
121,1249,5
121,4541,9
121,4542,4
121,4543,5
121,445,8
121,163,7
121,4474,6
121,4544,4
121,4549,2
121,197,4
121,5574,3
121,886,3
121,1446,3
121,1005,3
121,2459,3
121,548,2
121,1451,3
121,260,3
121,2034,3
121,3871,3
121,865,2
121,3119,2
121,5589,2
121,879,2
121,4275,2
121,2589,2
121,867,2
122,477,2
122,440,5
122,325,5
122,445,2
122,4544,2
122,4474,2
123,124,3
123,125,4
123,126,3
123,127,2
123,248,3
123,173,2
124,128,4
124,125,3
124,126,13
124,127,2
124,175,3
124,682,2
124,184,3
124,383,4
124,249,4
124,315,2
124,430,2
124,608,2
124,230,7
124,173,5
124,878,3
124,879,3
124,887,3
124,880,3
124,197,9
124,888,7
124,248,9
124,694,3
124,164,10
124,250,4
124,882,3
124,883,3
124,884,3
124,275,4
124,853,4
124,885,4
124,167,10
124,1399,2
124,948,2
124,811,3
124,1985,4
124,165,4
124,868,3
124,301,2
124,2093,2
124,2094,2
124,2095,2
124,260,3
124,540,2
124,969,3
124,1725,2
124,1437,2
124,2414,2
124,2415,2
124,2534,2
124,223,2
124,2536,2
124,1323,2
124,1141,2
124,2551,2
124,1143,2
124,3696,2
125,126,3
125,248,2
126,130,5
126,127,3
126,878,2
126,879,4
126,887,5
126,880,4
126,197,15
126,881,2
126,888,7
126,248,11
126,694,2
126,164,13
126,250,5
126,882,5
126,884,4
126,275,6
126,853,3
126,173,3
126,893,2
126,885,3
126,167,13
126,955,2
126,278,2
126,531,2
126,533,2
126,383,3
126,1399,3
126,1400,2
126,287,4
126,430,2
126,1828,2
126,202,3
126,646,3
126,1053,3
126,1829,3
126,1830,2
126,1391,2
126,1893,2
126,1312,2
126,198,3
126,301,2
126,2093,2
126,2094,2
126,2095,2
126,249,4
126,260,2
126,540,2
126,969,2
126,1985,3
126,1143,6
126,165,4
126,2277,2
126,230,6
126,1725,2
126,2414,4
126,2415,4
126,868,3
126,928,2
126,948,4
126,2544,2
126,1932,2
126,2545,2
126,866,2
126,1141,9
126,2726,2
126,259,2
126,934,2
126,3824,2
126,256,2
126,229,2
126,590,3
126,4019,2
126,1968,2
126,2861,3
126,374,2
126,1639,2
126,4020,2
126,4189,3
126,2367,3
126,5142,3
126,5256,2
126,5257,2
127,129,2
127,130,3
127,248,11
127,249,2
127,175,14
127,287,9
127,482,2
127,430,4
127,483,9
127,286,7
127,555,2
127,464,2
127,456,6
127,554,6
127,618,2
127,619,2
127,620,4
127,297,6
127,622,2
127,623,2
127,640,2
127,349,2
127,604,4
127,666,2
127,184,5
127,667,3
127,315,3
127,608,2
127,342,2
127,458,7
127,962,3
127,970,2
127,275,3
127,323,4
127,552,3
127,553,2
127,1306,3
127,383,2
127,173,5
127,551,2
127,1429,2
127,1431,2
127,1430,2
127,1434,2
127,1393,2
127,1435,2
127,445,2
127,1437,2
127,671,3
127,965,2
127,676,3
127,2079,2
127,673,2
127,181,3
127,856,2
127,2137,2
127,197,2
127,811,3
127,164,4
127,990,2
127,724,2
127,3178,2
127,371,2
127,2685,2
127,3179,2
127,2225,2
127,736,2
127,3180,2
127,2342,2
127,2343,2
127,1864,2
127,3181,2
127,2344,2
127,2345,2
127,1359,2
127,3182,2
127,1107,2
127,3082,2
127,3893,2
127,229,2
127,167,3
127,228,2
128,275,2
128,230,3
128,1141,2
128,133,5
128,590,3
128,1643,2
128,1639,4
128,279,3
128,594,3
128,1642,2
128,1644,2
128,1622,2
128,2371,2
128,2372,2
128,2373,2
128,314,4
128,867,2
128,260,2
128,3836,2
128,197,2
128,5521,2
128,185,2
128,5502,2
128,3631,2
128,4709,2
128,3197,2
128,969,2
128,325,2
128,5539,2
128,355,2
128,295,2
128,5540,2
128,3825,2
128,1980,2
128,344,2
128,1737,2
128,445,2
128,312,2
128,248,2
128,5541,2
128,5542,2
128,5543,2
128,5544,2
128,5545,2
128,5546,2
128,323,2
128,4672,2
128,173,2
128,5547,2
128,2710,2
128,676,2
128,946,7
128,5602,9
128,2058,9
129,130,6
129,2259,2
129,3781,3
129,878,3
129,3929,3
129,5320,3
129,694,3
129,533,3
129,5322,2
129,5323,2
129,1560,2
130,197,4
130,955,2
130,958,2
130,2259,4
130,2726,2
130,882,2
130,3781,5
130,879,2
130,2546,2
130,3919,2
130,1559,2
130,229,3
130,3929,6
130,248,3
130,164,2
130,3938,2
130,167,3
130,948,2
130,884,2
130,1930,2
130,694,5
130,878,5
130,5319,2
130,5320,4
130,533,4
130,5321,2
130,5322,4
130,5323,2
130,1560,3
131,132,3
131,1440,2
132,1440,2
133,1141,12
133,1143,6
133,1622,10
133,1642,9
133,1639,12
133,1638,7
133,590,9
133,1643,5
133,1644,6
133,279,4
133,1645,2
133,594,11
133,1640,6
133,1723,6
133,1686,7
133,440,5
133,2588,3
133,2587,5
133,197,7
133,228,4
133,344,6
133,4101,4
133,4102,4
133,2376,4
133,4108,3
133,343,3
133,3592,4
133,3696,3
133,4109,2
133,4230,2
133,4231,2
133,1142,2
133,4232,2
133,4233,3
133,4234,3
133,4235,2
133,164,3
133,4236,2
133,4237,2
133,4650,3
133,2450,6
133,275,5
133,4651,6
133,2141,6
133,4300,2
133,4652,6
133,4653,2
133,198,3
133,4654,5
133,1006,3
133,4655,2
133,4656,2
134,230,6
134,626,2
134,627,6
134,795,6
134,2195,2
134,3030,2
134,3031,2
134,343,3
134,344,2
134,3032,2
134,2251,8
134,827,5
134,828,5
134,829,5
134,306,5
134,1756,2
134,219,2
134,5562,2
134,5563,2
135,260,3
135,2184,3
135,306,3
135,1103,2
135,5046,2
135,5047,2
135,393,2
135,3834,2
135,548,2
135,1110,2
135,963,2
135,647,2
135,5120,2
136,703,2
136,706,3
136,708,3
136,704,2
136,709,2
136,764,2
136,2672,2
136,863,2
139,142,2
139,159,2
139,4917,9
139,4918,9
139,4919,2
139,4920,9
139,230,4
139,5568,3
139,239,4
139,5569,3
139,5570,3
139,5571,3
139,5366,2
139,2784,3
139,5621,2
139,443,5
139,458,3
139,5624,2
139,5625,2
141,142,4
141,1332,2
141,340,4
141,419,5
141,1333,3
141,589,3
141,429,3
141,342,6
141,632,5
141,443,2
141,422,6
141,431,3
141,1019,3
141,294,3
141,1334,3
141,1335,2
141,341,2
141,1388,2
141,349,3
141,664,2
141,583,2
141,1389,6
141,370,2
141,1834,2
141,688,2
141,3378,2
141,1205,3
141,575,2
141,5171,2
141,3836,2
141,1250,3
141,1734,3
141,5174,2
142,1332,2
142,340,3
142,419,4
142,1333,3
142,589,3
142,429,3
142,342,3
142,443,2
142,422,4
142,431,4
142,1019,3
142,294,3
142,1334,3
142,341,2
142,1388,2
142,664,2
142,583,2
142,1389,2
142,370,2
143,144,12
143,149,14
143,150,14
143,151,6
143,152,6
143,145,7
143,153,2
143,146,17
143,147,20
143,340,3
143,419,3
143,420,2
143,342,7
143,421,8
143,422,3
143,341,3
143,497,5
143,499,7
143,500,3
143,501,3
143,513,2
143,490,2
143,356,5
143,502,7
143,514,6
143,503,5
143,504,3
143,505,2
143,359,8
143,506,4
143,522,2
143,507,2
143,508,2
143,516,3
143,492,10
143,493,7
143,494,3
143,510,7
143,517,2
143,1567,3
143,337,3
143,988,2
143,537,2
143,1375,3
143,1845,2
143,1807,2
143,1808,2
143,899,2
143,239,7
143,184,4
143,375,3
143,1924,2
143,2667,2
143,733,4
143,2656,4
143,2654,6
143,2657,6
143,2652,6
143,606,6
143,1536,7
143,230,9
143,2653,7
143,2658,5
143,167,7
143,427,5
143,443,2
143,1792,2
143,1355,3
143,260,2
143,732,3
143,426,4
143,1052,3
143,2232,3
143,1422,2
143,673,2
143,1055,2
143,445,2
143,2861,2
143,156,2
143,4690,3
143,453,5
143,2647,5
143,3135,3
143,4691,4
143,4692,2
143,2648,5
143,2130,5
143,4693,2
143,4694,4
143,2064,4
143,4708,2
143,983,2
143,2525,2
143,1569,2
143,358,3
143,4905,2
144,149,33
144,150,49
144,151,13
144,152,20
144,145,23
144,153,3
144,146,70
144,147,76
144,356,22
144,357,2
144,358,8
144,359,31
144,349,2
144,342,4
144,294,2
144,497,8
144,498,2
144,499,10
144,511,2
144,500,7
144,501,4
144,512,2
144,502,30
144,514,6
144,503,9
144,504,8
144,505,7
144,491,4
144,521,3
144,506,8
144,522,2
144,507,8
144,508,3
144,516,5
144,428,3
144,492,26
144,493,19
144,509,2
144,494,7
144,510,25
144,523,2
144,517,2
144,323,2
144,239,4
144,973,2
144,375,5
144,974,2
144,427,14
144,987,2
144,988,5
144,537,9
144,989,3
144,705,6
144,1062,2
144,1061,4
144,927,2
144,426,9
144,1236,3
144,1232,2
144,1237,3
144,1183,2
144,1545,3
144,1548,11
144,1546,3
144,202,3
144,646,3
144,475,2
144,1567,5
144,1311,5
144,1569,2
144,1422,2
144,337,4
144,899,5
144,261,2
144,1623,2
144,1525,3
144,1593,2
144,1526,2
144,1803,2
144,1843,2
144,1844,6
144,2005,2
144,1095,4
144,184,2
144,1993,2
144,673,2
144,2111,2
144,2124,2
144,1460,3
144,230,8
144,2232,2
144,285,4
144,1052,2
144,1836,2
144,2297,2
144,1806,2
144,2337,2
144,2338,2
144,1146,5
144,1147,2
144,2351,2
144,2352,4
144,2325,2
144,1865,3
144,1425,3
144,2329,2
144,2347,2
144,2331,3
144,931,2
144,351,2
144,2562,3
144,2563,2
144,983,3
144,260,3
144,2058,2
144,2566,2
144,1055,3
144,2614,4
144,306,3
144,732,5
144,185,2
144,2725,2
144,962,3
144,1491,2
144,1031,2
144,2942,2
144,2944,2
144,443,3
144,1355,5
144,3097,2
144,1792,2
144,3189,3
144,486,5
144,1353,2
144,3505,2
144,243,3
144,3728,2
144,371,2
144,3753,2
144,487,2
144,3993,2
144,489,2
144,400,2
144,3374,2
144,2018,2
144,3590,2
145,149,18
145,150,21
145,151,10
145,152,11
145,153,2
145,146,37
145,147,41
145,356,14
145,357,2
145,358,4
145,359,15
145,342,3
145,360,2
145,294,2
145,427,9
145,988,5
145,537,5
145,492,15
145,493,13
145,510,15
145,705,2
145,1062,2
145,502,21
145,1061,4
145,927,2
145,1545,2
145,1548,6
145,1546,2
145,202,2
145,646,2
145,497,5
145,504,6
145,506,5
145,1311,2
145,1422,4
145,337,2
145,899,3
145,1572,2
145,1844,4
145,503,6
145,2005,2
145,1095,4
145,507,5
145,1460,2
145,230,4
145,499,5
145,1567,5
145,505,5
145,494,3
145,2058,2
145,1055,2
145,1237,3
145,2614,2
145,508,2
145,732,4
145,1836,3
145,1146,4
145,1147,3
145,426,6
145,1355,2
145,2232,6
145,285,2
145,3778,3
145,514,3
145,1525,3
145,1757,3
145,5172,2
145,5163,2
145,594,2
145,3361,2
146,149,57
146,150,87
146,151,27
146,152,29
146,154,2
146,153,4
146,147,142
146,356,43
146,357,2
146,358,14
146,359,52
146,349,2
146,342,5
146,294,2
146,426,24
146,427,25
146,428,6
146,336,2
146,490,5
146,491,7
146,492,51
146,493,31
146,494,9
146,230,14
146,366,2
146,377,2
146,497,12
146,498,5
146,499,21
146,511,7
146,500,8
146,501,5
146,512,7
146,513,2
146,502,50
146,514,14
146,503,16
146,504,14
146,505,12
146,515,3
146,521,4
146,506,21
146,522,2
146,507,10
146,508,5
146,516,7
146,509,2
146,510,44
146,523,2
146,517,3
146,323,4
146,485,3
146,537,13
146,278,2
146,486,8
146,487,5
146,475,2
146,705,8
146,764,2
146,771,4
146,297,3
146,239,8
146,973,5
146,375,12
146,974,4
146,987,2
146,988,5
146,989,3
146,1054,3
146,1055,5
146,1052,9
146,197,13
146,337,11
146,899,9
146,1053,2
146,1062,3
146,1061,5
146,927,3
146,1072,2
146,1097,3
146,1098,3
146,1095,10
146,965,2
146,667,4
146,1096,2
146,1236,6
146,1232,2
146,1237,5
146,373,3
146,456,2
146,1311,8
146,1183,8
146,1422,5
146,1157,2
146,1001,2
146,1424,2
146,1567,7
146,1569,3
146,1572,2
146,261,5
146,724,3
146,864,3
146,367,3
146,1714,2
146,1803,2
146,1836,6
146,1837,3
146,1253,2
146,184,5
146,1797,2
146,1843,2
146,1844,9
146,1375,2
146,1862,5
146,1861,2
146,732,9
146,1548,17
146,2005,4
146,1794,2
146,2018,3
146,1993,2
146,1545,2
146,1546,2
146,673,2
146,2111,2
146,2123,2
146,2124,3
146,2125,2
146,1460,4
146,371,5
146,432,3
146,736,4
146,344,3
146,2297,2
146,1806,2
146,2337,2
146,2338,5
146,1146,9
146,1147,4
146,2351,2
146,2352,4
146,2325,2
146,1865,3
146,1425,3
146,2329,2
146,2347,2
146,2331,3
146,931,3
146,454,2
146,2562,5
146,2563,2
146,983,3
146,260,4
146,2058,3
146,285,5
146,2566,2
146,2615,2
146,2613,2
146,2614,5
146,306,3
146,185,7
146,388,2
146,2725,2
146,962,4
146,1491,2
146,1031,2
146,928,4
146,2229,2
146,2942,2
146,2944,2
146,443,5
146,1355,5
146,3067,2
146,2479,3
146,3097,2
146,664,2
146,1792,2
146,2926,2
146,3157,2
146,3189,3
146,1796,2
146,3298,2
146,3244,2
146,3361,3
146,1353,2
146,3505,2
146,243,4
146,3560,4
146,3630,2
146,204,4
146,3697,2
146,3694,5
146,3592,2
146,846,7
146,1454,5
146,608,3
146,3696,3
146,3666,3
146,3728,2
146,2232,7
146,3753,2
146,3077,2
146,3778,2
146,3832,3
146,1163,4
146,3681,3
146,3994,3
146,3993,2
146,489,2
146,4186,2
146,2928,2
146,4367,2
146,3700,2
146,1164,2
146,4374,2
146,1756,2
146,795,2
146,4472,2
146,4473,2
146,996,2
146,1770,2
146,2889,2
146,1525,2
146,2525,2
146,1840,2
146,3185,2
146,4905,3
146,1989,2
146,1757,3
146,281,2
146,1685,2
146,400,2
146,3374,2
146,1864,2
146,5058,2
146,5172,2
146,5163,2
146,594,2
146,3590,2
146,5243,2
147,149,62
147,150,92
147,151,30
147,152,30
147,154,2
147,153,5
147,355,5
147,356,46
147,357,2
147,358,17
147,359,59
147,328,2
147,349,2
147,342,8
147,329,2
147,360,2
147,330,2
147,294,3
147,426,32
147,427,27
147,428,7
147,336,2
147,490,5
147,491,6
147,492,54
147,493,33
147,494,10
147,230,16
147,366,2
147,377,2
147,497,13
147,498,6
147,499,22
147,511,7
147,500,8
147,501,5
147,512,7
147,513,3
147,502,53
147,514,16
147,503,17
147,504,14
147,505,13
147,515,3
147,521,4
147,506,23
147,522,2
147,507,10
147,508,5
147,516,7
147,509,2
147,510,46
147,523,3
147,517,3
147,275,2
147,323,4
147,485,3
147,537,13
147,278,3
147,486,8
147,487,5
147,475,3
147,451,2
147,705,9
147,764,2
147,771,4
147,291,3
147,297,6
147,768,2
147,239,10
147,973,5
147,375,12
147,974,4
147,987,2
147,988,7
147,989,4
147,1054,3
147,1055,6
147,1052,10
147,197,14
147,337,11
147,899,9
147,1053,2
147,1062,3
147,1061,5
147,927,3
147,1072,2
147,1097,3
147,1098,3
147,1095,10
147,965,2
147,667,4
147,1096,2
147,1236,6
147,1232,2
147,1237,5
147,373,3
147,456,2
147,1311,8
147,1183,8
147,1422,6
147,1157,2
147,1001,2
147,1424,2
147,1545,4
147,1547,2
147,1548,19
147,1546,4
147,202,8
147,646,4
147,1555,2
147,1556,4
147,1522,4
147,1525,6
147,1526,4
147,1527,2
147,200,2
147,1567,8
147,1569,3
147,1572,2
147,261,6
147,1624,2
147,1623,3
147,1593,2
147,724,3
147,864,4
147,367,3
147,1714,2
147,1803,2
147,1836,6
147,1837,3
147,1253,2
147,184,5
147,1797,2
147,1843,2
147,1844,8
147,1375,2
147,1862,5
147,1861,2
147,732,9
147,2005,4
147,1794,2
147,2018,3
147,1993,2
147,673,3
147,2111,2
147,2123,2
147,2124,3
147,2125,2
147,1460,4
147,371,4
147,432,3
147,2232,9
147,285,6
147,736,4
147,344,2
147,2297,2
147,1806,2
147,2337,3
147,2338,5
147,1146,9
147,1147,4
147,2351,2
147,2352,4
147,2325,2
147,1865,3
147,1425,3
147,2329,2
147,2347,2
147,2331,3
147,931,3
147,454,2
147,351,2
147,811,2
147,164,2
147,853,2
147,167,3
147,2562,5
147,2563,2
147,983,3
147,260,4
147,2058,3
147,2566,2
147,2615,2
147,2613,2
147,2614,6
147,306,3
147,185,11
147,388,2
147,2725,2
147,962,4
147,1491,2
147,1031,2
147,928,3
147,2229,2
147,2942,2
147,2944,2
147,443,5
147,1355,5
147,1132,4
147,889,4
147,3013,4
147,453,4
147,1598,3
147,2976,4
147,2800,3
147,2509,4
147,445,3
147,2747,4
147,890,4
147,3014,4
147,272,3
147,2648,4
147,1036,4
147,875,3
147,1265,4
147,1066,2
147,3012,2
147,2640,3
147,1078,2
147,3067,2
147,2479,2
147,3097,2
147,664,2
147,1792,2
147,2926,2
147,3157,2
147,3189,3
147,1796,2
147,3298,2
147,3244,3
147,3361,3
147,1353,2
147,3475,2
147,3476,4
147,3477,4
147,1204,4
147,3478,4
147,219,2
147,3479,4
147,3480,4
147,3481,2
147,3482,4
147,2861,4
147,3483,4
147,3505,2
147,243,4
147,3560,4
147,3630,2
147,204,4
147,3697,2
147,3694,5
147,3592,2
147,846,7
147,1454,5
147,608,3
147,3696,3
147,3666,3
147,3728,2
147,3753,2
147,3077,2
147,3778,3
147,3832,3
147,1163,4
147,3681,3
147,3994,3
147,3993,2
147,489,2
147,4099,2
147,1222,2
147,452,3
147,1729,2
147,3797,2
147,287,2
147,163,2
147,3642,2
147,4087,2
147,2575,2
147,1578,2
147,533,2
147,4186,2
147,4287,2
147,2928,2
147,4367,2
147,3700,2
147,1164,2
147,4374,2
147,1756,2
147,795,2
147,4472,2
147,4473,2
147,996,2
147,1770,2
147,2889,2
147,1835,2
147,2525,2
147,2925,7
147,2355,2
147,2998,2
147,1840,2
147,3185,2
147,4905,3
147,1989,2
147,1757,3
147,281,2
147,1685,2
147,400,2
147,3374,2
147,1864,2
147,5058,2
147,577,2
147,5172,2
147,5163,2
147,594,2
147,3590,2
147,5243,2
148,485,2
148,3776,2
148,3777,2
149,150,45
149,151,14
149,152,17
149,153,2
149,426,17
149,427,14
149,428,5
149,497,7
149,498,3
149,499,12
149,511,3
149,500,2
149,501,2
149,512,3
149,513,3
149,490,4
149,356,16
149,502,22
149,514,10
149,503,6
149,504,10
149,505,5
149,359,23
149,491,3
149,515,3
149,521,3
149,506,13
149,507,8
149,508,3
149,516,3
149,492,22
149,493,17
149,509,2
149,494,6
149,510,22
149,523,3
149,517,3
149,323,2
149,451,2
149,705,3
149,764,2
149,537,5
149,771,4
149,358,7
149,297,3
149,768,2
149,1054,2
149,1055,3
149,1052,4
149,197,4
149,337,3
149,899,3
149,230,6
149,1236,6
149,1232,2
149,1237,3
149,373,2
149,1062,2
149,927,2
149,1311,5
149,375,3
149,1545,2
149,988,3
149,1548,7
149,342,3
149,1546,2
149,202,4
149,646,4
149,1567,6
149,1061,3
149,1623,3
149,1556,2
149,1522,2
149,1525,3
149,1593,2
149,1526,3
149,1836,3
149,1837,2
149,1797,2
149,1844,4
149,1993,2
149,2124,2
149,2125,2
149,1460,3
149,2232,4
149,989,3
149,285,3
149,973,2
149,2338,3
149,1146,4
149,1147,2
149,2562,4
149,2563,2
149,1095,6
149,983,2
149,260,3
149,2058,2
149,239,4
149,2725,2
149,962,3
149,2352,3
149,1491,2
149,1865,2
149,1425,2
149,1031,2
149,2331,2
149,3097,2
149,443,4
149,1792,2
149,1355,3
149,736,2
149,3189,2
149,3361,3
149,732,5
149,3560,3
149,796,2
149,608,3
149,3630,2
149,667,2
149,204,3
149,1183,4
149,3697,2
149,3694,2
149,846,4
149,185,3
149,1454,3
149,3696,2
149,3666,2
149,1422,3
149,3832,2
149,1163,2
149,3681,2
149,3994,2
149,2614,2
149,3993,2
149,1835,2
149,1840,2
149,3185,2
149,400,2
149,3374,2
150,151,18
150,152,21
150,154,2
150,153,4
150,426,18
150,490,3
150,356,28
150,359,39
150,491,7
150,492,32
150,493,23
150,494,8
150,230,9
150,497,7
150,498,5
150,499,14
150,511,7
150,500,6
150,501,3
150,512,7
150,513,3
150,502,31
150,514,11
150,503,12
150,504,10
150,505,12
150,515,2
150,521,4
150,506,16
150,522,2
150,507,8
150,508,3
150,516,4
150,428,4
150,509,2
150,510,31
150,523,3
150,517,3
150,323,4
150,1054,3
150,1055,6
150,1052,6
150,197,9
150,358,8
150,337,7
150,899,6
150,1053,2
150,1072,2
150,1097,3
150,1098,3
150,1095,6
150,965,2
150,667,3
150,1096,2
150,1236,4
150,1237,5
150,373,2
150,1062,2
150,927,2
150,427,18
150,1311,6
150,375,8
150,1183,7
150,1422,3
150,1157,2
150,1555,2
150,1556,2
150,1522,2
150,1525,3
150,1526,2
150,1527,2
150,200,2
150,537,6
150,1061,2
150,1569,2
150,1624,2
150,367,3
150,1714,2
150,1803,2
150,1843,2
150,988,2
150,1844,6
150,1862,5
150,1861,2
150,261,2
150,732,6
150,1548,12
150,2005,3
150,184,3
150,1794,2
150,1993,2
150,202,3
150,646,3
150,705,4
150,2111,2
150,2124,3
150,2125,2
150,1460,3
150,2232,5
150,989,3
150,285,5
150,736,3
150,1545,2
150,1546,2
150,1836,5
150,2297,2
150,1806,2
150,2337,2
150,973,4
150,2338,3
150,1567,6
150,1146,8
150,1147,3
150,2351,2
150,2352,3
150,2325,2
150,1865,3
150,1425,3
150,2329,2
150,2347,2
150,2331,3
150,931,3
150,454,2
150,2562,5
150,2563,2
150,983,2
150,260,4
150,2058,2
150,239,5
150,2566,2
150,2613,2
150,2614,4
150,342,3
150,306,3
150,2725,2
150,962,3
150,1491,2
150,1031,2
150,185,5
150,974,2
150,864,2
150,2942,2
150,2944,2
150,443,5
150,1355,5
150,1837,2
150,928,2
150,2479,2
150,3097,2
150,1792,2
150,2926,2
150,3189,3
150,1796,2
150,486,5
150,487,4
150,3361,3
150,1353,2
150,204,2
150,3697,2
150,3560,3
150,771,3
150,3694,5
150,3592,2
150,846,6
150,1454,5
150,608,3
150,3696,2
150,3666,3
150,3728,2
150,371,2
150,243,2
150,3753,2
150,3077,2
150,3778,2
150,3994,2
150,485,2
150,4099,2
150,2928,2
150,4367,2
150,1163,3
150,3700,2
150,1164,2
150,3832,2
150,4472,2
150,4473,2
150,996,2
150,1770,2
150,1840,2
150,3185,2
150,4905,2
150,3590,2
151,152,7
151,498,3
151,705,2
151,499,6
151,537,2
151,771,3
151,514,6
151,358,4
151,492,10
151,297,2
151,427,8
151,502,11
151,1061,2
151,497,2
151,1555,2
151,1556,3
151,356,7
151,506,6
151,1522,3
151,1525,5
151,1526,4
151,1527,2
151,426,6
151,1623,3
151,359,12
151,493,5
151,494,2
151,510,8
151,1593,2
151,1836,2
151,505,3
151,515,2
151,428,2
151,184,2
151,1797,2
151,512,3
151,1844,4
151,1862,2
151,261,2
151,988,2
151,1548,4
151,736,3
151,732,3
151,503,2
151,1353,2
151,1355,3
151,3444,2
151,615,2
151,2024,2
151,3445,2
151,3446,2
151,3447,2
151,3448,2
151,3449,2
151,3450,2
151,3451,2
151,908,2
151,371,3
151,1616,2
151,604,2
151,888,2
151,3452,2
151,287,2
151,3453,2
151,3454,2
151,443,2
151,1423,2
151,3455,2
151,667,2
151,532,2
151,3456,2
151,2036,2
151,2369,2
151,3457,2
151,504,3
151,507,2
151,899,2
151,337,2
151,1183,2
151,1055,2
151,3728,2
151,2614,2
151,306,2
151,1236,3
151,204,2
151,2232,3
151,185,3
151,1835,2
151,3189,2
151,1052,2
151,342,2
151,517,2
151,1840,2
151,3185,2
151,4905,2
151,281,2
151,1685,2
152,153,2
152,497,7
152,498,3
152,499,5
152,500,2
152,501,2
152,356,10
152,502,16
152,514,5
152,503,5
152,504,6
152,505,3
152,359,14
152,491,2
152,521,2
152,506,10
152,507,4
152,508,3
152,516,3
152,492,17
152,493,11
152,509,2
152,494,3
152,510,12
152,517,2
152,705,4
152,537,3
152,358,4
152,427,5
152,1061,4
152,1567,3
152,1311,4
152,2005,2
152,1548,8
152,1095,5
152,184,2
152,1794,2
152,1844,3
152,1460,2
152,230,4
152,973,2
152,2338,2
152,1146,3
152,1147,2
152,2562,2
152,260,2
152,2058,3
152,239,4
152,337,2
152,899,2
152,426,4
152,1055,2
152,3728,2
152,2614,2
152,3778,2
152,2232,3
152,4473,2
152,3189,2
152,1355,2
152,5243,2
153,356,2
153,358,2
153,359,3
153,508,2
153,492,2
153,342,2
153,294,2
155,900,2
155,2238,2
155,202,2
155,175,2
155,443,2
155,5567,2
156,158,32
156,2717,2
156,202,2
156,2718,2
156,646,4
156,688,2
156,260,19
156,175,4
156,217,2
156,2886,2
156,2887,2
156,2888,2
156,2889,2
156,1203,2
156,2890,2
156,242,2
156,1019,3
156,3025,2
156,764,26
156,3034,3
156,606,2
156,3027,2
156,3028,13
156,2986,4
156,1911,2
156,1797,2
156,3035,2
156,3036,2
156,3009,3
156,2960,7
156,3072,2
156,696,2
156,301,13
156,2659,4
156,3121,3
156,3127,2
156,581,2
156,3128,2
156,2907,2
156,671,5
156,302,4
156,1255,2
156,924,2
156,1124,2
156,1401,2
156,3169,3
156,2787,2
156,443,5
156,667,2
156,2952,6
156,2791,3
156,2023,2
156,2298,7
156,239,5
156,2954,4
156,3314,4
156,2972,2
156,1329,2
156,3324,2
156,2200,2
156,195,3
156,676,3
156,3134,2
156,3484,2
156,3485,2
156,3486,2
156,2501,2
156,3488,2
156,3491,2
156,677,2
156,3068,3
156,497,4
156,453,4
156,2130,4
156,3690,2
156,3761,6
156,3762,2
156,3217,7
156,692,10
156,693,10
156,3763,5
156,2184,3
156,3764,4
156,3701,2
156,781,9
156,2924,4
156,1449,9
156,3792,3
156,3793,2
156,3821,2
156,3822,2
156,3823,5
156,3816,2
156,3817,2
156,691,4
156,3847,3
156,4690,3
156,2647,3
156,3135,3
156,4691,3
156,4692,2
156,2648,3
156,4693,2
156,4694,3
156,2064,2
157,2918,2
157,2894,2
157,2896,2
157,2659,4
157,764,3
157,277,3
157,4657,2
157,1449,3
158,202,2
158,2718,2
158,646,3
158,688,2
158,260,9
158,175,3
158,217,2
158,2886,2
158,2887,2
158,2888,2
158,2889,2
158,1203,2
158,2890,2
158,242,2
158,1019,3
158,764,17
158,301,5
158,2659,2
158,2960,5
158,3121,2
158,671,8
158,302,7
158,1255,2
158,924,2
158,1124,2
158,443,4
158,2952,5
158,3028,5
158,2791,3
158,2298,5
158,239,4
158,2954,4
158,3314,4
158,2972,2
158,3169,2
158,1329,2
158,3324,2
158,2200,2
158,2986,2
158,195,3
158,1461,4
158,3487,4
158,3488,4
158,297,3
158,3490,4
158,3491,4
158,676,3
158,3484,3
158,3485,3
158,3486,3
158,2501,3
158,3489,2
158,781,6
158,1449,6
158,3821,2
158,3822,2
158,3823,3
158,3068,2
158,3761,2
158,691,3
158,692,3
158,693,3
159,160,2
161,162,3
161,3944,2
161,3945,2
161,836,2
161,538,2
161,3946,2
161,3947,2
161,332,2
161,3948,2
161,3949,2
161,3950,2
161,3951,2
161,3952,2
161,3953,2
161,275,2
161,2330,2
161,1723,2
161,1856,2
161,3954,2
161,3955,2
161,3956,2
161,3957,2
161,3958,2
162,163,6
162,164,2
162,165,2
162,260,2
162,2531,2
162,175,2
162,287,3
162,443,2
162,332,5
162,1290,2
162,1810,2
162,171,2
162,3944,2
162,3945,2
162,836,2
162,538,2
162,3946,2
162,3947,2
162,3948,2
162,3949,2
162,3950,2
162,3951,2
162,3952,2
162,3953,2
162,275,2
162,2330,2
162,1723,2
162,1856,2
162,3954,2
162,3955,2
162,3956,2
162,3957,2
162,3958,2
163,164,3
163,166,3
163,165,3
163,167,2
163,301,2
163,302,2
163,260,4
163,171,3
163,317,5
163,318,2
163,319,2
163,197,11
163,320,2
163,321,2
163,322,2
163,323,2
163,324,2
163,306,4
163,325,23
163,332,15
163,723,3
163,297,2
163,949,6
163,2321,2
163,1601,2
163,2478,3
163,1310,2
163,2531,2
163,1729,16
163,287,53
163,457,20
163,2575,25
163,2583,3
163,2584,5
163,2585,4
163,1428,18
163,218,2
163,543,2
163,2913,2
163,175,2
163,445,22
163,1810,8
163,2915,19
163,2459,4
163,3308,2
163,433,2
163,771,2
163,3309,2
163,185,3
163,248,2
163,2044,2
163,3310,2
163,430,2
163,1989,2
163,434,2
163,211,2
163,542,2
163,355,3
163,3796,6
163,3797,25
163,3642,21
163,3798,2
163,1736,2
163,3804,4
163,1559,2
163,3799,4
163,3819,3
163,3820,2
163,3846,8
163,1578,10
163,533,21
163,1606,4
163,1607,3
163,3160,2
163,3905,2
163,4087,13
163,2221,3
163,4260,2
163,4261,2
163,4262,4
163,4263,2
163,4264,2
163,1075,2
163,671,2
163,1228,2
163,3382,2
163,673,2
163,1080,2
163,1249,12
163,4541,19
163,4542,6
163,4543,15
163,4474,17
163,440,18
163,4544,5
163,4549,2
163,4552,2
163,615,3
163,4551,8
163,4996,4
163,5070,3
163,2535,3
163,4440,4
163,2748,2
163,5345,2
163,1006,2
163,5346,2
163,838,2
163,299,2
163,5347,2
163,5592,2
163,5593,4
163,344,2
163,5594,9
163,483,2
163,1776,2
163,4259,2
163,5612,14
163,5613,3
163,5010,2
163,5616,10
163,5617,4
164,168,3
164,165,22
164,167,46
164,228,22
164,260,25
164,865,22
164,724,3
164,197,30
164,866,8
164,864,5
164,867,10
164,868,19
164,878,4
164,886,16
164,879,6
164,887,5
164,880,5
164,690,4
164,691,2
164,881,3
164,888,11
164,248,8
164,694,3
164,250,11
164,882,7
164,883,10
164,884,7
164,275,2
164,853,4
164,173,3
164,885,8
164,1002,4
164,1003,6
164,1004,3
164,948,12
164,1005,17
164,632,7
164,811,30
164,1006,9
164,1007,6
164,1008,5
164,548,20
164,1009,2
164,315,5
164,565,5
164,1010,6
164,415,5
164,1011,6
164,1023,10
164,1024,5
164,1025,6
164,1026,4
164,1027,6
164,1081,2
164,1082,9
164,949,13
164,1770,7
164,1985,5
164,183,3
164,1107,2
164,1932,3
164,637,2
164,2036,3
164,2034,12
164,301,2
164,2093,2
164,2094,2
164,2095,2
164,249,3
164,540,2
164,969,4
164,230,12
164,1141,16
164,2359,4
164,2360,3
164,594,2
164,2414,4
164,430,3
164,2415,4
164,278,2
164,1559,2
164,2426,2
164,256,3
164,2534,2
164,2538,2
164,2535,3
164,2536,3
164,2537,2
164,1323,2
164,2539,4
164,2544,2
164,2545,2
164,2551,2
164,2550,2
164,1174,3
164,1143,7
164,181,7
164,1945,2
164,2882,2
164,2883,2
164,2734,2
164,2129,5
164,3000,2
164,2358,3
164,1649,3
164,2459,13
164,3661,4
164,2766,2
164,3662,2
164,3663,2
164,3664,3
164,3741,2
164,229,4
164,3893,2
164,1930,2
164,590,2
164,198,2
164,3995,2
164,453,5
164,3996,2
164,2861,5
164,306,8
164,184,7
164,185,5
164,383,2
164,287,6
164,483,2
164,1511,2
164,4063,2
164,239,2
164,4115,2
164,3420,2
164,4116,2
164,4230,2
164,4231,3
164,1142,3
164,4232,4
164,4233,3
164,4234,4
164,4235,2
164,4236,2
164,4237,2
164,4240,3
164,836,2
164,1088,2
164,4464,2
164,3320,2
164,996,3
164,4359,2
164,4465,3
164,4466,2
164,4467,2
164,4468,4
164,967,3
164,4469,2
164,2252,3
164,968,3
164,3696,3
164,4471,2
164,1576,2
164,667,3
164,297,13
164,4475,2
164,3685,4
164,5103,4
164,5098,4
164,877,2
164,4977,2
164,3408,3
164,5141,2
164,1644,2
164,4189,3
164,2367,3
164,5142,2
164,5256,2
164,5257,2
164,3238,3
164,2437,4
164,962,5
164,5413,2
164,1331,10
164,2688,8
164,1075,10
164,5414,6
164,3304,2
164,771,2
164,5431,2
164,3592,2
164,5432,2
164,1287,2
164,1639,2
164,231,3
164,5434,2
164,5436,3
164,2355,6
164,5437,2
164,5440,2
164,5439,2
164,5581,5
164,5573,9
164,5574,12
164,2427,10
164,5582,4
164,800,10
164,3706,6
164,5553,9
164,1451,9
164,3789,10
164,5554,9
164,3871,8
164,325,10
164,5160,9
164,4275,5
164,443,3
164,1560,2
164,5590,2
164,5555,3
164,2916,6
164,5576,4
164,5604,2
165,167,22
165,948,10
165,949,6
165,865,12
165,1002,4
165,1003,6
165,1004,3
165,1005,6
165,632,4
165,811,23
165,1006,7
165,1007,6
165,1008,5
165,548,8
165,1009,2
165,315,6
165,883,9
165,565,5
165,1010,6
165,415,5
165,1011,6
165,1012,4
165,1023,5
165,1024,5
165,1025,5
165,1026,4
165,1027,6
165,1081,2
165,1082,4
165,197,6
165,888,2
165,1770,2
165,868,5
165,173,2
165,1143,18
165,258,2
165,878,2
165,882,3
165,884,3
165,230,4
165,1141,21
165,2551,2
165,2550,2
165,1174,3
165,1323,2
165,2358,4
165,248,5
165,2535,2
165,1653,3
165,866,5
165,2129,6
165,181,2
165,3325,3
165,313,3
165,1514,3
165,3661,3
165,2766,2
165,3662,2
165,2036,2
165,3663,2
165,3664,3
165,1649,4
165,2861,5
165,374,3
165,229,3
165,228,7
165,3893,2
165,1930,2
165,590,5
165,198,2
165,4019,2
165,1968,2
165,1639,2
165,4020,2
165,314,6
165,531,2
165,4709,2
165,864,2
165,724,2
165,2355,2
165,931,6
165,3658,2
165,771,2
165,1383,2
165,836,3
165,1413,2
165,4729,2
165,3660,2
165,1736,2
165,676,2
165,4730,2
165,171,2
165,5113,2
165,5064,2
165,1979,3
165,1642,3
165,2130,5
165,5337,3
165,5338,3
165,917,16
165,449,11
165,5345,2
165,5346,2
165,838,2
165,299,2
165,5347,2
165,1987,3
165,5397,3
165,735,8
165,5551,4
165,919,8
166,1171,2
166,633,2
166,1172,2
166,287,3
166,2585,2
166,1428,2
167,168,2
167,275,5
167,344,19
167,230,38
167,795,7
167,830,7
167,306,19
167,878,4
167,886,3
167,879,6
167,887,5
167,880,5
167,197,14
167,881,3
167,888,11
167,248,10
167,694,2
167,250,6
167,882,7
167,883,10
167,884,6
167,853,4
167,173,2
167,885,5
167,865,24
167,1002,4
167,1003,6
167,1004,3
167,948,13
167,1005,11
167,632,7
167,811,23
167,1006,5
167,1007,6
167,1008,5
167,548,8
167,1009,2
167,315,6
167,565,5
167,1010,6
167,415,5
167,1011,6
167,1012,2
167,1023,9
167,1024,5
167,1025,5
167,1026,4
167,1027,6
167,1081,2
167,1082,9
167,724,5
167,1467,3
167,1466,3
167,1468,3
167,1469,3
167,458,21
167,1465,2
167,228,13
167,1535,2
167,1536,16
167,914,2
167,1565,2
167,1566,2
167,181,4
167,1755,8
167,440,15
167,1765,3
167,1329,2
167,949,11
167,1770,5
167,1985,5
167,1107,2
167,868,27
167,1932,5
167,637,3
167,866,4
167,867,3
167,2034,2
167,301,2
167,2093,2
167,2094,2
167,2095,2
167,249,4
167,260,7
167,540,2
167,969,3
167,2414,4
167,2415,5
167,278,2
167,2426,2
167,256,3
167,2534,2
167,2538,2
167,2535,4
167,2536,3
167,2537,2
167,1323,5
167,2539,2
167,2544,2
167,2545,2
167,1141,11
167,2551,2
167,2550,2
167,1174,3
167,1143,7
167,606,27
167,836,14
167,2322,13
167,2629,15
167,2630,4
167,2634,3
167,2638,4
167,2651,5
167,2652,20
167,421,19
167,2653,19
167,2654,23
167,2655,3
167,733,10
167,2656,8
167,2657,16
167,2658,12
167,2660,3
167,2661,4
167,2662,2
167,2667,2
167,2668,3
167,2669,2
167,2358,4
167,1653,3
167,798,2
167,2906,2
167,592,2
167,2459,4
167,453,6
167,3741,2
167,229,5
167,3938,2
167,3893,2
167,1930,3
167,198,2
167,3995,2
167,3996,2
167,2861,3
167,931,4
167,287,4
167,3119,2
167,996,15
167,2355,2
167,3871,2
167,2022,4
167,279,14
167,325,3
167,2925,2
167,4213,2
167,4709,2
167,4720,2
167,864,6
167,4755,2
167,1547,7
167,4748,3
167,342,7
167,4756,2
167,343,4
167,2613,2
167,394,13
167,3969,13
167,185,11
167,983,11
167,281,12
167,1685,13
167,4963,2
167,2331,4
167,3685,4
167,5103,4
167,5098,4
167,877,2
167,4977,2
167,3408,3
167,5141,2
167,1644,2
167,4189,3
167,2367,3
167,5142,2
167,5176,2
167,4931,3
167,814,3
167,5157,2
167,5187,2
167,5159,2
167,5256,2
167,5257,2
167,2784,2
167,5292,3
167,3724,3
167,355,3
167,5296,2
167,2286,3
167,5293,2
167,3344,3
167,5294,3
167,2763,3
167,863,3
167,1522,2
167,1120,2
167,5295,3
167,3457,3
167,1857,2
167,1979,2
167,2130,2
167,314,2
167,917,2
167,5574,2
167,4275,2
168,866,2
168,836,2
168,1546,4
168,202,3
168,2225,2
168,677,3
168,796,3
168,1580,2
168,2555,2
168,2556,2
168,2557,2
168,2558,2
168,2559,2
168,3742,2
168,3743,2
168,3744,2
168,1011,2
168,3745,2
168,239,2
168,228,2
168,260,2
168,4115,2
168,3420,2
168,4116,2
168,342,2
168,2077,2
168,4704,2
168,4705,2
168,4706,2
168,928,10
168,1083,10
168,2479,3
168,2229,6
168,724,4
168,931,2
168,864,2
168,1863,3
168,5090,3
168,946,3
168,1680,3
168,383,2
168,5091,3
168,5092,3
168,4060,3
168,199,3
168,524,2
168,2253,3
168,5460,2
168,1814,2
168,1353,3
168,5461,2
168,5462,3
168,381,3
169,170,2
169,171,2
169,1688,6
169,1698,6
169,1699,2
169,297,6
169,373,6
169,230,5
169,1687,5
169,1510,5
169,697,5
169,1690,3
169,760,4
169,1720,2
169,425,4
169,1721,2
169,3472,3
169,302,2
169,3473,2
169,2079,2
170,171,2
171,175,2
171,173,2
171,301,2
171,260,5
171,533,2
171,332,3
171,230,4
171,185,2
171,1536,2
171,2826,2
171,2827,2
171,395,2
171,2828,2
171,1928,2
171,2829,2
171,2830,2
171,2831,2
171,811,5
171,2832,2
171,2833,2
171,2834,2
171,2835,2
171,2836,2
171,2837,2
171,526,2
171,2838,2
171,315,2
171,2839,2
171,2191,2
171,1455,2
171,2840,2
171,223,2
171,2841,2
171,2842,2
171,1727,2
171,2843,2
171,2844,2
171,2845,2
171,313,4
171,2846,2
171,2847,2
171,2848,2
171,2849,2
171,2850,2
171,2851,2
171,2852,2
171,2853,2
171,2854,2
171,306,3
171,2855,2
171,2856,2
171,287,2
171,445,2
171,1810,2
171,900,2
171,344,3
171,2459,2
171,948,2
171,3658,2
171,771,2
171,1383,2
171,836,2
171,228,2
171,1413,2
171,4729,2
171,3660,2
171,3325,2
171,1736,2
171,1514,2
171,676,2
171,4730,2
171,217,2
171,724,3
171,864,3
171,4275,2
172,173,4
172,174,3
172,1827,2
172,707,2
172,2488,2
172,2489,2
172,1441,2
172,2490,2
172,2491,2
172,2492,2
172,2090,2
172,2493,2
173,175,18
173,178,2
173,177,2
173,174,11
173,185,5
173,301,6
173,312,5
173,313,6
173,314,5
173,315,4
173,383,2
173,248,40
173,297,5
173,551,3
173,552,3
173,342,7
173,553,3
173,464,4
173,604,2
173,184,7
173,344,3
173,605,2
173,606,4
173,430,7
173,608,4
173,230,19
173,684,10
173,432,4
173,878,8
173,886,2
173,879,3
173,880,3
173,197,6
173,694,2
173,250,9
173,882,2
173,883,2
173,884,2
173,275,8
173,853,6
173,892,2
173,885,2
173,1124,6
173,356,2
173,287,8
173,1289,2
173,445,11
173,260,11
173,388,2
173,355,8
173,206,3
173,286,2
173,554,2
173,1309,2
173,458,3
173,483,3
173,444,2
173,1401,2
173,341,2
173,332,5
173,1406,2
173,1414,2
173,1415,2
173,632,3
173,443,6
173,1419,2
173,223,3
173,1412,2
173,1393,2
173,580,11
173,1437,2
173,1441,5
173,295,3
173,323,16
173,1471,2
173,1472,2
173,1473,2
173,1474,2
173,1475,2
173,1476,3
173,475,2
173,1477,2
173,1478,2
173,1479,5
173,905,2
173,518,2
173,671,2
173,1656,2
173,707,11
173,1657,3
173,1662,2
173,1658,6
173,1659,2
173,1660,3
173,1661,2
173,851,2
173,1730,2
173,771,2
173,1737,3
173,543,2
173,1810,2
173,1955,3
173,1956,3
173,1957,3
173,1958,3
173,1959,3
173,1389,3
173,1997,2
173,1998,2
173,349,3
173,1999,2
173,673,2
173,2000,2
173,2001,2
173,2002,2
173,536,2
173,453,4
173,442,2
173,651,2
173,1523,4
173,306,4
173,274,2
173,563,2
173,856,2
173,1287,2
173,706,2
173,2428,2
173,2429,2
173,2430,4
173,390,2
173,2431,2
173,2432,2
173,1324,3
173,2433,2
173,1827,2
173,2488,2
173,2489,2
173,2490,2
173,2491,2
173,2492,2
173,2090,2
173,2493,2
173,811,2
173,969,6
173,2318,3
173,2695,3
173,2696,2
173,2697,2
173,2698,2
173,571,2
173,2709,2
173,2710,4
173,863,5
173,711,2
173,325,5
173,2876,2
173,2495,2
173,2877,2
173,308,2
173,1242,2
173,1243,2
173,2878,2
173,2879,2
173,2880,2
173,764,4
173,298,2
173,324,2
173,239,2
173,305,2
173,2981,2
173,2982,2
173,2983,2
173,2984,2
173,440,6
173,2482,2
173,3121,2
173,3138,2
173,3139,2
173,531,3
173,231,2
173,1163,2
173,1938,3
173,3513,3
173,3197,4
173,1835,3
173,1558,3
173,1527,3
173,2854,3
173,277,3
173,2659,5
173,1449,8
173,3722,5
173,3808,2
173,3825,3
173,204,2
173,3836,2
173,3835,3
173,3848,4
173,3849,3
173,587,5
173,1209,5
173,261,9
173,3850,6
173,3851,5
173,3852,5
173,3853,5
173,3854,2
173,935,3
173,3855,2
173,3857,2
173,441,2
173,1183,4
173,1980,3
173,1454,5
173,1559,2
173,965,2
173,1812,2
173,1874,2
173,1875,5
173,471,2
173,2585,2
173,4127,2
173,291,2
173,785,2
173,1171,2
173,4140,2
173,949,3
173,1487,2
173,4367,2
173,1989,3
173,1164,2
173,2374,3
173,4973,2
173,2861,3
173,1110,2
173,963,2
173,5297,4
173,5298,3
173,5304,2
173,968,2
173,5493,2
173,4709,2
173,5539,2
173,5540,2
173,5541,2
173,5542,2
173,5543,2
173,5544,2
173,5545,2
173,5546,2
173,4672,2
173,5547,2
173,676,2
174,707,5
174,248,6
174,580,3
174,1662,2
174,1658,4
174,230,3
174,684,2
174,260,3
174,878,2
174,1827,2
174,2488,2
174,2489,2
174,1441,3
174,2490,2
174,2491,2
174,2492,2
174,2090,2
174,2493,2
174,2695,3
174,2696,2
174,1812,2
174,771,2
174,287,2
174,443,2
174,323,2
175,176,2
175,177,2
175,269,2
175,270,22
175,271,2
175,272,2
175,286,13
175,184,16
175,287,51
175,288,4
175,289,3
175,305,4
175,306,7
175,307,16
175,308,2
175,442,2
175,301,9
175,443,13
175,260,17
175,456,19
175,457,4
175,458,10
175,464,7
175,466,2
175,297,24
175,482,4
175,430,11
175,483,22
175,551,9
175,552,5
175,553,9
175,555,3
175,554,9
175,556,2
175,568,2
175,569,3
175,344,8
175,570,2
175,576,2
175,579,2
175,580,8
175,611,2
175,603,3
175,342,8
175,604,9
175,605,2
175,606,5
175,607,9
175,608,6
175,609,3
175,610,4
175,432,5
175,618,2
175,621,2
175,619,3
175,620,4
175,248,26
175,622,5
175,623,4
175,349,4
175,666,2
175,668,3
175,667,4
175,315,3
175,669,2
175,682,3
175,383,7
175,683,3
175,230,22
175,684,5
175,703,3
175,239,7
175,367,3
175,707,5
175,460,2
175,716,2
175,573,2
175,341,4
175,849,2
175,185,6
175,850,2
175,869,2
175,453,30
175,872,16
175,873,15
175,875,4
175,629,2
175,918,4
175,992,15
175,993,15
175,994,12
175,995,2
175,996,2
175,445,40
175,997,14
175,890,16
175,998,4
175,999,2
175,1000,13
175,1033,10
175,1034,2
175,355,22
175,1035,10
175,1036,3
175,630,5
175,1066,5
175,1071,9
175,1077,2
175,1060,2
175,637,3
175,1255,2
175,1286,3
175,1270,4
175,1289,2
175,388,2
175,1290,14
175,892,2
175,1306,3
175,1310,2
175,1309,4
175,950,3
175,1349,12
175,340,2
175,444,3
175,1401,7
175,343,2
175,1402,2
175,275,8
175,1429,2
175,1431,3
175,1430,2
175,1434,2
175,1393,2
175,1435,2
175,1437,2
175,1445,2
175,346,2
175,1447,4
175,1610,2
175,1611,2
175,863,3
175,1522,2
175,1523,4
175,1525,2
175,1527,2
175,1553,2
175,332,4
175,419,2
175,373,7
175,422,2
175,500,12
175,2024,10
175,1116,12
175,962,11
175,2025,9
175,1285,12
175,2026,23
175,1325,10
175,2027,10
175,2028,11
175,2029,10
175,1326,22
175,202,2
175,1865,3
175,323,5
175,2317,2
175,983,2
175,1124,6
175,651,2
175,274,2
175,2470,2
175,617,2
175,375,2
175,1776,2
175,2626,10
175,2640,9
175,1598,3
175,1182,2
175,1922,2
175,577,2
175,195,2
175,1376,2
175,2747,2
175,838,2
175,391,5
175,658,7
175,2864,6
175,2182,8
175,2866,6
175,2867,6
175,1461,7
175,2868,6
175,2869,7
175,2870,5
175,627,6
175,2871,7
175,2875,7
175,1733,7
175,2881,3
175,371,2
175,671,2
175,664,2
175,764,3
175,298,2
175,2698,3
175,324,2
175,462,2
175,2981,2
175,2982,2
175,2983,2
175,2430,2
175,2984,3
175,440,5
175,325,4
175,540,2
175,2727,3
175,187,3
175,188,2
175,3533,2
175,797,3
175,3535,2
175,190,2
175,3536,2
175,3537,2
175,421,2
175,3538,2
175,3539,2
175,3540,2
175,2732,2
175,3541,2
175,192,2
175,193,2
175,3543,2
175,2766,2
175,543,2
175,441,2
175,878,2
175,3006,2
175,1298,2
175,4257,2
175,4461,2
176,179,3
176,187,3
176,190,2
176,192,2
176,1272,2
176,1273,2
176,943,2
176,372,2
176,373,5
176,421,3
176,1270,3
176,1271,2
176,243,4
176,577,2
176,1274,2
176,1275,2
176,277,2
176,308,3
176,2744,2
176,297,2
176,262,2
176,2659,2
176,230,2
176,3077,2
176,367,4
176,606,2
176,301,3
176,3006,2
176,1598,2
176,4814,2
176,1203,2
176,2890,2
176,4815,2
176,342,2
176,4816,2
176,3698,2
176,4817,2
176,371,3
176,806,2
176,1371,2
177,297,3
177,374,3
177,393,3
177,273,2
177,1028,3
177,1029,3
177,1030,2
177,375,3
177,1712,2
177,1713,2
177,1326,5
177,1756,7
177,916,7
177,535,5
177,4463,3
177,795,8
177,222,3
177,5238,2
178,1416,2
178,443,2
178,248,2
178,230,2
178,239,2
178,771,2
178,367,6
178,4503,2
178,1714,6
178,4504,6
178,4505,5
178,4506,3
178,4522,3
178,4523,4
178,4524,3
179,262,4
179,277,2
179,2744,2
179,1809,2
179,1449,2
180,297,3
180,2030,4
180,3233,3
180,3234,3
180,3235,2
180,3236,5
180,3237,3
180,3315,3
180,682,2
180,184,2
180,383,3
180,239,2
180,1672,2
180,646,2
180,5633,2
180,667,2
180,347,2
181,182,4
181,183,5
181,930,3
181,1770,7
181,1023,3
181,811,3
181,948,2
181,2129,2
181,866,2
181,3415,2
181,1005,3
181,228,4
181,3227,2
181,4194,2
181,4195,2
181,291,2
181,865,3
181,355,3
181,1984,3
181,4422,3
181,4423,2
181,4424,2
181,230,3
181,535,3
181,3956,2
181,5266,2
181,548,2
182,183,7
182,197,3
182,287,3
182,457,3
182,2208,3
182,715,2
182,332,3
182,2571,3
182,2572,3
182,2574,3
182,1978,3
182,2575,3
182,1578,3
182,533,3
182,1389,3
182,1770,5
182,3227,4
183,1772,2
183,1770,15
183,930,2
183,593,2
183,1107,2
183,197,5
183,548,3
183,2136,4
183,302,4
183,2137,4
183,2138,4
183,2139,4
183,1075,5
183,673,4
183,2140,4
183,2141,5
183,2159,4
183,676,4
183,2143,4
183,2144,3
183,671,4
183,2142,2
183,3227,4
183,1006,2
183,4468,2
183,968,3
183,667,2
183,297,2
183,4474,2
183,4471,2
183,2889,2
183,4110,2
183,2322,2
183,943,2
183,3299,2
183,3244,2
183,4565,2
183,4566,2
183,4567,2
183,243,2
183,200,2
184,286,3
184,287,8
184,367,3
184,206,2
184,382,2
184,349,4
184,371,3
184,394,7
184,395,6
184,396,2
184,185,26
184,383,56
184,380,14
184,374,24
184,375,25
184,397,2
184,389,3
184,388,3
184,398,6
184,399,4
184,390,10
184,393,8
184,400,10
184,401,8
184,402,6
184,379,4
184,528,16
184,529,2
184,551,5
184,552,6
184,553,4
184,430,9
184,482,2
184,576,2
184,579,2
184,555,2
184,580,4
184,581,2
184,661,2
184,453,4
184,342,7
184,660,4
184,536,3
184,432,11
184,604,7
184,456,6
184,668,2
184,667,2
184,606,4
184,622,4
184,315,2
184,608,2
184,609,2
184,623,3
184,483,3
184,610,2
184,669,2
184,603,2
184,682,21
184,344,4
184,297,8
184,607,2
184,230,16
184,248,10
184,850,6
184,913,2
184,270,2
184,934,2
184,1038,5
184,323,4
184,1039,5
184,1040,2
184,1041,3
184,1042,5
184,1043,5
184,1065,4
184,534,6
184,632,4
184,1157,2
184,736,5
184,946,2
184,1193,5
184,1125,2
184,1337,2
184,956,4
184,1338,3
184,955,2
184,1340,2
184,665,2
184,1342,2
184,640,2
184,325,3
184,1370,3
184,1369,9
184,1103,7
184,1371,4
184,1372,3
184,1030,3
184,1373,4
184,1020,4
184,1379,7
184,1380,2
184,1381,3
184,1382,2
184,1377,7
184,1385,3
184,1378,3
184,1386,2
184,1387,2
184,1398,2
184,916,8
184,355,2
184,1434,2
184,1393,2
184,1435,2
184,445,2
184,443,2
184,1309,3
184,620,2
184,1437,3
184,458,4
184,1488,2
184,1528,2
184,1489,2
184,1490,2
184,1550,2
184,1491,2
184,1492,2
184,1221,2
184,338,3
184,1553,3
184,1494,3
184,1497,3
184,1498,3
184,1551,2
184,1499,2
184,1502,2
184,1503,2
184,1552,2
184,1504,2
184,1505,2
184,1201,2
184,243,2
184,246,2
184,239,3
184,1823,2
184,974,4
184,1253,3
184,1825,4
184,1826,3
184,1827,3
184,1797,3
184,502,3
184,358,2
184,359,4
184,506,3
184,493,2
184,1924,3
184,917,8
184,563,6
184,1794,9
184,735,6
184,1762,9
184,1632,9
184,1953,9
184,1983,7
184,1633,7
184,1764,7
184,1763,9
184,1925,2
184,1986,2
184,637,6
184,950,3
184,866,2
184,636,3
184,197,7
184,463,5
184,460,5
184,1996,5
184,799,5
184,356,3
184,503,2
184,1548,3
184,492,4
184,2008,3
184,2009,3
184,625,3
184,2010,3
184,299,3
184,2011,5
184,2012,3
184,1442,5
184,2013,3
184,2014,2
184,2015,4
184,2016,3
184,1235,3
184,2017,3
184,1568,7
184,2039,2
184,2040,2
184,2069,4
184,2068,2
184,2070,2
184,258,3
184,250,2
184,336,2
184,1863,7
184,1327,2
184,2145,4
184,1322,4
184,2146,2
184,2185,2
184,449,4
184,202,3
184,646,4
184,851,2
184,275,3
184,706,2
184,707,2
184,2428,2
184,2429,2
184,2430,2
184,2431,2
184,2432,2
184,1324,2
184,2433,2
184,2620,2
184,928,4
184,3037,4
184,3038,4
184,3041,4
184,2479,3
184,3039,4
184,3040,4
184,2477,4
184,3083,2
184,3084,2
184,3085,2
184,2020,3
184,3086,2
184,3087,4
184,3088,18
184,2861,6
184,3089,2
184,3090,4
184,3091,6
184,3092,2
184,3093,2
184,1807,3
184,687,2
184,285,4
184,1107,3
184,3374,4
184,1153,3
184,2995,3
184,657,2
184,2258,5
184,3647,2
184,3648,2
184,3649,2
184,1654,6
184,2156,2
184,3200,7
184,3650,2
184,1376,3
184,724,10
184,2776,2
184,1656,2
184,811,3
184,3667,3
184,2036,2
184,864,8
184,595,3
184,3774,2
184,1254,2
184,3590,2
184,996,3
184,1298,2
184,814,2
184,4117,2
184,2393,8
184,771,2
184,2402,5
184,2525,12
184,1569,13
184,1989,13
184,3233,2
184,3234,2
184,4293,6
184,908,3
184,4383,2
184,2746,5
184,4384,2
184,4381,7
184,4382,2
184,4403,4
184,3273,2
184,241,2
184,2206,2
184,1725,4
184,4374,3
184,217,2
184,4412,2
184,931,3
184,4461,2
184,886,2
184,690,2
184,4464,2
184,3320,2
184,1006,2
184,548,2
184,4359,2
184,4465,2
184,260,4
184,4466,2
184,4467,2
184,4468,2
184,967,2
184,4469,2
184,2252,2
184,905,2
184,3463,6
184,4546,2
184,3464,6
184,4453,5
184,4545,2
184,3453,2
184,4592,6
184,4718,4
184,4763,2
184,796,2
184,4764,2
184,4765,2
184,4766,2
184,4767,2
184,4768,2
184,1866,2
184,4769,2
184,4770,2
184,4771,2
184,527,2
184,4772,2
184,3705,2
184,4799,3
184,291,2
184,4800,2
184,4801,2
184,4904,10
184,4903,9
184,3578,3
184,2218,11
184,2994,3
184,4752,5
184,1812,2
184,5221,4
184,5222,2
184,5223,5
184,5247,4
184,5248,3
184,4417,3
184,5234,4
184,5249,3
184,5250,3
184,5251,4
184,5252,3
184,5253,2
184,5269,2
184,1641,2
184,1977,10
184,4689,7
184,5429,6
184,5430,7
184,2990,2
185,340,8
185,367,7
185,206,13
185,382,2
185,349,6
185,371,8
185,394,14
185,395,4
185,368,3
185,396,2
185,308,3
185,383,13
185,372,2
185,373,3
185,380,2
185,374,16
185,375,33
185,389,3
185,388,6
185,398,2
185,399,2
185,393,8
185,366,3
185,377,2
185,400,5
185,401,7
185,402,4
185,406,2
185,378,3
185,379,3
185,528,2
185,529,2
185,534,8
185,197,27
185,558,2
185,440,2
185,325,5
185,736,3
185,261,8
185,248,9
185,297,6
185,850,2
185,951,3
185,950,2
185,952,2
185,1137,2
185,228,13
185,531,4
185,230,24
185,533,5
185,341,9
185,1150,2
185,342,6
185,1242,3
185,355,2
185,207,5
185,445,3
185,1309,2
185,458,3
185,1370,3
185,1338,2
185,1369,7
185,1103,7
185,1371,6
185,1372,3
185,1030,3
185,1373,4
185,1020,4
185,1379,6
185,1381,3
185,1377,10
185,1385,3
185,1378,3
185,1386,2
185,1387,2
185,273,3
185,1391,6
185,738,2
185,239,4
185,1232,2
185,608,6
185,1702,3
185,1717,3
185,1559,2
185,1969,2
185,1204,4
185,1970,2
185,1971,2
185,202,11
185,646,4
185,1972,3
185,1973,2
185,1974,2
185,1975,2
185,771,6
185,443,9
185,1989,11
185,946,2
185,1794,2
185,845,2
185,917,3
185,2391,2
185,2406,3
185,2392,2
185,2393,7
185,2394,4
185,2395,3
185,2397,6
185,2407,2
185,2408,5
185,2400,5
185,2409,2
185,422,4
185,2401,2
185,2495,2
185,2111,2
185,2541,2
185,2542,2
185,2543,2
185,421,3
185,1677,3
185,2435,3
185,566,2
185,1536,10
185,1685,15
185,2058,2
185,432,3
185,1401,2
185,359,4
185,493,2
185,673,3
185,724,16
185,974,9
185,2739,6
185,931,6
185,864,21
185,506,2
185,492,3
185,2206,2
185,1523,2
185,1525,2
185,430,9
185,323,3
185,260,3
185,3088,2
185,285,4
185,536,2
185,3213,2
185,3214,2
185,3215,2
185,1347,2
185,3216,2
185,485,4
185,3225,2
185,219,2
185,2616,2
185,1456,6
185,677,2
185,3308,2
185,433,2
185,3309,2
185,2044,2
185,3310,2
185,543,2
185,434,2
185,211,2
185,914,3
185,3528,3
185,1871,3
185,1408,6
185,344,2
185,275,4
185,3625,2
185,3626,2
185,3627,2
185,535,2
185,3628,2
185,594,2
185,1165,2
185,1654,5
185,3200,5
185,204,19
185,3670,5
185,3671,5
185,3672,5
185,3673,5
185,3592,11
185,3674,7
185,3675,4
185,312,8
185,1287,11
185,694,5
185,3676,4
185,315,5
185,1163,17
185,3677,5
185,3678,5
185,3679,5
185,3680,4
185,1182,5
185,3681,8
185,3682,6
185,3666,15
185,3683,5
185,3684,4
185,1168,4
185,2477,5
185,351,2
185,846,4
185,1053,9
185,1183,12
185,426,3
185,3693,2
185,3560,2
185,356,2
185,3694,2
185,510,3
185,1454,13
185,3695,2
185,234,2
185,1399,7
185,3696,5
185,3699,2
185,209,7
185,3731,2
185,3732,2
185,575,3
185,1796,4
185,486,4
185,487,3
185,1560,2
185,3120,2
185,3733,2
185,3734,2
185,3755,3
185,3759,2
185,3757,3
185,337,4
185,2439,3
185,3758,3
185,676,2
185,3760,3
185,2476,3
185,3810,2
185,278,7
185,3788,7
185,263,3
185,3889,5
185,3890,6
185,3891,2
185,1087,5
185,563,3
185,441,2
185,811,5
185,3240,3
185,3914,2
185,895,3
185,231,2
185,1331,4
185,3908,3
185,2861,5
185,4066,2
185,4074,3
185,4075,2
185,2402,5
185,4067,2
185,4367,4
185,3828,4
185,3596,4
185,4430,3
185,1324,5
185,2928,2
185,3598,5
185,1164,3
185,3832,2
185,4441,2
185,4375,4
185,4442,2
185,4443,2
185,4446,3
185,4448,2
185,3831,2
185,2349,2
185,3463,5
185,606,11
185,3464,5
185,4453,5
185,1568,2
185,4545,2
185,4554,2
185,4555,2
185,4556,3
185,3476,2
185,4557,2
185,4558,2
185,4559,2
185,3483,2
185,4560,2
185,4572,3
185,4573,2
185,4574,3
185,4575,2
185,1731,3
185,2925,4
185,1279,2
185,4451,2
185,4758,2
185,3506,2
185,2653,2
185,4803,2
185,1186,2
185,1170,2
185,983,10
185,419,3
185,2746,2
185,3572,2
185,4893,2
185,4894,2
185,4958,2
185,4959,2
185,4960,2
185,667,2
185,3969,11
185,996,9
185,281,15
185,279,11
185,306,12
185,1795,2
185,1198,2
185,1366,2
185,3340,2
185,577,3
185,615,2
185,1141,2
185,453,2
185,3685,10
185,5103,9
185,5109,2
185,5098,4
185,5126,2
185,5247,4
185,5221,3
185,5248,3
185,4417,3
185,5234,4
185,5249,3
185,5250,3
185,1553,2
185,5251,5
185,5223,4
185,5252,3
185,5253,2
185,969,3
185,1927,4
185,5390,2
185,5391,4
185,5392,4
185,277,4
185,5328,4
185,5393,3
185,4257,4
185,3336,5
185,3837,4
185,5473,3
185,5311,3
185,567,3
185,5490,2
185,1705,4
185,269,4
185,4883,4
185,2307,4
185,2633,2
185,5483,4
185,5188,4
185,5491,3
185,5492,2
185,5485,4
185,5484,2
185,4709,5
185,5520,2
185,5521,5
185,4734,3
185,5502,4
185,3631,2
185,5503,2
185,5523,3
185,3197,2
185,5488,2
185,3304,2
185,5529,2
185,5434,3
185,5531,2
185,5530,2
185,2359,2
185,5532,2
185,5653,2
185,5648,2
185,5654,2
185,5649,2
185,5655,2
185,634,2
185,5650,2
185,5656,2
185,5651,2
185,1235,2
185,5652,2
186,202,2
186,724,2
187,188,11
187,189,3
187,190,11
187,191,2
187,192,27
187,193,26
187,2727,27
187,2728,8
187,2729,23
187,2730,4
187,2731,24
187,2732,11
187,2733,25
187,277,3
187,308,2
187,297,3
187,373,6
187,2659,3
187,2743,2
187,301,3
187,3533,2
187,3534,2
187,797,5
187,3535,3
187,443,3
187,3536,2
187,3537,4
187,421,3
187,260,3
187,3538,2
187,3539,2
187,261,4
187,3540,2
187,3541,3
187,3542,3
187,1447,3
187,3543,2
187,3653,6
187,4193,18
187,3006,3
187,4256,4
187,1298,2
187,4257,3
187,4258,5
187,3861,2
187,4295,3
187,4461,2
187,217,2
187,4732,6
187,243,4
187,1875,2
187,4911,2
187,5043,2
187,5044,2
187,5045,3
187,5094,5
187,5095,2
188,189,2
188,190,7
188,192,11
188,193,11
188,2727,10
188,2728,5
188,2729,9
188,2730,3
188,2731,9
188,2732,5
188,2733,9
188,301,2
188,3533,2
188,797,3
188,3535,2
188,443,2
188,3536,2
188,3537,3
188,373,3
188,421,3
188,260,2
188,3538,2
188,3539,2
188,261,2
188,3540,2
188,3541,2
188,3542,2
188,1447,2
188,3543,2
188,4193,6
188,4295,2
188,5045,2
189,190,2
189,191,2
189,192,3
189,193,3
189,2727,2
189,373,2
189,261,2
190,192,10
190,193,10
190,2727,10
190,2728,8
190,2729,9
190,2730,2
190,2731,9
190,2732,4
190,2733,9
190,301,2
190,797,3
190,443,2
190,373,3
190,421,2
190,260,2
190,1447,2
190,4193,5
190,4256,2
190,4295,3
191,192,2
191,193,2
192,193,26
192,2727,26
192,2728,8
192,2729,22
192,2730,4
192,2731,24
192,2732,11
192,2733,24
192,301,2
192,3533,2
192,3534,2
192,797,4
192,3535,3
192,443,2
192,3536,2
192,3537,4
192,373,4
192,421,3
192,260,2
192,3538,2
192,3539,2
192,261,4
192,3540,2
192,3541,3
192,3542,3
192,1447,2
192,3543,2
192,3653,6
192,4193,18
192,4295,3
192,4256,3
192,217,2
192,4732,6
192,4258,3
192,243,4
192,3006,3
192,1875,2
192,4911,2
192,5043,2
192,5044,2
192,5045,3
192,5094,5
192,5095,2
193,2727,25
193,2728,8
193,2729,23
193,2730,4
193,2731,23
193,2732,11
193,2733,23
193,3004,3
193,301,26
193,2891,2
193,3005,24
193,581,2
193,1097,13
193,277,8
193,3042,4
193,2910,4
193,2659,17
193,3043,5
193,3044,2
193,764,7
193,3034,7
193,3383,10
193,3384,8
193,677,12
193,2911,2
193,3387,6
193,3396,2
193,3533,2
193,3534,2
193,797,4
193,3535,3
193,443,2
193,3536,2
193,3537,4
193,373,4
193,421,3
193,260,2
193,3538,2
193,3539,2
193,261,3
193,3540,2
193,3541,3
193,3542,3
193,1447,2
193,3543,2
193,3653,6
193,4193,17
193,4295,3
193,4256,3
193,217,2
193,4732,6
193,4258,3
193,243,4
193,3006,2
193,5043,2
193,5044,2
193,5045,3
193,4461,2
193,5094,5
193,5095,2
194,196,2
195,196,2
195,197,2
195,298,8
195,608,3
195,1256,5
195,696,2
195,239,6
195,1531,4
195,606,2
195,230,3
195,1738,2
195,1739,2
195,1832,3
195,581,3
195,1019,2
195,340,2
195,2706,2
195,2707,2
195,323,2
195,2298,2
195,2770,2
195,571,2
195,3070,2
195,764,2
195,2986,2
195,1687,3
195,2126,2
195,367,4
195,343,5
195,346,5
195,4296,5
195,2128,2
195,344,6
195,2311,5
195,577,6
195,615,2
195,2801,4
195,342,5
195,1416,4
195,1699,4
195,443,3
195,4314,2
195,4315,2
195,4316,2
195,4317,2
195,4353,3
195,582,3
195,260,3
195,4489,2
195,2259,2
195,5282,2
195,5283,2
197,198,8
197,199,12
197,200,2
197,204,10
197,205,3
197,206,3
197,207,3
197,208,3
197,209,4
197,210,2
197,256,7
197,317,6
197,318,2
197,319,2
197,320,3
197,321,2
197,322,2
197,323,5
197,324,2
197,306,15
197,325,22
197,332,25
197,464,2
197,287,55
197,457,33
197,297,21
197,595,14
197,596,4
197,440,13
197,865,5
197,724,22
197,228,39
197,866,3
197,864,17
197,867,6
197,868,16
197,878,5
197,886,12
197,879,6
197,887,5
197,880,5
197,690,4
197,691,2
197,881,2
197,888,10
197,891,2
197,858,3
197,248,15
197,694,8
197,250,12
197,882,5
197,883,2
197,884,3
197,275,12
197,853,4
197,892,3
197,893,2
197,885,4
197,955,2
197,1054,2
197,1055,3
197,1052,2
197,358,3
197,492,12
197,337,5
197,899,2
197,1053,9
197,230,27
197,1072,4
197,1073,4
197,1074,4
197,965,16
197,667,13
197,1075,15
197,1076,4
197,315,9
197,696,6
197,426,11
197,1098,3
197,1096,3
197,1150,4
197,1151,2
197,388,2
197,430,2
197,608,8
197,1269,2
197,946,3
197,373,6
197,421,2
197,1270,3
197,432,6
197,511,2
197,502,4
197,278,4
197,375,2
197,1284,2
197,239,26
197,1024,2
197,443,8
197,453,40
197,662,10
197,1363,5
197,629,12
197,628,6
197,1375,9
197,1365,11
197,1366,5
197,1383,5
197,1384,2
197,1329,4
197,277,5
197,1539,2
197,1510,4
197,1540,2
197,1511,3
197,1541,4
197,1542,3
197,1512,4
197,313,7
197,1543,3
197,1513,4
197,1514,4
197,1523,2
197,1525,8
197,1559,12
197,291,2
197,1612,2
197,1613,2
197,1614,4
197,777,2
197,1615,2
197,1616,2
197,1461,2
197,1617,3
197,947,2
197,1618,2
197,202,4
197,646,2
197,1701,3
197,367,5
197,356,8
197,503,2
197,359,5
197,1714,3
197,1715,3
197,1702,2
197,1703,2
197,1717,3
197,1560,10
197,1718,3
197,378,2
197,1719,3
197,1704,2
197,992,2
197,994,6
197,871,7
197,872,12
197,873,7
197,1000,7
197,870,4
197,1923,6
197,874,6
197,442,2
197,1232,2
197,1979,2
197,636,2
197,1980,5
197,634,2
197,1981,2
197,1982,8
197,917,6
197,919,3
197,449,5
197,948,3
197,811,12
197,548,8
197,949,7
197,1770,15
197,1985,5
197,1557,2
197,1987,2
197,979,2
197,1576,8
197,463,5
197,460,5
197,1996,5
197,799,6
197,218,2
197,2059,2
197,2060,2
197,301,5
197,2093,2
197,2094,2
197,2095,2
197,249,3
197,260,16
197,540,2
197,969,7
197,2198,2
197,2199,3
197,1739,3
197,2200,3
197,2201,3
197,261,3
197,1019,3
197,2202,2
197,764,3
197,2383,3
197,671,12
197,302,7
197,2414,4
197,2415,4
197,2418,2
197,538,2
197,673,21
197,676,9
197,2450,7
197,1401,5
197,344,14
197,972,5
197,2480,6
197,2481,3
197,1686,7
197,2365,4
197,2483,5
197,2484,6
197,2485,6
197,2486,6
197,2487,6
197,2141,12
197,2142,6
197,2143,2
197,926,2
197,2515,2
197,2535,6
197,2536,3
197,2537,2
197,1323,2
197,2539,4
197,2544,2
197,1932,2
197,2545,2
197,1423,4
197,2565,4
197,2208,12
197,2570,5
197,2571,11
197,2572,11
197,2573,4
197,2574,13
197,1578,11
197,533,20
197,1389,12
197,715,10
197,2575,44
197,1729,7
197,532,3
197,1978,3
197,498,2
197,2615,2
197,2613,3
197,1311,2
197,510,4
197,342,10
197,2619,2
197,1554,2
197,2699,3
197,1674,3
197,1161,2
197,1174,3
197,474,2
197,1143,8
197,506,3
197,931,18
197,1456,14
197,928,4
197,2229,4
197,2781,2
197,2891,2
197,2908,3
197,2893,3
197,2894,3
197,2909,2
197,2896,3
197,2910,2
197,1155,2
197,2659,3
197,2911,2
197,1832,2
197,1531,2
197,571,7
197,355,2
197,445,6
197,1780,2
197,3224,6
197,485,10
197,3225,9
197,3226,8
197,219,7
197,531,12
197,3227,5
197,2616,9
197,3228,8
197,677,9
197,3229,3
197,3300,2
197,1993,2
197,1682,2
197,1683,2
197,3304,8
197,231,4
197,349,3
197,604,2
197,563,2
197,1141,13
197,2366,3
197,3422,3
197,3501,2
197,3502,2
197,3503,2
197,3504,2
197,971,2
197,2978,17
197,3548,16
197,3549,10
197,3550,9
197,1587,12
197,875,2
197,2259,3
197,3559,5
197,3564,4
197,3563,2
197,3565,2
197,2072,5
197,3599,7
197,2355,28
197,3630,2
197,3631,3
197,3637,3
197,3670,5
197,3671,5
197,3672,5
197,3673,5
197,3592,11
197,3674,7
197,3675,4
197,312,8
197,1287,9
197,3676,4
197,1163,5
197,3677,5
197,3678,5
197,1989,10
197,3679,6
197,3680,4
197,1182,9
197,3681,7
197,3682,5
197,3666,9
197,3683,5
197,3684,4
197,1168,4
197,2477,5
197,351,2
197,846,5
197,1183,2
197,3693,2
197,3560,2
197,962,3
197,1446,2
197,2562,2
197,771,4
197,3694,2
197,1454,3
197,3695,2
197,1399,6
197,3696,11
197,3699,2
197,590,14
197,2356,2
197,594,6
197,3708,3
197,1639,24
197,3709,6
197,3710,2
197,3641,3
197,2086,5
197,217,2
197,3730,5
197,1138,2
197,3766,3
197,3767,3
197,3768,2
197,3769,3
197,3770,3
197,2030,3
197,1171,2
197,615,2
197,1769,2
197,2861,14
197,3796,10
197,3797,18
197,3798,8
197,1428,18
197,3804,11
197,3642,9
197,3799,11
197,3814,4
197,3805,7
197,3815,7
197,259,2
197,934,3
197,3824,2
197,213,5
197,419,3
197,3859,2
197,523,2
197,422,3
197,229,2
197,4088,4
197,4089,5
197,4090,4
197,4091,5
197,4092,3
197,4093,3
197,780,2
197,769,2
197,4132,2
197,785,3
197,4150,4
197,4151,3
197,4153,2
197,1436,2
197,2373,4
197,4166,2
197,4167,4
197,4183,3
197,4184,2
197,796,5
197,1678,2
197,838,2
197,996,4
197,429,2
197,564,2
197,4306,2
197,4307,2
197,431,2
197,4308,2
197,3901,2
197,1722,6
197,3836,2
197,4374,7
197,4373,3
197,4390,2
197,4385,3
197,1157,2
197,901,4
197,4388,2
197,4386,3
197,4389,2
197,4262,2
197,4464,2
197,637,2
197,3320,2
197,1006,7
197,4359,2
197,4465,3
197,4466,2
197,4467,2
197,4468,4
197,967,3
197,4470,2
197,4469,2
197,2252,3
197,968,8
197,4471,3
197,4474,9
197,4475,2
197,3221,2
197,1249,4
197,4550,2
197,4544,3
197,4541,5
197,4543,3
197,836,7
197,4594,3
197,4595,3
197,1331,21
197,4596,3
197,1364,9
197,4650,3
197,4651,6
197,4300,2
197,4652,12
197,4653,2
197,4654,5
197,4655,2
197,4656,2
197,4734,5
197,863,2
197,3871,8
197,4869,2
197,4876,2
197,4877,2
197,4871,2
197,800,9
197,4155,2
197,4873,2
197,664,2
197,4875,2
197,4917,3
197,4918,3
197,4920,3
197,4919,2
197,258,9
197,1675,9
197,4926,2
197,4925,2
197,343,7
197,4933,4
197,4934,5
197,4935,4
197,237,5
197,483,6
197,1776,6
197,4936,4
197,2180,6
197,4937,3
197,4944,2
197,2179,2
197,1408,4
197,4993,2
197,4994,4
197,3241,2
197,5001,3
197,4026,2
197,305,2
197,5036,2
197,5037,2
197,2984,2
197,5038,2
197,5039,2
197,3685,15
197,5061,4
197,3667,4
197,5070,4
197,2915,5
197,4440,3
197,5098,3
197,1110,2
197,877,2
197,4977,2
197,5103,9
197,5109,3
197,1115,2
197,263,2
197,1005,6
197,5413,2
197,3197,3
197,5431,2
197,5432,2
197,5433,2
197,5434,4
197,5435,7
197,5436,6
197,1103,5
197,2369,6
197,281,2
197,5441,2
197,5443,2
197,5451,3
197,1341,3
197,1548,2
197,1369,2
197,4709,11
197,5488,4
197,5502,5
197,5503,3
197,5520,2
197,5521,5
197,273,2
197,5522,2
197,5523,3
197,5529,2
197,5530,3
197,5531,2
197,2359,2
197,5532,2
197,5533,4
197,5537,2
197,5538,4
197,5550,2
197,3569,5
197,5534,3
197,3929,2
197,5322,2
197,1443,2
197,5560,2
197,3514,2
197,5561,2
197,5581,4
197,5573,7
197,5574,8
197,2427,7
197,2459,8
197,5582,3
197,3706,5
197,5553,7
197,1451,8
197,3789,7
197,5554,7
197,2034,8
197,5160,7
197,3189,5
197,5584,4
197,5578,5
197,5585,5
197,5579,5
197,5580,5
197,1449,5
197,1930,5
197,5586,4
197,4275,3
197,5590,2
197,5555,3
197,2916,5
197,5576,4
197,5609,2
197,5605,2
197,5606,2
197,2064,2
197,2648,2
197,314,2
197,1377,2
197,710,3
197,5618,3
197,5619,3
197,711,3
197,5620,3
197,520,2
197,5607,2
197,3989,2
197,5608,2
198,204,4
198,205,4
198,206,4
198,207,4
198,208,4
198,209,4
198,210,3
198,1391,2
198,1893,2
198,1312,2
198,261,2
198,3965,2
198,3966,2
198,3967,2
198,2365,2
198,1141,4
198,4653,2
198,2450,3
198,275,3
198,4651,3
198,2141,3
198,4654,3
198,594,3
198,4652,3
198,590,2
198,1006,2
198,4655,2
198,4656,2
198,4734,12
198,4709,4
198,4439,3
198,5496,3
198,5497,7
198,4722,6
198,5498,7
198,449,10
198,258,7
198,5514,3
198,5515,2
198,2550,2
198,5516,2
199,201,2
199,835,2
199,836,3
199,258,13
199,838,2
199,837,2
199,839,2
199,595,14
199,1674,2
199,1675,13
199,341,2
199,228,14
199,864,6
199,1084,5
199,1194,5
199,4321,5
199,4322,5
199,4323,5
199,899,3
199,4324,5
199,3633,6
199,4325,6
199,4326,6
199,4327,5
199,1197,6
199,2861,7
199,4328,5
199,587,7
199,230,6
199,4329,6
199,4259,6
199,4330,6
199,4331,6
199,4332,6
199,4218,6
199,2284,6
199,4352,2
199,931,10
199,4926,2
199,1863,3
199,5090,3
199,946,3
199,1680,3
199,383,2
199,5091,3
199,5092,3
199,4060,3
199,524,2
200,1520,7
200,1521,8
200,1522,12
200,1523,11
200,1524,9
200,1525,12
200,1526,11
200,1527,9
200,356,2
200,1591,2
200,1592,2
200,1593,2
200,2889,3
200,4110,3
200,2322,2
200,943,3
200,3299,3
200,3244,3
200,4565,3
200,4566,3
200,4567,2
200,243,3
200,1770,3
202,203,8
202,218,2
202,219,33
202,220,3
202,646,99
202,688,31
202,724,3
202,725,4
202,651,19
202,733,8
202,734,5
202,735,7
202,533,18
202,532,7
202,1173,5
202,1174,5
202,1177,2
202,1261,4
202,297,11
202,1262,3
202,1263,9
202,1264,6
202,1154,2
202,1268,2
202,1254,2
202,1103,3
202,1408,31
202,1545,2
202,988,3
202,1547,9
202,1548,2
202,493,2
202,342,16
202,1546,56
202,475,7
202,564,4
202,1672,2
202,543,2
202,924,2
202,908,3
202,1779,9
202,1780,4
202,1781,4
202,672,3
202,606,8
202,1136,3
202,341,4
202,285,13
202,1828,2
202,736,2
202,1053,3
202,1829,3
202,1830,2
202,914,10
202,1871,7
202,1931,2
202,1935,2
202,909,2
202,371,6
202,1932,2
202,644,2
202,645,2
202,1933,2
202,647,2
202,1936,3
202,910,2
202,1934,3
202,1943,2
202,1944,2
202,1945,2
202,1946,2
202,1947,2
202,1948,2
202,648,2
202,1949,2
202,1950,2
202,640,2
202,1969,3
202,349,7
202,1204,14
202,1970,3
202,1971,3
202,1972,3
202,1973,3
202,1974,3
202,1975,3
202,1993,5
202,1994,5
202,1995,2
202,445,4
202,2031,2
202,2032,4
202,2041,2
202,2042,2
202,2084,3
202,673,5
202,2222,2
202,2223,6
202,2224,2
202,2225,3
202,1242,6
202,274,2
202,1091,6
202,2250,2
202,677,4
202,796,3
202,2556,2
202,1580,2
202,2557,2
202,2558,2
202,2559,2
202,2681,2
202,860,2
202,1381,6
202,2718,5
202,2858,4
202,2859,2
202,2919,4
202,962,2
202,2991,2
202,2992,2
202,764,4
202,2995,9
202,239,2
202,1695,8
202,355,2
202,2766,2
202,3136,23
202,3163,4
202,3164,14
202,2072,5
202,864,4
202,3175,4
202,3176,2
202,3177,3
202,3184,2
202,3188,4
202,3190,3
202,3338,2
202,581,2
202,3349,2
202,3350,2
202,657,2
202,3475,3
202,426,4
202,3476,6
202,3477,4
202,3478,4
202,3479,4
202,3480,4
202,3481,3
202,3482,4
202,2861,8
202,3483,6
202,878,2
202,3515,2
202,767,2
202,3514,2
202,2803,2
202,3528,3
202,230,3
202,3657,2
202,1834,11
202,3987,4
202,595,11
202,1536,12
202,2221,4
202,485,2
202,4015,2
202,4016,4
202,1525,2
202,1770,2
202,3241,5
202,4027,2
202,4026,2
202,1253,4
202,4049,2
202,753,3
202,4041,6
202,4042,4
202,4043,4
202,1243,3
202,2755,7
202,4050,2
202,4044,5
202,4051,3
202,2980,7
202,4045,4
202,4046,6
202,4097,2
202,4158,2
202,4159,2
202,4160,2
202,1578,2
202,4217,2
202,996,2
202,344,2
202,4218,2
202,563,2
202,535,2
202,615,2
202,4502,2
202,4554,2
202,4555,2
202,4556,2
202,4557,2
202,4558,2
202,4559,2
202,458,2
202,4560,2
202,4572,3
202,4573,2
202,4574,2
202,4575,2
202,1731,3
202,4660,4
202,577,7
202,3323,3
202,422,3
202,367,4
202,791,2
202,1734,2
202,4739,2
202,340,2
202,373,2
202,1383,2
202,4993,2
202,4994,2
202,5040,7
202,1542,2
202,5048,2
202,5049,2
202,5148,6
202,5149,2
202,5150,4
202,5151,2
202,5152,2
202,5153,2
202,5154,2
202,743,2
202,5244,4
202,2768,2
202,814,2
202,5622,2
202,5623,2
203,218,2
203,219,4
203,220,6
203,1838,2
203,1839,2
203,764,2
203,2718,2
203,646,3
203,688,2
203,581,3
203,4272,2
203,3621,2
204,205,5
204,206,13
204,207,11
204,208,5
204,209,33
204,210,4
204,234,2
204,247,2
204,255,16
204,471,3
204,261,20
204,230,15
204,472,9
204,496,3
204,1849,3
204,1850,2
204,1183,7
204,1454,6
204,965,2
204,667,2
204,297,3
204,315,8
204,1163,17
204,2225,2
204,1927,13
204,2925,2
204,1376,2
204,1547,2
204,344,3
204,2535,2
204,1685,10
204,3517,4
204,3670,5
204,3671,5
204,3672,5
204,3673,5
204,3592,7
204,3674,6
204,3675,4
204,312,7
204,1287,14
204,694,5
204,3676,4
204,3677,5
204,3678,5
204,1989,7
204,3679,4
204,3680,4
204,1182,5
204,3681,9
204,3682,6
204,3666,11
204,3683,5
204,3684,4
204,1168,4
204,2477,5
204,351,2
204,3693,2
204,3560,2
204,771,2
204,356,2
204,359,2
204,3694,2
204,510,3
204,846,3
204,608,6
204,3695,2
204,1399,8
204,3696,12
204,1855,4
204,3827,11
204,3828,4
204,3829,6
204,1923,6
204,3830,3
204,2413,2
204,3831,3
204,3598,5
204,3832,2
204,3835,2
204,1324,4
204,4366,2
204,4441,2
204,4375,3
204,4446,2
204,2349,2
204,427,3
204,3621,3
204,5086,3
204,278,3
204,5087,2
204,5088,3
204,1053,3
204,5089,2
204,5311,7
204,5312,3
204,1391,5
204,5390,2
204,5391,4
204,5392,5
204,277,4
204,5328,4
204,5393,3
204,4257,4
204,1377,4
204,5395,2
204,3336,8
204,3837,6
204,5473,6
204,281,6
204,5475,2
205,206,8
205,207,7
205,208,8
205,209,5
205,210,5
205,235,2
205,247,2
206,207,16
206,208,8
206,209,11
206,211,3
206,210,5
206,235,2
206,247,2
206,258,2
206,367,2
206,371,2
206,308,2
206,373,3
206,366,4
206,378,2
206,379,2
206,950,3
206,287,2
206,445,2
206,248,2
206,458,2
206,851,2
206,2020,2
206,2021,2
206,1118,3
206,1119,3
206,606,2
206,2330,2
206,443,2
206,878,2
206,3308,2
206,771,2
206,3309,2
206,2044,2
206,3310,2
206,430,2
206,1989,2
206,434,2
206,1927,5
206,5390,2
206,5391,4
206,5392,4
206,277,4
206,5328,4
206,5393,3
206,1391,4
206,4257,4
206,1377,4
206,3336,6
206,1399,3
206,3837,4
206,5473,4
206,5311,4
206,281,4
206,1685,4
206,261,4
206,230,4
207,208,7
207,209,10
207,210,5
207,235,2
207,247,2
207,853,2
207,230,6
207,445,2
207,950,2
207,3837,4
207,5473,6
207,5311,6
207,3336,6
207,281,6
207,1685,6
207,261,6
207,1927,3
207,5475,2
208,209,5
208,210,5
208,235,2
208,247,2
209,210,4
209,247,2
209,255,9
209,261,12
209,230,8
209,472,4
209,496,3
209,1183,3
209,1454,3
209,965,2
209,1163,9
209,1287,5
209,1989,2
209,3681,5
209,3696,10
209,1855,4
209,3827,9
209,3828,4
209,3829,5
209,1399,7
209,1923,5
209,3830,2
209,2413,2
209,3831,2
209,3598,3
209,1927,5
209,608,2
209,5311,6
209,3517,2
209,5312,3
209,1685,6
209,1391,3
209,5391,2
209,5392,2
209,277,2
209,5328,2
209,4257,2
209,1377,2
209,3837,5
209,3336,6
209,5473,5
209,281,5
211,443,2
211,3308,3
211,433,2
211,771,3
211,3309,3
211,2044,3
211,3310,3
211,430,3
211,1989,3
211,434,3
211,878,2
212,213,2
212,2258,2
212,1684,2
213,214,3
213,215,10
213,216,3
213,217,2
213,287,2
213,533,6
213,260,3
213,3402,2
213,340,2
213,301,2
213,4123,3
213,1150,8
213,275,2
213,4124,2
213,1842,3
213,571,9
213,4187,3
213,4188,3
213,239,4
213,4189,3
213,4190,2
213,4191,2
213,312,3
213,4192,2
213,838,2
213,4299,3
213,4432,3
213,531,3
213,313,3
213,1052,2
213,1547,2
213,4807,2
213,4808,2
213,687,2
213,2749,3
213,5156,2
213,5317,4
213,5318,2
213,5557,2
213,5558,2
213,2329,2
215,216,2
215,217,2
215,5156,2
215,2749,2
215,4299,2
216,217,2
217,308,2
217,287,2
217,744,2
217,239,2
217,1401,2
217,260,2
217,606,3
217,2698,2
217,948,2
217,228,2
217,811,2
217,301,2
217,443,2
217,667,3
217,724,3
217,1903,2
217,1904,2
217,864,3
217,1639,2
217,375,2
217,563,2
217,388,2
217,1072,3
217,4663,3
217,965,3
217,626,4
217,1096,3
217,4664,3
217,1629,3
217,4665,3
217,4666,3
217,4673,2
217,2727,2
217,797,2
217,2729,2
217,4193,2
217,2731,2
217,2733,2
217,313,2
217,4997,2
217,4998,3
217,4999,3
217,3363,2
218,219,2
218,230,3
218,2059,2
218,2060,2
218,949,3
218,328,3
218,677,2
219,220,2
219,646,12
219,688,5
219,724,9
219,725,2
219,651,12
219,733,3
219,734,3
219,735,4
219,533,10
219,532,2
219,644,5
219,645,5
219,647,6
219,726,3
219,652,7
219,755,6
219,727,6
219,728,7
219,650,2
219,642,2
219,758,3
219,754,2
219,921,3
219,649,2
219,648,3
219,1546,6
219,475,3
219,342,6
219,908,3
219,1779,3
219,1780,3
219,1781,3
219,672,3
219,606,3
219,1136,3
219,341,3
219,1943,2
219,1944,2
219,1945,3
219,1946,2
219,1947,2
219,1948,2
219,1408,2
219,1949,2
219,1950,2
219,640,2
219,3224,5
219,485,8
219,3225,8
219,3226,7
219,673,10
219,531,7
219,3227,5
219,2616,7
219,3228,6
219,1456,8
219,1525,8
219,677,8
219,1770,7
219,3229,4
219,931,7
219,3250,3
219,3251,2
219,3252,3
219,3253,3
219,3254,2
219,3255,3
219,3256,2
219,3257,3
219,3258,3
219,3259,3
219,3260,3
219,3261,3
219,2262,3
219,3262,3
219,3263,3
219,2263,3
219,3264,3
219,3265,2
219,3266,2
219,3267,3
219,3268,3
219,2264,3
219,3269,3
219,3270,3
219,3271,2
219,3272,3
219,2265,3
219,3273,3
219,2266,3
219,3274,3
219,3275,2
219,3276,3
219,3277,2
219,3278,3
219,3279,2
219,3280,2
219,3281,3
219,3282,3
219,2267,3
219,230,3
219,3283,3
219,3284,3
219,2268,3
219,3285,3
219,3286,3
219,2269,3
219,3287,4
219,3288,3
219,3289,3
219,2273,2
219,3290,3
219,3291,2
219,2270,3
219,3292,3
219,3293,3
219,3294,2
219,3295,3
219,2274,2
219,864,2
219,3475,2
219,426,2
219,3476,3
219,3477,2
219,1204,3
219,3478,2
219,3479,2
219,3480,2
219,3481,2
219,3482,2
219,2861,2
219,3483,3
219,2755,2
219,4158,2
219,4159,2
219,4160,2
219,1578,2
219,1242,2
219,615,2
219,4502,2
219,1173,4
219,5244,4
219,2768,2
219,1174,4
219,814,2
219,5562,2
219,5563,2
219,5622,2
219,5623,2
219,1936,2
220,581,3
221,463,5
221,460,4
221,239,4
221,1467,2
221,1654,2
221,2525,2
221,1569,2
221,536,2
221,432,2
221,3241,2
221,1375,4
221,3242,2
221,1253,2
221,3243,2
221,3244,2
221,3245,2
221,3246,2
221,3247,2
221,3248,2
221,230,2
221,3249,2
221,356,5
221,1289,4
221,704,4
221,3333,4
221,443,2
221,385,2
221,2212,2
221,386,2
221,4568,2
221,1175,2
221,1579,2
221,4569,2
221,4570,2
221,5315,2
221,340,2
221,656,2
221,1587,2
221,341,2
221,5316,2
222,1180,4
222,946,6
222,337,4
222,1181,4
222,1182,4
222,230,4
222,1194,3
222,1195,3
222,1196,3
222,1197,3
222,1198,3
222,1199,3
222,1200,2
222,1762,2
222,1632,2
222,1633,2
222,1763,2
222,1782,10
222,1783,10
222,821,10
222,1784,10
222,1785,10
222,1786,10
222,822,10
222,1787,10
222,1788,10
222,1789,10
222,1790,10
222,1791,9
222,458,6
222,1793,8
222,2212,2
222,2444,3
222,2445,4
222,983,4
222,1103,4
222,260,4
222,2446,4
222,2061,2
222,2560,3
222,2058,3
222,2561,2
222,3372,3
222,3373,3
222,3574,10
222,2393,11
222,3575,9
222,3576,11
222,3577,8
222,3578,8
222,3579,9
222,1161,11
222,1569,11
222,3580,8
222,1571,4
222,1989,5
222,3581,9
222,771,10
222,3660,6
222,2402,2
222,1326,5
222,5238,2
223,878,3
223,632,2
223,443,2
223,248,3
223,1412,3
223,230,6
223,275,4
223,811,3
223,853,2
223,2826,2
223,2827,2
223,395,2
223,2828,2
223,1928,2
223,2829,2
223,2830,2
223,2831,2
223,2832,2
223,2833,2
223,2834,2
223,2835,2
223,2836,2
223,2837,2
223,526,2
223,2838,2
223,315,4
223,2839,2
223,2191,2
223,1455,2
223,2840,2
223,2841,2
223,2842,2
223,1727,2
223,2843,2
223,2844,2
223,2845,2
223,313,3
223,2846,2
223,2847,2
223,2848,2
223,2849,2
223,2850,2
223,2851,2
223,2852,2
223,2853,2
223,2854,2
223,306,2
223,2855,2
223,2856,2
223,2026,5
223,3899,4
223,3900,5
223,1326,5
223,3901,3
223,3788,3
223,3902,5
223,355,2
223,4980,2
223,4981,2
223,4982,2
223,4983,2
223,277,4
223,5344,4
223,2659,4
223,5506,2
223,3725,2
223,3727,2
224,225,2
224,226,2
224,227,2
225,226,2
225,227,2
226,227,2
227,597,3
227,914,2
227,915,2
227,2211,5
227,371,2
227,268,5
227,311,2
227,335,3
227,2568,2
227,2569,2
227,2331,4
227,285,3
227,3554,3
227,230,3
227,3562,2
227,239,7
228,229,2
228,230,18
228,260,8
228,865,11
228,724,18
228,866,3
228,864,25
228,867,6
228,868,5
228,1138,3
228,654,2
228,1023,5
228,1005,6
228,637,3
228,948,5
228,2129,3
228,811,20
228,1082,2
228,2359,2
228,1174,3
228,258,14
228,344,5
228,248,2
228,3893,2
228,1141,9
228,590,3
228,1143,2
228,1650,2
228,4061,2
228,4062,3
228,1675,11
228,595,12
228,239,2
228,4115,2
228,3420,2
228,4116,2
228,4230,2
228,4231,2
228,1142,2
228,4232,2
228,4233,3
228,4234,3
228,4235,2
228,4236,2
228,4237,2
228,1376,2
228,3658,2
228,771,2
228,1383,2
228,836,3
228,1413,2
228,4729,2
228,3660,2
228,3325,2
228,313,2
228,1736,2
228,1514,2
228,676,2
228,4730,2
228,4773,2
228,1401,4
228,343,4
228,342,4
228,4774,4
228,4775,4
228,4776,4
228,863,5
228,2365,4
228,3871,4
228,4925,3
228,931,12
228,4926,2
228,3681,2
228,1399,4
228,1639,4
228,2331,2
228,3685,26
228,5061,4
228,3667,5
228,1621,2
228,2517,4
228,263,4
228,5098,13
228,453,5
228,1110,2
228,877,4
228,4977,4
228,5103,20
228,5109,3
228,1559,2
228,5110,2
228,306,4
228,3408,4
228,5126,4
228,5127,6
228,1644,3
228,5129,2
228,5141,2
228,1642,2
228,548,2
228,297,5
228,4734,2
228,5537,10
228,4380,4
228,4709,21
228,3696,2
228,5538,8
228,5548,12
228,5534,5
228,1024,9
228,632,3
228,1437,3
228,5549,3
228,5505,3
228,3569,5
228,1982,5
228,5488,3
228,5493,3
228,5552,2
228,3656,2
228,5533,4
229,3741,2
229,811,3
229,882,2
229,949,3
229,248,3
229,1930,3
229,948,2
230,231,21
230,239,34
230,248,20
230,249,3
230,250,11
230,252,2
230,251,2
230,253,3
230,361,4
230,362,4
230,363,3
230,364,4
230,365,4
230,366,6
230,471,4
230,261,18
230,255,9
230,472,7
230,484,2
230,377,5
230,426,10
230,356,9
230,359,7
230,492,9
230,493,3
230,494,2
230,495,2
230,624,2
230,393,2
230,627,27
230,552,2
230,342,24
230,464,2
230,604,7
230,682,3
230,383,20
230,344,11
230,605,2
230,297,21
230,606,40
230,622,2
230,315,6
230,683,2
230,430,5
230,608,6
230,684,4
230,623,2
230,610,2
230,432,20
230,690,2
230,692,2
230,693,2
230,456,2
230,679,2
230,680,2
230,759,2
230,615,5
230,775,2
230,776,2
230,777,2
230,291,7
230,778,2
230,447,3
230,705,7
230,827,13
230,794,3
230,795,25
230,828,13
230,829,13
230,536,3
230,830,11
230,306,24
230,851,4
230,671,9
230,852,2
230,632,7
230,858,5
230,860,2
230,861,2
230,275,9
230,853,7
230,863,4
230,865,3
230,458,2
230,796,9
230,908,2
230,637,3
230,532,2
230,533,5
230,962,5
230,963,2
230,964,2
230,965,2
230,667,3
230,314,6
230,968,3
230,1038,3
230,323,9
230,1039,3
230,1040,2
230,1042,3
230,390,4
230,1043,3
230,358,2
230,337,28
230,899,15
230,1056,2
230,1057,2
230,1058,3
230,1059,5
230,1053,11
230,1065,2
230,335,4
230,1104,4
230,278,3
230,371,9
230,806,2
230,308,7
230,1118,2
230,1119,2
230,1137,3
230,1139,2
230,531,9
230,1138,4
230,341,2
230,657,15
230,1146,11
230,1147,4
230,1180,4
230,946,5
230,1181,6
230,1182,6
230,1194,12
230,1195,5
230,1196,16
230,1197,12
230,1198,6
230,1199,3
230,1200,2
230,1201,4
230,1207,2
230,1208,2
230,1211,2
230,1212,2
230,453,9
230,629,4
230,1265,2
230,301,8
230,287,4
230,270,13
230,445,9
230,260,19
230,388,2
230,1290,8
230,878,8
230,724,6
230,1416,2
230,1413,3
230,443,14
230,1411,2
230,1418,2
230,1419,2
230,1420,2
230,1412,5
230,1150,13
230,1438,2
230,1528,2
230,1489,2
230,1490,2
230,1491,2
230,1492,2
230,1221,2
230,338,2
230,1309,3
230,1494,3
230,1497,3
230,1498,3
230,1499,2
230,1500,2
230,1501,2
230,1502,2
230,1503,2
230,1504,2
230,1505,2
230,243,4
230,246,2
230,469,3
230,1532,3
230,1550,5
230,1553,2
230,347,6
230,1329,3
230,1174,2
230,707,4
230,580,3
230,1658,3
230,1660,2
230,1688,6
230,1700,2
230,1698,6
230,373,13
230,1687,5
230,1510,4
230,697,5
230,1690,4
230,760,5
230,1691,2
230,1720,2
230,425,6
230,1721,3
230,1722,9
230,1310,2
230,1725,3
230,1726,2
230,949,3
230,1723,2
230,1800,2
230,1210,2
230,1801,2
230,1802,3
230,440,5
230,1834,3
230,1840,4
230,1855,4
230,332,3
230,1857,3
230,1912,3
230,1913,5
230,1914,3
230,1915,3
230,273,3
230,1916,4
230,1087,5
230,982,2
230,1941,2
230,1942,2
230,1560,7
230,1050,9
230,1019,9
230,1020,8
230,1022,9
230,1991,4
230,983,5
230,274,4
230,1844,2
230,2112,2
230,2113,2
230,2114,2
230,2115,3
230,2116,2
230,2117,2
230,1460,5
230,2118,3
230,2119,2
230,1587,6
230,2120,2
230,2121,2
230,2122,3
230,736,4
230,1354,2
230,1462,3
230,2156,2
230,2154,7
230,564,2
230,2030,4
230,2277,4
230,355,11
230,1356,2
230,1353,3
230,1792,13
230,1355,12
230,2320,2
230,2332,2
230,2333,2
230,1567,4
230,510,3
230,1911,2
230,568,2
230,349,2
230,1874,2
230,868,18
230,811,21
230,885,2
230,969,7
230,1103,7
230,2580,3
230,630,2
230,1598,2
230,2626,2
230,1066,2
230,2645,4
230,1222,4
230,2646,3
230,329,2
230,360,2
230,328,2
230,2058,2
230,2651,5
230,2652,20
230,421,25
230,2653,19
230,2654,23
230,2655,3
230,733,10
230,2656,8
230,2657,16
230,1536,17
230,2658,12
230,2660,3
230,2661,4
230,2662,2
230,2667,2
230,2668,3
230,2669,2
230,836,5
230,2659,2
230,1449,3
230,2388,2
230,2765,2
230,1522,2
230,2251,14
230,2793,6
230,2794,6
230,2798,5
230,658,14
230,2864,12
230,2182,13
230,2865,3
230,2026,8
230,2866,6
230,307,6
230,2867,11
230,1461,6
230,2868,12
230,2869,13
230,2870,5
230,1326,18
230,2871,12
230,2875,12
230,1733,7
230,391,4
230,838,2
230,764,8
230,2934,9
230,2935,11
230,2936,9
230,2937,9
230,631,2
230,928,18
230,3037,16
230,3038,14
230,2479,9
230,3039,14
230,1926,2
230,3040,16
230,2477,18
230,3041,15
230,2229,5
230,563,18
230,2467,4
230,2330,2
230,3067,2
230,914,2
230,313,4
230,2942,9
230,2944,9
230,3066,9
230,2966,10
230,3080,7
230,2421,9
230,3078,10
230,664,12
230,3081,10
230,2926,16
230,3082,10
230,2948,4
230,499,2
230,427,3
230,3099,3
230,3100,2
230,2298,4
230,3101,2
230,3102,2
230,3103,2
230,3104,2
230,3105,2
230,3106,2
230,2595,2
230,3107,2
230,3108,2
230,3109,2
230,2960,2
230,3110,2
230,2954,2
230,3111,2
230,3112,2
230,3113,2
230,3114,2
230,3115,2
230,2617,2
230,2989,2
230,422,2
230,3116,2
230,258,3
230,3202,2
230,3200,2
230,2092,2
230,3241,4
230,1375,3
230,3242,4
230,1253,3
230,3243,2
230,3244,4
230,3245,3
230,3246,2
230,3247,2
230,3248,4
230,3249,4
230,3250,3
230,3251,2
230,3252,3
230,3253,3
230,3254,2
230,3255,3
230,3256,2
230,3257,3
230,3258,3
230,3259,3
230,3260,3
230,3261,3
230,2262,3
230,3262,3
230,3263,3
230,2263,3
230,3264,3
230,3265,2
230,3266,2
230,3267,3
230,3268,3
230,2264,3
230,3269,3
230,3270,3
230,3271,2
230,3272,3
230,2265,3
230,3273,3
230,2266,3
230,3274,3
230,3275,2
230,3276,3
230,3277,2
230,3278,3
230,3279,2
230,3280,2
230,3281,3
230,3282,3
230,2267,3
230,3283,3
230,3284,3
230,2268,3
230,3285,3
230,3286,3
230,2269,3
230,3287,3
230,3288,3
230,3289,3
230,2273,2
230,3290,3
230,3291,2
230,2270,3
230,3292,3
230,3293,3
230,3294,2
230,3295,3
230,2274,2
230,2863,3
230,3296,2
230,617,3
230,981,2
230,3316,2
230,3317,2
230,3318,2
230,3319,2
230,1756,9
230,1740,2
230,850,2
230,3077,4
230,3348,3
230,468,2
230,2006,3
230,2007,2
230,3351,2
230,535,3
230,1401,6
230,398,2
230,864,13
230,302,5
230,676,3
230,2331,2
230,2389,3
230,3403,2
230,3088,2
230,798,2
230,312,2
230,543,4
230,1163,4
230,900,2
230,285,5
230,3569,6
230,577,3
230,1863,2
230,3665,3
230,2225,2
230,325,4
230,1875,2
230,930,3
230,1839,2
230,895,4
230,1331,35
230,3240,3
230,3908,4
230,444,2
230,3915,2
230,951,2
230,3977,2
230,407,2
230,3980,2
230,2861,20
230,343,8
230,750,2
230,4148,9
230,4149,2
230,374,3
230,463,2
230,2860,2
230,4215,2
230,460,2
230,4216,2
230,3036,2
230,1287,3
230,2191,3
230,1084,5
230,4321,5
230,4322,5
230,4323,5
230,4324,5
230,3633,6
230,4325,6
230,4326,6
230,4327,5
230,4328,5
230,587,6
230,4329,6
230,4259,8
230,4330,6
230,4331,6
230,4332,6
230,4218,6
230,2284,6
230,4352,2
230,2283,4
230,711,2
230,4059,2
230,4371,3
230,4372,3
230,1205,2
230,1376,2
230,771,10
230,1984,2
230,4422,2
230,4423,2
230,4424,2
230,3956,2
230,4425,2
230,4262,2
230,1183,3
230,3592,3
230,1454,4
230,503,2
230,846,2
230,375,2
230,974,2
230,3837,6
230,3336,6
230,367,3
230,673,2
230,2688,10
230,2373,3
230,4108,4
230,4668,4
230,2195,4
230,4674,4
230,4667,3
230,4677,3
230,4669,3
230,4678,3
230,2381,3
230,678,2
230,2517,2
230,1547,7
230,4707,4
230,4711,2
230,4712,2
230,1655,2
230,4713,2
230,4714,2
230,2925,2
230,4709,19
230,1639,3
230,2355,6
230,4755,2
230,4748,2
230,4756,2
230,1024,7
230,3439,2
230,3440,3
230,4795,3
230,242,2
230,4917,3
230,4918,3
230,4919,3
230,4920,3
230,4974,2
230,2922,2
230,2322,2
230,2459,2
230,590,7
230,1110,2
230,3655,3
230,5114,2
230,1439,2
230,1440,6
230,408,2
230,5270,2
230,5297,4
230,5298,3
230,5304,2
230,5327,3
230,5328,4
230,5329,4
230,1989,6
230,5330,4
230,5333,3
230,1600,4
230,5342,3
230,5343,3
230,1797,4
230,429,3
230,4740,3
230,3696,4
230,2376,4
230,1005,2
230,5413,3
230,548,5
230,4374,7
230,3197,2
230,1075,14
230,5414,7
230,3304,4
230,5431,2
230,5432,2
230,5433,4
230,5434,2
230,4652,7
230,5435,7
230,5436,10
230,1364,7
230,2369,7
230,5437,3
230,5438,3
230,281,8
230,5442,2
230,4354,2
230,5448,2
230,2486,2
230,2824,2
230,896,2
230,5449,2
230,5450,2
230,2259,4
230,5451,2
230,3681,4
230,3682,3
230,5457,3
230,1341,2
230,5464,2
230,1954,3
230,5466,2
230,5467,2
230,5470,3
230,5468,3
230,5469,3
230,5473,5
230,5311,5
230,1685,6
230,1927,3
230,1399,3
230,5478,3
230,732,2
230,5493,5
230,5495,2
230,5494,3
230,3916,4
230,3917,4
230,5548,5
230,1437,3
230,5549,3
230,5505,3
230,5537,8
230,5538,7
230,1982,5
230,4380,2
230,5534,4
230,3656,2
230,5533,4
230,5518,2
230,4183,2
230,3466,3
230,1377,2
230,5565,2
230,5568,15
230,5569,12
230,5570,11
230,5571,13
230,5366,5
230,5572,2
230,5603,2
230,3094,2
230,3897,2
230,4513,2
230,3070,2
230,5638,2
230,5607,4
230,3989,3
230,5608,4
230,5648,4
230,5649,7
230,4574,2
230,3160,2
230,634,7
230,5650,7
230,5651,5
230,1235,5
230,5652,6
230,5653,2
230,5654,5
230,5655,2
230,5656,4
230,1232,3
231,1150,12
231,531,3
231,2645,4
231,1222,4
231,291,3
231,2646,3
231,1053,6
231,360,2
231,3304,2
231,2191,3
231,811,9
231,1087,3
231,3240,4
231,895,4
231,1331,14
231,3914,2
231,3908,4
231,3915,2
231,3836,3
231,608,3
231,1709,2
231,771,2
231,5431,2
231,3592,2
231,5432,2
231,1287,2
231,1075,3
231,1639,2
231,868,3
231,2861,2
231,5451,2
231,1722,3
231,5457,3
231,432,2
231,2376,3
231,4374,4
231,1560,2
232,248,2
232,323,2
232,732,2
232,287,2
232,3193,2
234,1183,2
234,3592,2
234,1454,2
234,3666,2
236,237,3
237,343,8
237,344,8
237,2179,3
237,2180,8
237,4933,6
237,872,7
237,4934,7
237,4935,6
237,483,7
237,1776,7
237,4936,6
237,4937,3
237,4944,3
239,240,2
239,241,4
239,628,9
239,630,4
239,631,3
239,453,42
239,629,24
239,705,4
239,499,8
239,706,2
239,367,4
239,443,20
239,469,4
239,712,4
239,431,2
239,713,2
239,714,3
239,341,6
239,615,3
239,375,14
239,389,2
239,959,10
239,736,9
239,960,10
239,961,9
239,502,3
239,974,3
239,1014,4
239,1015,2
239,1016,4
239,1017,3
239,838,4
239,1018,6
239,1019,6
239,1020,6
239,1021,9
239,1022,7
239,840,4
239,581,3
239,371,5
239,373,2
239,1355,2
239,1354,2
239,930,2
239,662,19
239,1365,18
239,1366,12
239,426,12
239,1375,20
239,1363,6
239,1383,2
239,1384,4
239,663,2
239,1329,5
239,608,4
239,813,2
239,1488,2
239,1489,2
239,1490,2
239,1491,2
239,1492,2
239,1221,2
239,338,6
239,1493,2
239,1309,2
239,1494,2
239,1495,2
239,1496,2
239,1497,3
239,1498,2
239,1499,2
239,1502,2
239,1503,2
239,1504,2
239,1505,2
239,1201,2
239,243,4
239,432,8
239,1506,5
239,1507,3
239,1515,2
239,1516,2
239,287,6
239,1066,3
239,1517,2
239,1518,2
239,1519,2
239,351,5
239,1776,2
239,349,4
239,342,32
239,474,2
239,1924,2
239,917,4
239,337,13
239,1990,12
239,640,2
239,260,38
239,2295,2
239,2296,2
239,984,2
239,892,2
239,323,5
239,340,6
239,2391,2
239,2393,4
239,2395,5
239,2397,4
239,2399,2
239,750,2
239,2468,3
239,306,5
239,2516,2
239,899,8
239,285,7
239,504,3
239,492,5
239,335,2
239,1601,2
239,605,3
239,1401,5
239,2670,3
239,874,3
239,2671,3
239,2672,2
239,1600,4
239,2783,2
239,1381,2
239,2795,3
239,2764,4
239,2061,2
239,2796,3
239,536,4
239,2951,2
239,2952,19
239,2953,2
239,2954,12
239,2955,2
239,2956,6
239,2957,2
239,2958,8
239,2959,9
239,2960,13
239,329,6
239,2961,6
239,2962,3
239,2963,4
239,301,13
239,2970,3
239,2716,2
239,325,3
239,764,16
239,2972,4
239,2973,3
239,2974,4
239,2975,2
239,2200,3
239,1530,9
239,646,5
239,427,2
239,356,2
239,664,5
239,1792,3
239,863,5
239,671,2
239,302,2
239,676,2
239,3157,3
239,516,2
239,3241,4
239,3242,4
239,1253,3
239,3243,2
239,3244,4
239,3245,3
239,3246,2
239,3247,2
239,3248,4
239,3249,4
239,497,2
239,506,3
239,440,3
239,771,2
239,1839,2
239,248,9
239,543,3
239,3314,5
239,2791,3
239,2298,3
239,3169,2
239,3368,2
239,2867,4
239,483,5
239,3369,2
239,1872,3
239,2700,7
239,3385,2
239,3386,3
239,2924,7
239,1449,10
239,3404,5
239,555,3
239,660,2
239,3421,3
239,2861,5
239,359,2
239,2978,13
239,3548,12
239,3549,10
239,3550,8
239,1587,11
239,3563,2
239,3559,2
239,3565,2
239,3564,2
239,1326,2
239,355,3
239,312,4
239,3568,2
239,2184,4
239,2248,2
239,269,2
239,3668,2
239,313,2
239,692,2
239,3621,3
239,3622,3
239,3623,3
239,485,6
239,667,2
239,297,2
239,2709,2
239,2698,3
239,444,2
239,865,4
239,3858,2
239,885,3
239,445,2
239,3877,2
239,3878,2
239,1460,2
239,3882,2
239,3883,2
239,949,2
239,415,2
239,3888,2
239,2642,2
239,3907,6
239,2585,10
239,1835,7
239,1523,7
239,1525,9
239,326,5
239,673,6
239,3935,6
239,3936,5
239,677,6
239,4115,2
239,3420,2
239,4116,2
239,2546,2
239,4121,2
239,2402,5
239,4155,4
239,4173,3
239,4174,3
239,449,3
239,4176,4
239,4177,2
239,4178,2
239,4179,2
239,1933,2
239,901,2
239,4180,2
239,4181,2
239,4182,2
239,4187,3
239,4188,3
239,4189,3
239,4190,2
239,4191,2
239,4192,2
239,604,2
239,4268,2
239,4278,2
239,4279,2
239,1687,2
239,343,6
239,346,4
239,2801,4
239,4296,4
239,1416,4
239,1699,4
239,344,7
239,298,4
239,606,2
239,4314,2
239,2311,4
239,4315,2
239,577,4
239,3457,3
239,4316,2
239,4317,2
239,4353,3
239,582,3
239,4428,4
239,3625,2
239,4059,3
239,3170,3
239,2746,3
239,872,3
239,2506,2
239,4487,2
239,4370,2
239,4488,2
239,4356,2
239,4479,2
239,4480,2
239,4489,2
239,4636,2
239,442,3
239,1547,3
239,4637,2
239,4638,2
239,4639,2
239,3453,2
239,4640,2
239,4641,2
239,4642,2
239,4643,2
239,4644,2
239,4645,2
239,299,5
239,4661,2
239,4662,2
239,4707,4
239,533,3
239,864,4
239,2154,4
239,657,4
239,4714,2
239,2624,3
239,4731,2
239,458,4
239,4868,2
239,1376,3
239,4857,3
239,4869,3
239,4870,2
239,4871,4
239,4872,3
239,4873,3
239,696,3
239,4874,3
239,4875,3
239,4183,5
239,1150,6
239,4942,5
239,4943,5
239,2486,4
239,315,4
239,278,2
239,5035,3
239,277,2
239,5213,4
239,5214,2
239,3654,2
239,5273,2
239,5274,2
239,996,2
239,5275,2
239,4513,2
239,5340,3
239,2133,2
239,429,4
239,4740,4
239,681,5
239,5401,4
239,5400,4
239,5412,4
239,5402,3
239,5568,15
239,4148,7
239,5569,12
239,5570,11
239,5571,13
239,5366,6
239,5603,2
239,3094,2
240,241,2
241,615,8
241,2507,2
241,2508,2
241,2509,2
241,2510,2
241,604,2
241,1449,5
241,1426,2
241,804,6
241,983,2
241,1832,2
241,1531,2
241,4305,2
241,2047,2
241,4017,2
241,673,5
241,4018,2
241,724,2
241,682,2
241,383,2
241,2258,2
241,1636,2
241,277,3
241,4246,3
241,4845,4
241,4846,3
241,4847,3
241,4848,3
241,262,3
241,4849,3
241,2898,3
241,932,3
241,3498,3
241,4850,3
241,1809,3
241,4851,3
241,279,4
241,3404,3
241,2665,3
241,4852,3
241,4853,4
241,2415,4
241,2539,3
241,4856,2
241,342,2
241,2764,4
241,4972,2
241,5162,2
241,1842,2
242,243,6
242,371,14
242,938,3
242,939,3
242,940,2
242,806,6
242,941,2
242,942,3
242,944,2
242,1129,2
242,268,6
242,311,3
242,1231,2
242,1232,2
242,349,3
242,1233,2
242,1234,2
242,1235,2
242,356,2
242,373,6
242,2211,3
242,2213,3
242,2299,2
242,2300,2
242,2301,2
242,346,2
242,2302,2
242,1491,2
242,2303,2
242,2304,2
242,2305,2
242,2306,2
242,2307,2
242,694,2
242,260,4
242,2308,2
242,2309,2
242,813,2
242,2310,2
242,2311,2
242,2312,2
242,2313,2
242,2314,2
242,1031,2
242,2315,2
242,2750,2
242,2751,2
242,308,2
242,2752,3
242,2753,2
242,1834,4
242,2754,2
242,2755,2
242,2084,2
242,2756,2
242,2757,2
242,664,6
242,2758,2
242,2886,2
242,2887,2
242,2888,2
242,2889,2
242,1203,2
242,2890,2
242,1019,2
242,2237,2
242,3327,2
242,3328,2
242,3329,2
242,3330,2
242,3331,2
242,2905,2
242,3332,2
242,2322,3
242,943,2
242,1972,2
242,3462,2
242,342,2
242,421,3
242,306,2
242,1438,2
242,329,2
242,4629,2
242,4789,2
242,1224,2
242,4790,2
243,246,4
243,264,2
243,265,2
243,267,2
243,268,4
243,311,2
243,373,3
243,585,2
243,752,2
243,943,7
243,824,2
243,912,2
243,1273,2
243,372,3
243,421,2
243,1270,3
243,1271,2
243,1274,2
243,432,5
243,1275,2
243,1488,3
243,1489,4
243,1490,4
243,371,39
243,1491,4
243,1492,4
243,1221,4
243,338,4
243,1493,3
243,1309,3
243,1494,4
243,1495,3
243,1496,3
243,1497,4
243,1498,4
243,1499,4
243,1500,3
243,1501,3
243,1418,2
243,1502,4
243,1503,4
243,1504,4
243,1505,4
243,1201,4
243,1528,3
243,1529,2
243,1550,2
243,1551,2
243,1552,2
243,2211,2
243,3352,2
243,3353,2
243,3354,2
243,3355,10
243,486,9
243,285,7
243,3518,2
243,3519,2
243,3612,13
243,3613,14
243,3614,30
243,1709,8
243,306,24
243,325,3
243,443,3
243,1988,9
243,356,4
243,2613,2
243,2861,2
243,2322,4
243,308,3
243,1438,2
243,664,2
243,2213,2
243,4346,2
243,4347,2
243,4348,2
243,4349,2
243,4350,2
243,4351,2
243,2889,7
243,4110,3
243,3299,3
243,3244,3
243,4565,3
243,4566,3
243,4567,2
243,1770,3
243,359,2
243,510,2
243,2727,4
243,2729,4
243,4193,4
243,2731,4
243,4732,3
243,4258,3
243,2732,3
243,2733,4
243,4256,2
243,301,2
243,1598,2
243,4814,2
243,1203,3
243,2890,3
243,4815,2
243,342,2
243,4816,2
243,3698,2
243,4817,2
243,806,2
243,2737,2
243,4895,2
243,4901,2
243,4902,2
243,807,2
243,808,2
243,367,2
243,4968,4
243,4969,4
243,1464,4
243,2989,3
243,5003,2
243,5004,2
243,5476,5
243,5477,10
243,868,10
243,5489,6
243,5556,4
243,287,5
243,5600,2
244,245,3
244,371,3
244,2073,2
244,2450,2
244,2329,3
244,4955,3
244,2290,3
244,4956,3
244,2811,3
245,2288,2
245,4104,2
245,4105,2
245,2004,2
245,4106,2
245,3666,2
245,4107,2
245,917,2
245,449,2
245,3930,7
245,371,9
245,1550,2
245,4954,3
245,2450,6
245,2329,9
245,4955,8
245,2290,4
245,4956,9
245,2811,9
245,2073,4
246,1528,3
246,1489,3
246,1490,3
246,371,3
246,1491,3
246,1492,3
246,1221,3
246,338,3
246,1529,2
246,1493,2
246,1309,2
246,1494,3
246,1495,2
246,1496,2
246,1497,3
246,1498,3
246,1499,3
246,1500,2
246,1501,2
246,1502,3
246,1503,3
246,1504,3
246,1505,3
246,1201,3
246,432,3
246,1488,2
246,1550,2
246,1551,2
246,1552,2
248,249,4
248,250,9
248,251,3
248,324,2
248,440,8
248,325,6
248,383,6
248,297,12
248,374,3
248,577,3
248,286,9
248,456,8
248,621,2
248,287,13
248,619,2
248,554,8
248,620,3
248,622,2
248,623,2
248,483,6
248,637,6
248,638,2
248,640,2
248,607,2
248,849,2
248,850,2
248,878,6
248,886,2
248,879,3
248,887,4
248,880,3
248,888,4
248,858,4
248,694,2
248,882,2
248,884,3
248,275,8
248,853,4
248,892,2
248,885,3
248,962,4
248,969,4
248,553,4
248,604,2
248,344,7
248,1287,2
248,667,4
248,1286,2
248,1270,2
248,430,5
248,301,6
248,270,3
248,1289,2
248,445,11
248,260,10
248,388,2
248,563,4
248,1294,2
248,1295,2
248,1296,2
248,1297,2
248,1298,3
248,1299,2
248,1300,2
248,1301,2
248,1302,2
248,1303,2
248,1304,2
248,1305,2
248,355,8
248,1309,3
248,950,2
248,458,4
248,1399,2
248,340,4
248,444,2
248,343,2
248,1403,2
248,1409,2
248,724,2
248,1414,2
248,443,2
248,1410,2
248,1417,2
248,1412,3
248,551,4
248,342,3
248,580,12
248,1431,2
248,1437,2
248,295,3
248,872,7
248,323,17
248,671,2
248,1656,2
248,707,6
248,1657,2
248,1662,2
248,1658,5
248,684,6
248,1660,2
248,851,2
248,852,2
248,608,3
248,1742,4
248,1746,3
248,1747,3
248,1748,2
248,1749,2
248,870,4
248,453,8
248,994,5
248,871,6
248,873,6
248,1923,6
248,1000,6
248,874,6
248,442,3
248,2065,2
248,1350,3
248,2253,2
248,1533,2
248,797,3
248,1351,3
248,1353,3
248,2276,3
248,1534,2
248,2254,3
248,274,2
248,306,5
248,856,2
248,2137,2
248,1725,2
248,1560,2
248,2414,3
248,2416,2
248,2415,3
248,868,3
248,676,3
248,706,2
248,2428,2
248,2429,2
248,2430,4
248,390,2
248,2431,2
248,2432,2
248,1324,2
248,2433,2
248,2544,2
248,948,3
248,1932,2
248,2545,2
248,866,4
248,1005,2
248,687,5
248,606,3
248,863,2
248,949,5
248,2695,3
248,2696,2
248,2698,2
248,1682,3
248,1140,2
248,571,4
248,2709,3
248,2710,3
248,711,2
248,1406,2
248,436,2
248,764,2
248,305,3
248,2981,2
248,2982,2
248,2983,2
248,2984,3
248,3141,2
248,2965,2
248,3142,2
248,3143,2
248,2208,3
248,3144,2
248,2945,2
248,1894,2
248,3145,2
248,3146,2
248,3147,2
248,3148,2
248,3149,2
248,3150,2
248,3151,2
248,3152,2
248,924,3
248,771,2
248,1839,2
248,543,3
248,1989,3
248,313,5
248,2726,2
248,312,4
248,1163,3
248,3548,2
248,2978,2
248,3549,2
248,1587,2
248,796,2
248,2861,7
248,371,2
248,2132,2
248,367,2
248,3731,2
248,575,2
248,1796,2
248,486,2
248,487,2
248,3825,3
248,600,2
248,1091,2
248,278,2
248,375,3
248,1812,3
248,3938,2
248,1930,2
248,3893,6
248,308,3
248,1857,2
248,4127,3
248,4128,2
248,4129,2
248,768,3
248,4130,2
248,4134,2
248,4145,2
248,518,2
248,1454,2
248,3696,2
248,4454,2
248,2459,2
248,525,2
248,4803,3
248,1377,2
248,4884,2
248,4885,3
248,4886,3
248,4887,4
248,4888,4
248,2199,4
248,1448,3
248,4889,3
248,3437,3
248,4890,4
248,3070,2
248,4686,2
248,4966,2
248,1441,2
248,5097,5
248,5130,4
248,5131,4
248,5132,4
248,5133,4
248,5134,4
248,5135,4
248,5136,4
248,5137,4
248,5138,4
248,5139,4
248,5140,4
248,5183,2
248,5184,3
248,581,4
248,3793,3
248,5297,3
248,5298,3
248,314,3
248,2318,2
248,968,4
248,1150,2
248,5415,3
248,5416,3
248,5417,4
248,5418,3
248,5421,2
248,5419,3
248,967,3
248,2319,3
248,5420,4
248,2374,2
248,5427,2
248,2784,2
248,5493,2
248,4709,2
248,5539,2
248,5540,2
248,1980,2
248,1737,2
248,5541,2
248,5542,2
248,5543,2
248,5544,2
248,5545,2
248,5546,2
248,4672,2
248,5547,2
249,250,3
249,430,2
249,301,2
249,888,3
249,2093,2
249,2094,2
249,2095,3
249,260,2
249,540,2
249,885,2
249,969,2
249,1985,2
250,878,3
250,886,5
250,879,4
250,887,3
250,880,4
250,888,5
250,882,2
250,883,2
250,884,2
250,275,2
250,853,2
250,885,4
250,962,2
250,963,4
250,964,3
250,965,3
250,667,2
250,966,3
250,314,4
250,863,3
250,967,3
250,968,3
250,867,5
250,306,2
250,1109,2
250,1110,3
250,911,2
250,1111,2
250,1112,2
250,1113,2
250,1114,2
250,260,9
250,1115,2
250,313,2
250,443,2
250,301,2
250,2093,2
250,2094,2
250,2095,2
250,540,2
250,969,7
250,1985,2
250,2247,2
250,297,4
250,374,2
250,375,2
250,2539,2
250,811,2
250,2544,2
250,2414,2
250,1932,2
250,2545,2
250,2415,2
250,866,2
250,5297,4
250,5298,3
250,5304,2
250,1454,2
250,1005,4
250,5581,2
250,5573,4
250,5574,4
250,2427,4
250,2459,4
250,5582,2
250,800,4
250,3706,4
250,5553,4
250,1451,4
250,949,4
250,3789,4
250,5554,4
250,2034,4
250,3871,4
250,325,4
250,5160,4
250,5590,2
250,5555,2
250,2916,2
250,5576,2
251,252,2
251,253,2
251,5183,2
251,5184,2
251,581,2
252,253,2
253,254,2
253,1722,2
253,1310,2
253,949,3
253,1723,2
255,471,3
255,261,11
255,472,9
255,496,3
255,2413,2
255,3827,2
255,1163,2
255,3829,3
255,1923,3
256,865,2
256,888,3
256,278,2
256,868,2
256,1141,4
256,1143,3
256,2366,2
256,3422,2
256,275,3
256,259,2
256,934,2
256,3824,2
258,835,2
258,836,5
258,838,2
258,837,2
258,839,5
258,1606,9
258,2505,7
258,1648,2
258,2506,3
258,2221,3
258,2624,3
258,1675,20
258,626,3
258,344,20
258,2925,2
258,1376,2
258,1547,2
258,667,3
258,315,2
258,2535,3
258,1685,2
258,2926,3
258,637,2
258,814,2
258,2435,4
258,2111,2
258,2543,3
258,342,3
258,1677,3
258,566,3
258,1993,2
258,595,9
258,931,9
258,4926,2
258,2945,6
258,5242,12
258,3864,12
258,1021,12
258,1022,2
258,865,11
258,5245,10
258,5071,6
258,5072,11
258,5246,6
258,3863,8
258,4734,6
258,449,7
258,5497,4
258,4722,3
258,5514,3
258,5498,4
259,934,2
259,275,2
259,3824,2
260,262,2
260,261,2
260,263,3
260,301,68
260,303,3
260,302,7
260,304,2
260,442,3
260,443,17
260,760,6
260,761,2
260,762,4
260,763,4
260,826,4
260,1109,3
260,962,19
260,1110,10
260,963,7
260,911,2
260,1111,3
260,1112,2
260,1113,2
260,1114,2
260,964,3
260,965,2
260,966,3
260,314,2
260,1115,2
260,967,4
260,968,5
260,867,12
260,313,2
260,863,8
260,356,3
260,287,7
260,445,5
260,388,2
260,1290,2
260,892,3
260,367,2
260,1444,3
260,1446,4
260,346,3
260,342,15
260,1443,2
260,1447,4
260,1546,2
260,647,3
260,1664,2
260,469,2
260,1401,16
260,707,2
260,332,2
260,1894,2
260,888,2
260,2093,2
260,2094,2
260,2095,2
260,540,3
260,885,3
260,969,4
260,1985,2
260,1939,2
260,949,11
260,297,8
260,375,2
260,565,3
260,2248,2
260,1530,13
260,984,2
260,2299,3
260,2300,2
260,2301,2
260,2302,2
260,1491,23
260,2303,2
260,2304,2
260,2305,2
260,2306,2
260,2307,2
260,694,3
260,2308,2
260,2309,2
260,813,11
260,2310,2
260,2311,2
260,2312,2
260,2313,2
260,2314,2
260,1031,26
260,2315,2
260,2374,2
260,700,2
260,2375,2
260,934,5
260,308,2
260,935,2
260,2376,2
260,306,46
260,2444,6
260,946,2
260,2445,6
260,983,12
260,1103,9
260,2446,9
260,1865,21
260,2482,8
260,629,2
260,1794,2
260,2560,7
260,2058,8
260,2561,4
260,2562,4
260,502,3
260,507,2
260,1548,2
260,492,3
260,2061,3
260,2564,2
260,2664,3
260,2184,9
260,660,2
260,2331,25
260,1658,2
260,2698,6
260,2709,2
260,2710,2
260,325,26
260,2717,4
260,646,2
260,1067,2
260,982,10
260,2325,9
260,2721,8
260,2347,12
260,931,19
260,1425,13
260,2725,2
260,2352,2
260,510,3
260,724,17
260,864,11
260,1481,2
260,764,28
260,2746,4
260,1298,2
260,1376,2
260,2749,2
260,483,2
260,1776,3
260,444,2
260,355,6
260,704,10
260,606,2
260,298,2
260,323,3
260,324,2
260,2907,3
260,2951,2
260,2952,23
260,2953,2
260,2954,12
260,2955,2
260,2956,6
260,2957,2
260,2958,10
260,2959,9
260,2960,14
260,329,8
260,2961,6
260,2962,3
260,2963,4
260,905,2
260,2970,3
260,712,3
260,2716,7
260,2023,3
260,2972,4
260,2973,3
260,2974,4
260,2975,2
260,2200,3
260,2785,9
260,564,3
260,349,9
260,715,9
260,3018,10
260,1255,10
260,924,11
260,671,6
260,676,3
260,3127,2
260,581,2
260,3129,2
260,3033,2
260,3128,3
260,1124,4
260,3134,2
260,1213,2
260,290,2
260,3169,3
260,3121,3
260,2787,2
260,3195,2
260,667,5
260,3217,11
260,3068,2
260,2151,2
260,3231,2
260,3232,2
260,3028,10
260,2791,5
260,440,12
260,3314,5
260,617,2
260,981,2
260,3316,2
260,3317,2
260,3318,2
260,3319,2
260,657,8
260,2298,4
260,1329,2
260,1138,7
260,3402,2
260,2267,2
260,1002,2
260,2727,3
260,3533,2
260,1722,2
260,797,3
260,3535,2
260,3536,2
260,3537,2
260,373,7
260,421,2
260,3538,2
260,3539,2
260,3540,2
260,2732,2
260,3541,2
260,3543,2
260,2539,5
260,3639,2
260,2471,2
260,956,2
260,3640,2
260,3069,5
260,811,2
260,371,4
260,3631,2
260,3761,4
260,3762,2
260,692,7
260,693,7
260,3763,5
260,3764,4
260,690,4
260,691,2
260,3847,3
260,453,3
260,1559,2
260,1005,10
260,3170,4
260,2861,2
260,4028,2
260,4029,2
260,4030,3
260,697,2
260,908,3
260,4031,2
260,858,2
260,4032,2
260,4033,3
260,4034,2
260,4035,3
260,4036,3
260,4037,3
260,4038,2
260,4039,3
260,4040,2
260,4115,2
260,3420,2
260,4116,2
260,458,2
260,930,11
260,3006,2
260,4257,2
260,4059,11
260,3551,7
260,4370,2
260,555,2
260,344,7
260,2468,3
260,4371,2
260,3552,8
260,4372,2
260,4356,2
260,2499,2
260,955,2
260,4392,5
260,4393,5
260,933,5
260,4428,4
260,4429,2
260,4458,2
260,886,25
260,4464,2
260,637,4
260,3320,2
260,996,5
260,1006,2
260,548,8
260,4359,2
260,4465,2
260,4466,2
260,4467,2
260,4468,2
260,4469,2
260,2252,3
260,3696,3
260,1770,2
260,3625,3
260,872,4
260,2506,2
260,4487,2
260,4488,3
260,4479,4
260,4480,2
260,2283,2
260,1082,3
260,4618,2
260,4629,3
260,4619,3
260,4630,4
260,4620,3
260,4621,2
260,4622,2
260,4623,2
260,4624,2
260,4625,2
260,4626,2
260,4627,2
260,4628,3
260,4633,2
260,4632,2
260,2688,3
260,4681,3
260,4682,3
260,2863,3
260,4683,3
260,4688,2
260,2191,2
260,4789,2
260,1224,2
260,664,2
260,4790,2
260,383,2
260,1437,3
260,4859,4
260,4863,4
260,1276,3
260,1270,4
260,432,5
260,1271,3
260,2236,2
260,4916,3
260,5027,11
260,1087,8
260,5028,10
260,1796,15
260,486,21
260,487,11
260,736,2
260,5029,11
260,5041,4
260,5042,4
260,488,3
260,278,6
260,3370,3
260,1141,2
260,2129,2
260,2517,3
260,3667,2
260,3758,2
260,5120,10
260,5123,2
260,5124,2
260,5125,2
260,531,2
260,615,2
260,3834,4
260,5273,2
260,5274,2
260,5275,2
260,4513,2
260,5282,2
260,5283,2
260,1812,2
260,5353,11
260,5354,10
260,392,9
260,3901,11
260,3788,11
260,632,8
260,5317,7
260,429,2
260,4740,2
260,4280,2
260,5161,2
260,5375,2
260,5376,2
260,5377,2
260,5378,2
260,5379,2
260,5380,2
260,5381,2
260,5382,2
260,5383,2
260,5555,4
260,800,17
260,5553,15
260,2916,12
260,3789,14
260,5554,17
260,2459,23
260,1451,15
260,5566,2
260,5573,15
260,5574,22
260,2427,13
260,3706,11
260,5575,3
260,539,2
260,971,3
260,5576,5
260,2368,2
260,2034,20
260,3871,11
260,5160,13
260,1027,2
260,5577,2
260,635,2
260,4275,10
260,2589,3
260,5581,6
260,5582,5
260,2022,3
260,1107,2
260,865,3
260,3119,2
260,5589,2
260,879,2
260,1560,2
260,5590,2
260,5591,2
260,2360,2
260,995,2
261,277,4
261,278,2
261,281,7
261,471,10
261,472,8
261,496,3
261,673,2
261,729,3
261,730,3
261,731,2
261,432,8
261,1244,3
261,1087,5
261,1245,3
261,1246,9
261,1247,3
261,1248,2
261,1206,2
261,1266,2
261,566,2
261,1215,2
261,1216,2
261,1075,2
261,285,5
261,1291,2
261,1292,2
261,1293,2
261,1312,4
261,273,3
261,797,2
261,1391,3
261,738,3
261,502,2
261,359,2
261,1853,6
261,1854,7
261,1809,3
261,1685,13
261,2198,2
261,2199,3
261,1739,4
261,2200,3
261,2201,4
261,1019,4
261,2202,3
261,764,2
261,2210,2
261,2644,2
261,1448,3
261,1449,5
261,1536,3
261,533,2
261,2673,2
261,2674,2
261,2675,2
261,860,2
261,2676,2
261,2677,3
261,1752,2
261,2678,2
261,2684,2
261,2679,2
261,2058,2
261,2680,2
261,1193,2
261,342,6
261,878,4
261,1874,3
261,1875,8
261,2727,4
261,271,2
261,373,2
261,2729,2
261,2731,3
261,2733,3
261,1601,7
261,1654,7
261,297,2
261,3848,3
261,3849,2
261,587,2
261,1209,3
261,2659,4
261,3850,3
261,3851,3
261,3852,3
261,3853,3
261,935,2
261,3722,2
261,3855,2
261,430,2
261,853,3
261,1927,6
261,608,4
261,1989,6
261,750,4
261,344,9
261,4747,3
261,931,2
261,4753,2
261,2861,3
261,4193,2
261,4911,2
261,771,5
261,5327,3
261,5328,4
261,5329,5
261,5330,5
261,5333,3
261,965,3
261,3517,2
261,5312,2
261,1399,2
261,3682,2
261,3837,5
261,5473,6
261,5311,6
261,3336,6
261,5475,2
261,606,2
261,4356,2
261,706,5
261,4500,5
261,5640,5
261,5646,2
261,5641,4
261,5642,4
261,5643,4
261,5644,4
261,1359,3
261,5645,3
262,1809,5
262,277,4
262,308,2
262,2744,2
262,1449,4
262,615,3
262,804,3
262,4246,3
262,4845,3
262,4846,3
262,4847,3
262,4848,3
262,673,3
262,4849,3
262,2898,3
262,932,3
262,3498,3
262,4850,3
262,4851,3
262,279,3
262,3404,3
262,2665,3
262,4852,3
262,4853,3
262,2415,3
262,2539,2
262,4856,2
263,1796,2
263,486,5
263,724,6
263,864,5
263,1798,2
263,1141,5
263,2129,3
263,5053,5
263,3667,3
263,1639,5
263,1761,2
263,535,3
263,5054,3
263,1232,2
263,590,2
263,2518,2
263,594,2
263,3685,3
263,811,2
263,5103,2
264,265,3
264,266,2
264,267,3
264,268,4
264,310,2
264,311,2
264,724,2
264,864,2
264,2861,2
265,266,2
265,267,3
265,268,3
266,267,2
266,268,2
267,268,3
268,310,9
268,311,8
268,371,9
268,2211,11
268,335,5
268,2436,3
268,2568,4
268,2569,2
268,2331,12
268,2980,7
268,3137,2
268,3194,2
269,272,2
269,309,6
269,1705,17
269,1706,10
269,1707,4
269,1708,9
269,1175,3
269,1709,4
269,1710,4
269,432,4
269,3410,3
269,3411,5
269,3412,2
269,3668,3
269,4880,7
269,344,18
269,4881,5
269,4882,9
269,4883,9
269,3638,2
269,2330,2
269,343,2
269,2127,3
269,1031,7
269,5055,7
269,1901,4
269,3362,2
269,5482,2
269,567,4
269,2307,5
269,1654,5
269,606,5
269,5483,5
269,5188,5
269,5484,3
269,5485,5
269,5490,2
269,2633,2
269,1536,4
269,388,4
269,5491,3
269,5492,2
270,342,2
270,356,2
270,287,18
270,1290,4
270,307,8
270,1349,12
270,500,11
270,2024,11
270,1116,12
270,962,12
270,2025,9
270,1285,12
270,2026,14
270,1325,10
270,2027,10
270,2028,11
270,2029,10
270,1326,25
270,1865,3
270,373,3
270,658,11
270,2182,8
270,2875,7
270,2869,9
270,1733,3
270,2871,8
270,878,2
270,3417,2
270,3418,2
270,3419,2
270,3420,2
270,2864,8
270,2867,7
270,2868,8
270,627,8
270,2865,2
270,297,2
270,543,2
270,444,2
270,632,2
270,2922,2
270,3870,2
270,4995,2
270,3872,2
272,631,2
272,453,9
272,3011,2
272,355,4
272,1598,6
272,2976,7
272,2800,9
272,445,4
272,2648,6
272,875,9
272,1265,8
272,1066,5
272,3012,4
272,889,5
272,3013,5
272,442,2
272,2509,5
272,2747,5
272,890,5
272,3014,5
272,1036,5
272,686,2
272,1132,3
272,297,3
272,2640,3
273,1028,2
273,1029,3
273,297,14
273,1030,3
273,375,4
273,1154,3
273,1391,2
273,946,2
273,337,16
273,1711,2
273,667,2
273,1912,3
273,1913,3
273,1914,2
273,1194,3
273,1915,3
273,1916,3
273,1196,4
273,1087,3
273,982,2
273,1197,3
273,899,5
273,750,6
273,2938,8
273,1750,2
273,2993,3
273,335,2
273,277,4
273,671,2
273,302,2
273,3228,3
273,1209,2
273,2659,2
273,2741,2
273,355,3
273,445,3
273,2742,2
273,1449,3
273,965,2
273,3981,2
273,1509,2
273,3094,2
273,4959,2
273,4960,2
273,3095,2
273,5456,2
273,5522,2
274,275,2
274,347,6
274,445,2
274,651,2
274,2242,2
274,2243,5
274,707,2
274,306,7
274,2576,3
274,356,3
274,2577,3
274,2578,3
274,2579,8
274,2581,2
274,4957,2
274,5198,5
274,5199,5
274,2182,5
274,5200,5
274,5201,5
274,5202,5
274,5203,5
274,1502,5
274,5204,5
274,2334,5
274,5205,5
274,5206,5
274,5207,5
274,1447,5
274,5208,5
274,5209,5
274,5210,5
274,1254,5
274,5276,4
274,962,4
274,5277,4
274,5278,4
274,5279,4
274,2332,4
274,5355,3
274,5356,3
275,525,3
275,323,4
275,518,5
275,851,2
275,856,2
275,858,11
275,859,2
275,853,5
275,878,7
275,886,2
275,879,2
275,880,2
275,694,3
275,892,8
275,301,2
275,1143,4
275,1256,4
275,657,2
275,340,2
275,1401,3
275,445,3
275,945,2
275,1404,2
275,332,4
275,329,2
275,291,2
275,330,2
275,1595,2
275,464,2
275,456,2
275,1553,2
275,1309,2
275,297,5
275,608,2
275,1857,2
275,949,3
275,1723,3
275,1856,3
275,580,2
275,306,3
275,1287,3
275,1560,2
275,278,3
275,2535,3
275,865,2
275,1141,6
275,2358,2
275,798,3
275,2906,2
275,2634,2
275,592,2
275,1770,2
275,425,2
275,3466,8
275,3495,5
275,3496,6
275,3497,4
275,2894,6
275,3498,6
275,3499,6
275,3500,3
275,581,10
275,2389,3
275,383,2
275,344,2
275,3788,2
275,934,9
275,3824,2
275,379,2
275,3944,2
275,3945,2
275,836,2
275,538,2
275,3946,2
275,3947,2
275,3948,2
275,3949,2
275,3950,2
275,3951,2
275,3952,3
275,3953,2
275,2330,2
275,3954,2
275,3955,2
275,3956,2
275,3957,2
275,3958,2
275,4123,2
275,1150,2
275,3897,2
275,1454,2
275,4375,2
275,3666,2
275,905,2
275,1324,2
275,673,2
275,2200,2
275,4650,3
275,2450,5
275,4651,5
275,2141,6
275,4300,2
275,4652,5
275,4653,2
275,4654,4
275,594,4
275,590,3
275,1006,3
275,4655,2
275,4656,2
275,337,7
275,797,6
275,899,2
275,4938,7
275,4939,5
275,676,2
275,667,2
275,533,2
275,5452,2
275,1448,7
275,1449,2
276,3119,2
276,671,2
276,4199,2
276,2459,2
276,4200,2
276,302,2
276,4201,2
276,3696,2
276,2415,2
277,278,2
277,279,4
277,297,16
277,1154,3
277,1155,3
277,667,5
277,1209,4
277,1509,6
277,1510,5
277,1511,4
277,1512,6
277,965,10
277,313,7
277,1513,6
277,1514,6
277,1539,3
277,1540,2
277,1541,4
277,1542,4
277,1543,4
277,1448,2
277,1449,32
277,2374,3
277,308,3
277,373,2
277,2742,3
277,2740,2
277,2659,19
277,1809,4
277,2741,2
277,2891,2
277,443,2
277,2908,2
277,2893,2
277,2894,2
277,2896,2
277,2910,5
277,2911,3
277,676,3
277,764,5
277,301,9
277,1097,8
277,3042,4
277,3005,10
277,3043,5
277,3044,2
277,3210,3
277,2065,3
277,1839,5
277,3211,3
277,3212,3
277,1965,6
277,3036,3
277,355,7
277,445,7
277,3754,2
277,671,2
277,1029,7
277,302,2
277,3228,3
277,3860,2
277,3861,2
277,581,2
277,3862,2
277,605,2
277,3006,2
277,4257,5
277,3837,5
277,4482,9
277,4483,5
277,1028,5
277,4484,6
277,4485,3
277,606,5
277,3358,3
277,430,4
277,4486,9
277,1911,4
277,4536,2
277,4537,5
277,4548,2
277,615,3
277,804,3
277,4246,3
277,4845,3
277,4846,3
277,4847,3
277,4848,3
277,673,3
277,4849,3
277,2898,3
277,932,3
277,3498,3
277,4850,3
277,4851,3
277,3404,4
277,2665,3
277,4852,3
277,4853,3
277,2415,3
277,2539,2
277,4856,2
277,1391,5
277,5099,3
277,421,4
277,1266,4
277,5344,4
277,1927,3
277,5390,2
277,5391,4
277,5392,4
277,5328,4
277,5393,3
277,1377,4
277,3336,2
277,1399,2
278,485,6
278,486,13
278,487,9
278,475,3
278,1104,11
278,337,12
278,899,2
278,1058,2
278,1053,38
278,1087,24
278,532,4
278,1090,3
278,1091,5
278,1092,3
278,533,5
278,1085,5
278,1128,2
278,1088,3
278,1089,3
278,1093,2
278,1215,6
278,1216,2
278,1217,5
278,1218,4
278,1219,4
278,1220,6
278,1221,4
278,329,12
278,1222,8
278,291,12
278,1223,5
278,1224,2
278,1225,4
278,1226,4
278,840,3
278,350,2
278,766,3
278,285,4
278,1246,2
278,1277,2
278,1278,2
278,375,21
278,1279,2
278,1280,2
278,1281,2
278,1282,2
278,1283,2
278,1284,2
278,1292,2
278,1394,8
278,1395,8
278,1898,7
278,1899,7
278,1396,8
278,1900,9
278,1901,8
278,1560,4
278,1559,4
278,905,2
278,1985,2
278,443,6
278,736,6
278,946,2
278,1796,6
278,3788,6
278,634,11
278,3889,5
278,3890,5
278,3891,2
278,389,3
278,374,2
278,355,3
278,965,4
278,3228,4
278,1449,3
278,445,3
278,2742,2
278,4076,2
278,2861,2
278,4404,7
278,4405,6
278,1157,5
278,4406,5
278,4407,5
278,4408,7
278,4409,7
278,4410,4
278,4411,5
278,4417,3
278,4431,2
278,974,3
278,4435,2
278,4436,2
278,4437,2
278,1133,3
278,901,3
278,4635,3
278,1514,3
278,3388,2
278,4715,2
278,667,2
278,4716,2
278,1019,2
278,1230,2
278,4724,2
278,313,2
278,2546,4
278,5005,3
278,5006,3
278,5007,5
278,5008,5
278,340,5
278,2395,5
278,2397,5
278,2402,5
278,5035,4
278,5034,3
278,341,5
278,488,2
278,2393,3
278,5027,6
278,5028,6
278,5029,6
278,930,5
278,931,4
278,3370,3
278,427,3
278,3621,3
278,5086,4
278,5087,3
278,5088,4
278,5089,3
278,646,2
278,2391,2
278,5367,2
278,5368,2
278,1198,2
278,5370,10
278,1536,7
278,1677,9
278,882,9
278,1904,9
278,735,10
278,5371,7
278,5372,9
278,606,2
278,4452,2
278,934,2
278,5444,2
278,5445,2
278,5422,2
278,5423,2
278,5446,2
278,5424,2
278,1833,2
278,1787,2
278,4501,2
278,5425,2
278,5426,2
278,1769,4
278,5628,4
278,4928,4
278,323,3
278,293,2
278,2499,2
278,360,2
278,330,3
279,281,16
279,1638,2
279,590,8
279,1643,3
279,1644,3
279,1639,3
279,1645,2
279,594,12
279,1143,11
279,1622,3
279,1141,9
279,2354,6
279,2355,3
279,931,9
279,2360,3
279,864,2
279,2361,2
279,2365,6
279,533,2
279,2366,2
279,2368,3
279,996,15
279,344,2
279,2022,4
279,440,2
279,615,4
279,804,4
279,4246,3
279,4845,4
279,4846,3
279,4854,2
279,4847,3
279,4848,3
279,673,4
279,4849,3
279,2898,3
279,932,3
279,3498,4
279,4850,3
279,1809,3
279,4851,3
279,3404,3
279,1449,5
279,2665,4
279,4852,3
279,4855,2
279,4853,4
279,2415,5
279,2539,4
279,4856,2
279,4827,2
279,394,15
279,3969,16
279,983,12
279,1685,17
279,306,16
279,4963,2
279,4964,2
279,5053,4
279,1376,2
279,5056,2
279,5057,2
280,811,11
280,3218,11
280,3219,11
280,3223,3
280,946,9
280,1361,9
280,1053,9
280,4214,9
280,4238,6
280,4239,7
281,4827,2
281,394,13
281,3969,15
281,996,12
281,983,12
281,1685,21
281,306,14
281,4963,2
281,4964,2
281,2022,3
281,836,2
281,590,3
281,5435,3
281,1103,3
281,2861,3
281,1364,3
281,2369,2
281,1331,3
281,4652,3
281,5441,2
281,868,3
281,5436,2
281,3837,4
281,5473,6
281,5311,6
281,3336,6
281,1927,3
281,5475,2
285,1087,2
285,1537,2
285,914,11
285,1740,41
285,1741,23
285,335,3
285,337,51
285,1750,4
285,1751,6
285,383,8
285,946,13
285,1754,13
285,1760,2
285,1768,15
285,1778,2
285,899,13
285,736,2
285,1871,6
285,1408,8
285,336,2
285,2222,3
285,2223,4
285,2224,3
285,2225,3
285,646,9
285,427,2
285,2232,3
285,428,2
285,2519,3
285,2520,3
285,858,3
285,2521,4
285,892,3
285,2522,2
285,2527,2
285,2528,2
285,1990,7
285,1548,2
285,1601,3
285,724,4
285,1465,2
285,2802,2
285,2803,3
285,1359,8
285,375,5
285,380,2
285,3365,3
285,486,14
285,3355,7
285,537,2
285,3528,3
285,1794,7
285,3735,6
285,487,4
285,3077,10
285,3736,6
285,3737,7
285,1902,6
285,3738,7
285,1572,8
285,3739,6
285,3740,6
285,2228,5
285,3707,7
285,1354,3
285,502,3
285,493,2
285,510,2
285,3752,2
285,3773,3
285,2863,5
285,3775,4
285,4224,2
285,1253,2
285,4225,2
285,1587,2
285,4226,2
285,1864,2
285,3570,2
285,4227,2
285,864,2
285,4241,7
285,4245,4
285,4254,3
285,4255,2
285,4271,2
285,4404,3
285,4405,3
285,4417,2
285,1157,2
285,4406,2
285,4407,2
285,4408,3
285,1053,3
285,4409,3
285,4410,2
285,4411,2
285,4431,2
285,3242,3
285,4562,3
285,4563,3
285,706,5
285,4500,5
285,5640,5
285,5641,4
285,5642,4
285,5643,4
285,5644,4
285,5645,4
286,287,9
286,288,4
286,289,2
286,464,2
286,456,9
286,554,9
286,483,6
286,618,2
286,619,2
286,620,3
286,297,7
286,604,3
286,383,2
286,553,4
286,637,2
286,667,2
286,1286,3
286,1270,3
286,552,2
286,355,2
286,445,3
286,1309,3
286,950,2
286,458,2
286,551,2
286,1431,2
287,288,2
287,289,3
287,456,25
287,457,79
287,458,8
287,465,2
287,464,4
287,466,2
287,297,11
287,473,8
287,481,2
287,482,2
287,430,9
287,483,34
287,551,6
287,552,3
287,553,6
287,554,7
287,568,2
287,569,2
287,344,11
287,570,2
287,342,7
287,604,7
287,605,2
287,606,3
287,607,2
287,608,3
287,609,2
287,610,3
287,432,2
287,619,3
287,620,2
287,622,4
287,623,2
287,349,2
287,666,2
287,668,2
287,667,5
287,536,2
287,1171,5
287,633,2
287,1172,3
287,890,2
287,1179,2
287,1190,2
287,1253,3
287,532,6
287,533,47
287,637,2
287,383,3
287,1255,2
287,1270,2
287,301,6
287,1289,3
287,445,7
287,1290,4
287,1306,3
287,1125,2
287,355,4
287,1310,2
287,1309,3
287,307,8
287,1349,12
287,1428,50
287,1431,3
287,1430,4
287,434,2
287,1433,2
287,443,16
287,1506,2
287,1066,2
287,1517,2
287,714,2
287,1518,2
287,1519,2
287,1610,2
287,1611,2
287,863,2
287,1522,2
287,1523,2
287,1525,4
287,1527,2
287,581,4
287,1846,2
287,1847,2
287,1848,2
287,1120,2
287,479,2
287,440,10
287,1401,2
287,332,47
287,1894,3
287,500,11
287,2024,13
287,1116,12
287,962,16
287,2025,9
287,1285,12
287,2026,13
287,1325,10
287,2027,10
287,2028,11
287,2029,10
287,1326,13
287,1865,3
287,373,3
287,323,5
287,306,14
287,1344,2
287,1338,2
287,858,2
287,2208,26
287,949,5
287,2570,5
287,2571,11
287,2572,11
287,2573,4
287,2574,12
287,1578,21
287,1389,11
287,715,10
287,1559,5
287,2575,77
287,1729,30
287,1978,3
287,2583,3
287,2584,8
287,2585,5
287,2639,2
287,1005,2
287,2748,4
287,2749,2
287,1776,4
287,2913,2
287,1810,2
287,2915,30
287,2965,5
287,3069,3
287,3070,9
287,3141,9
287,3142,2
287,3143,2
287,3144,2
287,2945,2
287,3145,2
287,3146,2
287,3147,2
287,3148,2
287,3149,2
287,3150,2
287,3151,2
287,3152,2
287,325,2
287,2869,2
287,3444,2
287,615,2
287,3445,2
287,3446,2
287,3447,2
287,3448,2
287,3449,2
287,3450,2
287,3451,2
287,908,2
287,371,7
287,1616,2
287,888,2
287,3452,2
287,3453,2
287,3454,2
287,1423,2
287,3455,2
287,3456,2
287,2036,2
287,2369,2
287,3457,2
287,771,3
287,1989,2
287,2058,3
287,2072,6
287,3599,7
287,2355,30
287,542,2
287,2459,4
287,2766,2
287,3637,4
287,1639,24
287,3641,5
287,3642,30
287,1117,4
287,3652,2
287,375,3
287,3200,2
287,696,4
287,2246,4
287,917,5
287,919,5
287,449,2
287,3689,2
287,694,2
287,3708,3
287,3709,6
287,3710,2
287,3713,3
287,3714,2
287,3715,2
287,3716,2
287,2086,4
287,1329,3
287,3730,6
287,1560,4
287,1138,2
287,3796,18
287,3797,54
287,3798,11
287,3799,19
287,3804,18
287,3805,9
287,1736,4
287,317,5
287,3814,5
287,3815,8
287,3819,4
287,3820,3
287,3846,9
287,1606,4
287,1607,3
287,3898,2
287,2729,2
287,3905,2
287,1470,2
287,453,10
287,2861,3
287,4087,14
287,2221,5
287,4140,2
287,718,6
287,4259,3
287,451,9
287,4333,7
287,4133,2
287,4334,2
287,4335,3
287,4336,3
287,4337,2
287,4338,2
287,4339,3
287,2900,3
287,1769,4
287,4340,4
287,330,7
287,425,2
287,4341,5
287,767,5
287,768,9
287,587,5
287,341,5
287,4361,3
287,4362,2
287,291,6
287,4363,2
287,924,2
287,4391,3
287,4440,14
287,1107,2
287,4571,5
287,617,3
287,4578,2
287,4579,2
287,4580,2
287,4581,4
287,4582,2
287,4589,2
287,4590,2
287,4591,2
287,4126,2
287,1812,2
287,5069,2
287,5070,13
287,2535,14
287,5076,2
287,1141,3
287,4189,3
287,2367,3
287,884,2
287,5142,2
287,878,2
287,3423,2
287,5224,2
287,3422,2
287,5256,2
287,5257,2
287,3612,5
287,1988,3
287,3613,5
287,3614,5
287,5556,2
287,5592,2
287,5593,4
287,5594,10
287,5600,2
287,5612,15
287,5613,3
287,5616,11
287,5617,4
288,456,2
288,383,2
288,297,3
289,483,2
290,291,13
290,292,5
290,293,5
290,294,9
290,349,2
290,342,9
290,329,9
290,330,8
290,2901,2
290,425,3
290,1769,2
290,863,3
290,768,2
290,5458,3
290,5459,4
290,5472,2
291,292,12
291,293,14
291,294,24
291,328,15
291,342,26
291,329,51
291,330,43
291,349,4
291,425,14
291,451,24
291,360,9
291,452,5
291,764,5
291,358,3
291,765,4
291,492,2
291,772,3
291,773,3
291,766,8
291,297,5
291,767,8
291,768,18
291,769,5
291,770,5
291,615,2
291,775,2
291,776,2
291,777,2
291,778,2
291,447,2
291,786,2
291,787,2
291,779,4
291,780,3
291,781,3
291,782,3
291,783,3
291,784,3
291,785,3
291,1215,5
291,1217,5
291,1218,4
291,1219,4
291,1220,5
291,1221,4
291,1222,17
291,1223,6
291,1224,2
291,1225,4
291,1053,10
291,1226,4
291,840,3
291,350,2
291,1087,2
291,1594,3
291,858,4
291,1595,4
291,1596,3
291,1597,3
291,1598,3
291,892,3
291,1602,2
291,1603,2
291,1604,2
291,1609,2
291,1775,3
291,2645,4
291,1150,6
291,2646,2
291,2773,2
291,2774,2
291,2901,2
291,2900,5
291,376,9
291,2903,2
291,1769,15
291,3606,2
291,3607,2
291,3608,4
291,3611,2
291,3610,2
291,3615,2
291,3616,2
291,3617,4
291,3618,2
291,3619,2
291,3620,2
291,3999,4
291,4000,4
291,4001,4
291,4002,3
291,4007,3
291,4008,4
291,4009,3
291,4010,4
291,4011,2
291,4005,4
291,4021,3
291,4079,2
291,4080,2
291,4081,2
291,4077,2
291,4084,2
291,4086,2
291,3036,2
291,853,2
291,426,2
291,4132,2
291,4194,2
291,4195,2
291,1689,2
291,4208,3
291,4209,2
291,711,2
291,4228,2
291,1536,2
291,2227,2
291,341,4
291,4361,3
291,301,2
291,4362,2
291,344,2
291,443,7
291,581,2
291,4363,2
291,924,2
291,306,2
291,4333,5
291,4391,2
291,3766,2
291,4394,2
291,4341,4
291,718,4
291,3372,4
291,3373,4
291,4589,2
291,4590,2
291,4591,2
291,4581,3
291,453,4
291,4571,3
291,587,3
291,483,4
291,4126,2
291,962,3
291,617,2
291,4340,2
291,956,2
291,4799,2
291,682,2
291,4293,2
291,4800,2
291,383,2
291,5005,8
291,5006,8
291,5007,11
291,5008,10
291,5011,2
291,2499,2
291,4928,4
291,5458,9
291,5459,11
291,564,4
291,5463,4
291,5472,3
291,5628,3
291,323,2
292,293,18
292,294,19
292,328,14
292,329,18
292,330,18
292,331,3
292,342,15
292,349,10
292,360,3
292,425,2
293,294,19
293,328,13
293,329,20
293,330,18
293,331,3
293,342,14
293,349,10
293,360,3
293,425,4
293,1769,2
293,5628,2
293,4928,2
294,328,21
294,329,19
294,330,27
294,331,3
294,342,34
294,349,11
294,356,3
294,357,2
294,358,3
294,359,3
294,360,4
294,425,6
294,452,2
294,1332,2
294,340,3
294,419,3
294,1333,3
294,589,3
294,429,3
294,443,2
294,422,3
294,431,3
294,1019,3
294,1334,3
294,341,2
294,1388,2
294,664,2
294,583,2
294,1389,2
294,370,2
294,2592,5
294,2593,4
294,2594,4
294,2595,4
294,2596,4
294,2597,4
294,2598,4
294,2599,4
294,2600,4
294,2601,4
294,2602,4
294,1460,5
294,2603,5
294,2604,4
294,2605,5
294,306,5
294,2606,3
294,2607,4
294,736,3
294,657,4
294,492,2
294,5458,9
294,5459,11
294,564,4
294,376,7
294,5463,4
294,5472,3
295,323,3
295,1470,2
295,3825,3
295,5539,2
295,355,2
295,5540,2
295,1980,2
295,344,2
295,1737,2
295,445,2
295,312,2
295,5541,2
295,5542,2
295,5543,2
295,5544,2
295,5545,2
295,5546,2
295,314,2
295,4672,2
295,5547,2
295,2710,2
295,676,2
296,297,3
296,3592,2
296,3593,2
296,3597,2
296,3594,2
296,3595,2
297,298,2
297,299,5
297,464,6
297,456,11
297,467,2
297,466,2
297,383,7
297,374,3
297,393,2
297,577,2
297,551,2
297,603,3
297,342,12
297,553,4
297,604,8
297,344,9
297,605,2
297,606,7
297,607,3
297,608,6
297,609,2
297,483,5
297,610,3
297,432,9
297,618,2
297,554,3
297,622,2
297,623,2
297,635,3
297,636,2
297,637,6
297,552,2
297,668,2
297,315,3
297,430,7
297,667,30
297,451,3
297,764,4
297,537,2
297,771,2
297,492,3
297,767,2
297,768,3
297,770,2
297,850,2
297,1028,8
297,1029,12
297,1030,3
297,375,5
297,415,2
297,1107,2
297,306,3
297,1156,2
297,1154,12
297,1155,2
297,1209,4
297,646,19
297,651,3
297,1254,7
297,1261,5
297,1262,3
297,1263,8
297,1264,3
297,1268,2
297,1286,3
297,1270,3
297,1460,2
297,1461,3
297,736,2
297,338,2
297,1594,2
297,329,3
297,858,6
297,330,3
297,1595,2
297,1596,2
297,1672,3
297,1687,7
297,1688,8
297,697,7
297,1689,2
297,1690,5
297,1691,3
297,373,10
297,1698,7
297,1699,2
297,1510,5
297,337,11
297,1711,2
297,760,5
297,1720,2
297,425,6
297,1721,3
297,1401,2
297,445,13
297,1731,2
297,1066,3
297,1553,2
297,1309,4
297,2382,2
297,2383,4
297,671,12
297,302,14
297,2418,3
297,673,7
297,2420,2
297,676,23
297,965,4
297,2423,2
297,1183,3
297,2459,6
297,1454,2
297,1163,2
297,2483,2
297,2484,2
297,2485,2
297,2486,2
297,1075,11
297,2487,2
297,2141,2
297,2142,2
297,2590,2
297,453,15
297,2626,10
297,875,8
297,2640,15
297,355,11
297,1071,5
297,1922,2
297,630,2
297,1598,5
297,323,3
297,2374,2
297,836,2
297,308,2
297,2745,2
297,1560,3
297,2659,7
297,2741,3
297,443,9
297,1414,2
297,949,3
297,1770,5
297,899,7
297,750,5
297,2938,6
297,2976,4
297,1265,5
297,1132,4
297,889,4
297,3013,4
297,2800,4
297,2509,4
297,2747,4
297,890,4
297,3014,4
297,2648,4
297,1036,4
297,3012,3
297,3023,2
297,2993,3
297,1576,13
297,3221,4
297,3222,4
297,971,6
297,1329,2
297,371,4
297,2369,2
297,3487,2
297,3488,2
297,3490,2
297,3491,2
297,677,2
297,301,5
297,3501,3
297,3502,3
297,3503,3
297,3504,3
297,868,9
297,3592,2
297,426,2
297,3630,2
297,3631,2
297,962,2
297,3696,3
297,469,2
297,3755,4
297,3756,2
297,3757,4
297,2439,4
297,3758,4
297,3759,2
297,1456,3
297,3760,4
297,2476,2
297,853,2
297,1875,2
297,3959,2
297,512,2
297,3960,2
297,3961,2
297,3962,2
297,3963,2
297,1050,2
297,3964,2
297,2079,2
297,2861,2
297,3306,2
297,571,4
297,694,2
297,4247,3
297,2711,2
297,4248,2
297,1926,2
297,436,2
297,4249,2
297,1298,2
297,4258,2
297,1792,2
297,440,3
297,4361,2
297,4362,2
297,581,2
297,4363,5
297,924,2
297,3861,3
297,4462,2
297,4461,2
297,2729,2
297,548,7
297,4474,4
297,4471,2
297,968,5
297,1559,2
297,3837,5
297,4482,12
297,4483,6
297,4484,7
297,4485,3
297,3358,4
297,4486,10
297,1911,4
297,1509,6
297,4172,3
297,4500,2
297,316,2
297,969,4
297,347,3
297,2645,2
297,5374,2
297,5398,3
297,2200,3
297,5399,3
297,2376,2
297,3197,3
297,1005,5
297,811,7
297,1331,8
297,2688,9
297,5435,2
297,5436,3
297,2355,6
297,5414,5
297,5437,2
297,5440,2
297,5439,2
297,3304,2
297,5434,2
297,1377,3
297,4380,5
297,4709,4
297,325,7
297,5537,3
297,3656,2
297,1138,2
297,5574,5
297,886,5
297,800,5
297,3706,4
297,5553,5
297,5554,5
297,2034,5
297,5573,4
297,2427,4
297,2916,3
297,3789,4
297,5160,4
297,1451,3
297,5576,3
297,867,2
297,3871,2
297,5633,2
297,1078,2
297,5605,2
297,1980,2
297,2022,2
297,2130,2
297,314,2
298,323,2
298,1145,2
298,430,2
298,443,4
298,3244,3
298,564,2
298,3389,2
298,499,4
298,343,6
298,344,7
298,1687,3
298,2126,2
298,367,4
298,346,5
298,4296,5
298,2128,2
298,2311,5
298,577,5
298,2801,4
298,342,4
298,1416,4
298,1699,4
298,606,2
298,4314,2
298,4315,2
298,4316,2
298,4317,2
298,4353,3
298,582,3
298,4489,2
299,336,3
299,337,2
299,338,15
299,339,3
299,2008,3
299,2009,3
299,625,3
299,2010,3
299,660,3
299,2011,3
299,2012,3
299,1442,3
299,2013,3
299,2014,2
299,2015,3
299,2016,3
299,1235,3
299,2017,3
299,432,3
299,1568,3
299,676,4
299,1576,3
299,3222,3
299,302,2
299,5345,2
299,1006,2
299,5346,2
299,838,7
299,5347,2
299,453,12
299,5400,11
299,681,12
299,5401,7
299,5402,8
299,5412,4
300,301,2
301,302,8
301,312,2
301,313,2
301,314,2
301,342,33
301,351,16
301,352,2
301,353,7
301,354,2
301,418,2
301,424,3
301,441,3
301,442,7
301,443,13
301,453,13
301,455,2
301,436,2
301,454,2
301,440,3
301,355,4
301,356,3
301,445,6
301,480,5
301,499,11
301,998,2
301,872,6
301,1067,2
301,1078,17
301,388,2
301,888,2
301,2093,2
301,2094,2
301,2095,2
301,540,2
301,885,2
301,969,5
301,1985,2
301,983,2
301,629,2
301,2647,2
301,2648,2
301,2649,2
301,2259,3
301,1509,2
301,2659,19
301,764,20
301,962,6
301,2746,5
301,1298,2
301,306,24
301,2800,2
301,875,2
301,2952,3
301,3004,3
301,2891,2
301,3005,24
301,581,4
301,1097,13
301,3042,4
301,2910,4
301,3043,5
301,3044,2
301,1530,13
301,2785,9
301,564,3
301,349,8
301,704,9
301,715,9
301,3018,10
301,1255,9
301,924,15
301,671,7
301,676,5
301,324,2
301,367,2
301,323,5
301,2482,6
301,1124,4
301,1401,12
301,3134,2
301,3121,2
301,1110,2
301,3195,2
301,667,2
301,2698,2
301,2907,2
301,3217,8
301,3068,2
301,863,7
301,3028,10
301,3034,8
301,3383,10
301,3384,8
301,677,12
301,2911,2
301,3387,6
301,3396,2
301,2727,3
301,3533,2
301,797,3
301,3535,2
301,3536,2
301,3537,2
301,373,3
301,421,2
301,3538,2
301,3539,2
301,3540,2
301,2732,2
301,3541,2
301,1447,3
301,3543,2
301,3686,2
301,3761,4
301,3762,2
301,692,7
301,693,7
301,3763,5
301,2184,3
301,3764,4
301,3847,3
301,3856,3
301,1091,2
301,371,2
301,4052,11
301,4053,10
301,3811,11
301,3812,12
301,486,12
301,2585,11
301,489,11
301,3813,11
301,4064,8
301,458,2
301,4139,2
301,571,2
301,4145,2
301,3006,2
301,4257,2
301,3400,2
301,4288,2
301,451,2
301,4361,2
301,4362,2
301,344,8
301,768,2
301,4363,2
301,4059,13
301,3551,7
301,4370,3
301,555,3
301,3170,4
301,2468,4
301,4371,2
301,3552,8
301,4372,2
301,4356,3
301,1205,2
301,343,2
301,4428,5
301,4429,2
301,4456,2
301,4477,2
301,3625,4
301,2506,3
301,3166,2
301,4487,3
301,2375,2
301,4488,4
301,4479,5
301,4480,3
301,2283,2
301,4633,2
301,4632,2
301,1169,2
301,1598,2
301,4814,2
301,1203,2
301,2890,2
301,4815,2
301,4816,2
301,3698,2
301,4817,2
301,2236,2
301,4916,4
301,1682,2
301,4686,3
301,4966,2
301,5041,4
301,5042,4
301,4392,4
301,4393,4
301,933,4
301,2298,2
301,5123,2
301,5124,2
301,5125,2
301,724,8
301,5173,8
301,864,7
301,2286,2
301,429,2
301,4740,2
301,5626,3
301,1444,4
301,5627,4
302,670,2
302,678,2
302,671,52
302,672,2
302,673,28
302,674,2
302,314,5
302,675,2
302,676,44
302,677,5
302,664,6
302,718,4
302,965,9
302,2079,12
302,2136,4
302,2137,5
302,2138,5
302,2139,5
302,1075,10
302,2140,5
302,2141,10
302,2142,6
302,2143,9
302,2144,4
302,1770,3
302,2159,4
302,1530,2
302,1401,2
302,342,3
302,2382,3
302,2383,4
302,2418,3
302,2423,2
302,667,5
302,2483,2
302,2484,5
302,2485,4
302,2486,5
302,2487,5
302,764,10
302,443,10
302,323,2
302,1255,3
302,924,2
302,2698,2
302,1576,9
302,1329,2
302,2952,2
302,2151,2
302,3231,2
302,3232,2
302,3028,10
302,2791,2
302,2023,2
302,2716,2
302,3128,2
302,3382,3
302,315,3
302,3472,3
302,3473,3
302,1461,3
302,3487,3
302,3488,3
302,3490,3
302,3491,2
302,3126,6
302,3485,2
302,3486,2
302,2501,2
302,3228,5
302,469,2
302,2861,5
302,3998,3
302,3721,3
302,878,5
302,706,4
302,4065,4
302,4055,4
302,4056,4
302,934,4
302,3568,4
302,525,3
302,4057,3
302,4058,4
302,3935,4
302,3936,4
302,3119,2
302,4199,2
302,2459,2
302,4200,2
302,4201,2
302,3696,2
302,2415,2
302,2355,4
302,2391,4
302,851,3
302,852,2
302,371,2
302,2373,3
302,531,3
302,3970,3
302,637,3
302,5012,3
302,5013,2
302,5014,3
302,472,3
302,5015,3
302,5016,3
302,5017,2
302,5018,3
302,5025,2
302,5026,2
302,636,2
302,5105,2
302,5106,3
302,5107,3
302,4266,3
302,3530,3
302,5108,3
302,2270,3
302,5407,2
302,5408,2
302,688,2
302,5409,2
302,799,2
302,5410,2
302,5411,2
302,533,2
303,304,2
303,340,4
303,4496,2
303,876,3
303,4497,3
303,4498,3
303,4499,4
303,3871,6
303,341,2
303,5581,2
303,5574,2
303,886,2
303,2427,2
303,962,2
303,2459,2
303,5582,2
303,800,2
303,4275,2
303,2022,2
303,3789,2
303,2034,2
305,306,5
305,2981,2
305,2982,2
305,580,2
305,2983,2
305,2984,6
305,684,2
305,440,5
305,325,4
305,1310,2
305,443,2
305,3183,2
305,2698,2
305,477,3
305,924,2
305,5001,2
305,1383,2
305,5036,2
305,5037,2
305,1408,2
305,2861,2
305,4994,2
305,5038,2
305,5039,2
306,317,2
306,318,2
306,319,2
306,320,2
306,321,2
306,322,2
306,323,3
306,324,3
306,325,18
306,332,5
306,827,13
306,344,12
306,627,14
306,794,2
306,795,14
306,828,13
306,829,13
306,830,6
306,962,12
306,965,2
306,315,3
306,935,3
306,863,5
306,967,2
306,968,2
306,867,5
306,483,2
306,544,2
306,1120,2
306,440,12
306,443,5
306,764,9
306,1338,2
306,858,2
306,2208,4
306,1525,2
306,2236,3
306,949,4
306,983,15
306,1124,4
306,707,3
306,651,2
306,700,7
306,934,2
306,308,2
306,2377,2
306,445,3
306,2389,3
306,1993,2
306,2390,2
306,1928,3
306,750,3
306,2468,3
306,1776,2
306,2592,7
306,2593,6
306,2594,6
306,2595,5
306,2596,6
306,2597,6
306,2598,6
306,2599,6
306,2600,6
306,2601,6
306,342,7
306,2602,6
306,1460,7
306,2603,5
306,2604,5
306,2605,6
306,2606,5
306,2607,6
306,736,4
306,657,5
306,499,2
306,1055,3
306,356,2
306,2613,4
306,2614,2
306,492,2
306,571,7
306,1682,2
306,2709,2
306,2746,5
306,2251,13
306,2793,6
306,2794,6
306,2798,5
306,2826,2
306,2827,2
306,395,2
306,2828,2
306,2829,2
306,2830,2
306,2831,2
306,811,5
306,2832,2
306,2833,2
306,2834,2
306,2835,2
306,2836,2
306,2837,2
306,526,2
306,2838,2
306,2839,2
306,2191,2
306,1455,2
306,2840,2
306,2841,2
306,2842,2
306,1727,2
306,2843,2
306,2844,2
306,2845,2
306,313,4
306,2846,2
306,2847,2
306,2848,2
306,2849,2
306,2850,2
306,2851,2
306,2852,2
306,2853,2
306,2854,2
306,2855,2
306,2856,2
306,1832,5
306,1531,5
306,3069,3
306,924,6
306,3321,2
306,2331,2
306,1756,3
306,3612,10
306,371,28
306,3613,11
306,3614,25
306,1709,6
306,2459,5
306,2766,2
306,865,5
306,796,6
306,3723,2
306,2225,3
306,3726,2
306,1183,2
306,1988,6
306,664,2
306,3871,2
306,432,6
306,1401,9
306,2211,2
306,2226,3
306,1146,8
306,1416,2
306,740,2
306,3969,16
306,770,2
306,453,5
306,2861,3
306,632,8
306,768,3
306,451,2
306,4361,2
306,4362,2
306,581,2
306,4363,2
306,4059,12
306,3551,7
306,4370,2
306,555,2
306,3170,3
306,4371,2
306,3552,8
306,4372,2
306,4356,2
306,343,3
306,2928,3
306,3592,3
306,4367,3
306,1454,3
306,4398,2
306,1163,3
306,3835,3
306,608,2
306,3681,3
306,3682,3
306,1923,2
306,905,3
306,3598,2
306,1164,2
306,3833,2
306,4399,2
306,4400,3
306,4401,2
306,952,2
306,1413,2
306,641,2
306,3625,2
306,1530,4
306,872,3
306,4428,2
306,4488,2
306,4479,3
306,1249,2
306,615,3
306,4633,2
306,4632,2
306,442,3
306,427,2
306,1547,2
306,792,2
306,2022,5
306,4859,4
306,373,5
306,4863,4
306,1276,3
306,1270,4
306,1271,3
306,4916,4
306,394,15
306,996,13
306,1685,16
306,3414,2
306,4963,2
306,5001,2
306,1383,2
306,5036,2
306,5037,2
306,1408,2
306,2984,3
306,4994,2
306,5038,2
306,5039,2
306,1103,2
306,5046,2
306,5047,2
306,393,2
306,724,2
306,2517,2
306,5103,4
306,2298,2
306,5123,2
306,5124,2
306,5125,2
306,3685,3
306,5098,3
306,877,2
306,4977,2
306,3408,3
306,864,3
306,5141,2
306,2182,11
306,5185,5
306,2869,5
306,454,5
306,5186,5
306,5198,6
306,5199,6
306,5200,6
306,5201,6
306,5202,6
306,5203,5
306,1502,6
306,5204,6
306,2334,6
306,5205,6
306,2579,6
306,5206,6
306,5207,6
306,1447,6
306,5208,6
306,5209,6
306,5210,6
306,1254,6
306,5276,4
306,5277,4
306,5278,4
306,5279,5
306,2332,4
306,2243,5
306,5326,2
306,5353,11
306,5354,10
306,486,11
306,487,5
306,392,10
306,3901,11
306,3788,11
306,5317,7
306,1796,7
306,5355,3
306,5356,3
306,886,5
306,800,3
306,5553,2
306,2916,2
306,3789,3
306,5554,3
306,5120,2
306,5556,3
306,3189,5
306,5584,4
306,5578,5
306,5585,5
306,5579,5
306,5580,5
306,1449,5
306,1930,5
306,5586,4
306,5574,4
306,2427,2
306,4275,3
306,2034,2
306,5600,2
307,308,2
307,1349,6
307,1116,5
307,1285,6
307,2026,14
307,1325,4
307,2027,5
307,2028,5
307,2029,5
307,1326,15
307,500,3
307,2024,3
307,962,3
307,2025,3
307,658,9
307,2864,7
307,2182,10
307,2866,4
307,2867,7
307,1461,4
307,1290,6
307,2868,7
307,2869,7
307,2870,6
307,627,7
307,2871,7
307,2875,8
307,1733,8
307,391,7
307,2881,2
308,367,3
308,382,2
308,371,5
308,368,2
308,384,2
308,372,4
308,373,11
308,390,2
308,391,2
308,393,2
308,366,4
308,377,2
308,378,2
308,464,2
308,530,3
308,531,4
308,532,2
308,578,2
308,533,4
308,589,2
308,590,2
308,591,2
308,592,2
308,593,2
308,594,2
308,806,3
308,1117,3
308,1118,2
308,1119,2
308,1560,2
308,916,2
308,1939,2
308,1940,2
308,2374,3
308,1809,2
308,1449,2
308,2741,2
308,2733,2
308,2876,2
308,2495,2
308,2877,2
308,1242,2
308,1243,2
308,2878,2
308,2879,2
308,2880,2
308,3025,2
308,764,2
308,606,4
308,3027,2
308,3028,2
308,1797,2
308,3074,2
308,3075,2
308,1272,2
308,3076,2
308,1270,5
308,1271,2
308,3077,2
308,421,3
308,1536,3
308,2861,2
308,878,12
308,342,2
308,445,3
308,2384,2
308,943,2
308,4282,12
308,4283,12
308,4284,12
308,1157,12
308,4285,12
308,4286,12
308,1796,12
308,853,12
308,3637,12
308,486,3
308,487,2
308,3404,2
308,4859,2
308,4860,2
308,4861,2
308,4862,2
308,4501,2
308,432,2
308,658,2
308,1326,2
308,4356,2
308,711,2
309,1705,5
309,1706,4
309,1707,4
309,1708,4
309,1175,3
309,1709,4
309,1710,4
309,432,4
310,311,4
310,371,5
310,2211,4
310,2980,3
310,2331,7
310,335,2
310,3194,2
310,2436,2
310,2568,2
311,371,5
311,2211,5
311,335,2
311,2568,2
311,2331,3
312,313,2
312,314,4
312,315,6
312,1452,6
312,1376,3
312,1453,6
312,337,6
312,798,7
312,1454,8
312,543,7
312,1455,5
312,1456,6
312,1457,6
312,1458,6
312,1480,4
312,1163,7
312,355,3
312,964,2
312,3670,5
312,3671,5
312,3672,5
312,3673,5
312,3592,8
312,3674,7
312,3675,4
312,1287,6
312,694,5
312,3676,4
312,3677,5
312,3678,5
312,1989,6
312,3679,4
312,3680,4
312,1182,5
312,3681,3
312,3682,4
312,3666,8
312,3683,5
312,3684,4
312,1168,4
312,2477,5
312,351,2
312,846,2
312,1183,2
312,3693,2
312,771,2
312,3695,2
312,3696,2
312,4187,3
312,4188,3
312,4189,3
312,4190,2
312,4191,2
312,4192,2
312,5539,2
312,5540,2
312,3825,2
312,1980,2
312,344,2
312,1737,2
312,445,2
312,5541,2
312,5542,2
312,5543,2
312,5544,2
312,5545,2
312,5546,2
312,323,2
312,4672,2
312,5547,2
312,2710,2
312,676,2
313,314,3
313,315,5
313,1110,2
313,965,7
313,967,4
313,968,3
313,1510,5
313,1511,4
313,1512,6
313,1513,6
313,1514,9
313,1539,3
313,1540,2
313,1541,4
313,1542,4
313,1543,4
313,1209,2
313,878,4
313,2826,2
313,2827,2
313,395,2
313,2828,2
313,1928,2
313,2829,2
313,2830,2
313,2831,2
313,811,6
313,2832,3
313,2833,2
313,2834,2
313,2835,2
313,2836,2
313,2837,2
313,526,2
313,2838,2
313,2839,2
313,2191,2
313,1455,2
313,2840,2
313,2841,2
313,2842,2
313,1727,2
313,2843,2
313,2844,2
313,2845,2
313,2846,2
313,2847,2
313,2848,2
313,2849,2
313,2850,2
313,2851,2
313,2852,2
313,2853,2
313,2854,2
313,2855,2
313,2856,2
313,3297,2
313,3325,3
313,667,2
313,676,3
313,2331,2
313,3658,3
313,3717,10
313,3718,10
313,2659,7
313,3719,5
313,3720,10
313,3721,10
313,443,2
313,325,2
313,2745,9
313,1227,7
313,581,8
313,1087,2
313,3876,4
313,851,2
313,852,2
313,453,2
313,4724,5
313,2546,4
313,4725,4
313,4726,4
313,4727,3
313,2547,2
313,2415,4
313,4728,2
313,948,2
313,771,3
313,1383,2
313,836,2
313,1413,2
313,4729,2
313,3660,2
313,1736,3
313,4730,2
313,2132,3
313,917,3
313,2861,4
313,3514,2
313,323,2
313,5415,2
313,5416,3
313,5417,3
313,5418,2
313,5421,2
313,5419,2
313,2319,3
313,5420,3
313,5427,2
314,315,4
314,670,3
314,671,5
314,672,3
314,673,6
314,674,3
314,675,3
314,676,4
314,677,3
314,962,2
314,963,3
314,964,3
314,965,3
314,667,2
314,966,3
314,863,2
314,967,3
314,968,3
314,867,8
314,1109,2
314,1110,2
314,911,2
314,1111,2
314,1112,2
314,1113,2
314,1114,2
314,1115,2
314,2371,2
314,2372,2
314,2373,9
314,453,4
314,811,5
314,3828,3
314,4607,3
314,4183,4
314,4608,4
314,4501,4
314,4609,4
314,4610,4
314,531,4
314,1259,2
314,4735,2
314,4761,2
314,4762,2
314,1980,8
314,1979,3
314,1642,2
314,2130,7
314,5337,3
314,5338,3
314,931,5
314,917,5
314,449,4
314,1653,3
314,5539,2
314,355,2
314,5540,2
314,3825,2
314,344,2
314,1737,2
314,445,2
314,5541,2
314,5542,2
314,5543,2
314,5544,2
314,5545,2
314,5546,2
314,323,2
314,4672,2
314,5547,2
314,2710,2
314,5596,2
314,4318,2
314,349,3
314,342,2
314,1436,3
314,5597,2
314,1163,3
314,664,2
314,4982,3
314,5598,2
314,2915,3
314,3784,2
314,5599,3
314,3596,2
314,3598,3
314,5605,5
314,5606,3
314,2064,3
314,5609,2
314,2648,2
314,1559,2
314,1377,4
314,1078,2
314,2022,2
314,440,2
315,538,2
315,539,2
315,349,3
315,604,2
315,668,2
315,667,11
315,606,2
315,622,2
315,430,2
315,608,3
315,609,2
315,623,2
315,610,2
315,669,2
315,342,2
315,344,3
315,962,2
315,965,6
315,970,2
315,844,2
315,979,2
315,980,2
315,865,6
315,1002,3
315,1003,5
315,1004,3
315,1005,5
315,632,5
315,811,8
315,1006,4
315,1007,5
315,1008,4
315,548,4
315,1009,2
315,883,4
315,565,4
315,1010,4
315,415,4
315,1011,5
315,1012,2
315,1072,4
315,1073,4
315,1074,4
315,1075,4
315,1076,4
315,696,6
315,1023,4
315,1024,4
315,1025,4
315,1026,3
315,1027,4
315,1081,2
315,1082,2
315,1096,3
315,1932,2
315,651,2
315,2187,2
315,2188,2
315,1157,2
315,2189,2
315,2190,2
315,2191,4
315,2192,2
315,2193,2
315,2459,2
315,1163,8
315,2826,2
315,2827,2
315,395,2
315,2828,2
315,1928,2
315,2829,2
315,2830,2
315,2831,2
315,2832,2
315,2833,2
315,2834,2
315,2835,2
315,2836,2
315,2837,2
315,526,2
315,2838,2
315,2839,2
315,1455,2
315,2840,2
315,2841,2
315,2842,2
315,1727,2
315,2843,2
315,2844,2
315,2845,2
315,2846,2
315,2847,2
315,2848,2
315,2849,2
315,2850,2
315,2851,2
315,2852,2
315,2853,2
315,2854,2
315,2855,2
315,2856,2
315,1927,2
315,2925,3
315,1376,4
315,1547,3
315,2535,3
315,1685,3
315,676,2
315,3670,5
315,3671,5
315,3672,5
315,3673,5
315,3592,5
315,3674,5
315,3675,4
315,1287,5
315,694,6
315,3676,4
315,3677,5
315,3678,5
315,1989,5
315,3679,4
315,3680,4
315,1182,5
315,3681,2
315,3682,4
315,3666,5
315,3683,5
315,3684,4
315,1168,4
315,2477,5
315,351,2
315,671,2
315,1704,2
315,4709,3
315,4980,2
315,4981,2
315,4982,4
315,4983,2
315,4183,4
315,1530,3
315,2486,4
315,1150,4
315,4942,4
315,4943,4
315,3721,2
315,1436,2
315,673,2
315,2915,2
315,3784,2
315,5599,2
315,3598,2
316,342,2
316,2023,2
316,2077,5
316,2078,2
316,4500,2
316,1154,2
317,318,2
317,319,2
317,320,3
317,321,2
317,322,2
317,323,2
317,324,2
317,325,2
317,332,5
317,3797,4
317,3804,3
317,3642,3
317,3798,2
317,3814,2
317,1428,4
317,3799,4
317,2575,4
317,3805,2
317,3815,2
317,3796,3
317,5384,2
317,5385,2
317,5386,2
317,5387,2
318,319,2
318,320,2
318,321,2
318,322,2
318,323,2
318,324,2
318,325,2
319,320,2
319,321,2
319,322,2
319,323,2
319,324,2
319,325,2
320,321,2
320,322,2
320,323,2
320,324,2
320,325,2
320,332,2
321,322,2
321,323,2
321,324,2
321,325,2
322,323,2
322,324,2
322,325,2
323,324,5
323,325,4
323,332,3
323,499,2
323,512,7
323,519,2
323,356,3
323,502,2
323,514,2
323,504,2
323,359,3
323,506,2
323,428,2
323,492,2
323,494,2
323,510,2
323,527,2
323,518,3
323,732,2
323,1038,3
323,1039,3
323,1040,2
323,1042,3
323,390,3
323,1043,3
323,1044,2
323,1065,2
323,1360,12
323,1390,13
323,1157,15
323,1361,11
323,374,3
323,375,19
323,1362,10
323,1166,3
323,427,2
323,534,3
323,677,6
323,1470,2
323,1471,3
323,1472,2
323,1473,2
323,443,11
323,1474,2
323,1475,2
323,1476,2
323,475,2
323,1477,2
323,1478,2
323,1479,2
323,905,2
323,1508,3
323,371,5
323,736,3
323,2291,2
323,1124,4
323,1926,4
323,563,2
323,856,2
323,2137,2
323,1287,2
323,1560,2
323,453,2
323,355,5
323,445,5
323,2642,6
323,340,4
323,2706,6
323,2707,6
323,341,3
323,764,3
323,2719,2
323,2403,2
323,2404,2
323,2720,2
323,430,2
323,2710,3
323,2928,3
323,2929,3
323,2930,3
323,2931,2
323,2932,3
323,2933,3
323,671,2
323,342,5
323,2482,2
323,632,3
323,3121,2
323,3138,2
323,3139,2
323,3141,2
323,2965,2
323,3142,2
323,3143,2
323,2208,2
323,3144,2
323,2945,2
323,1894,2
323,3145,2
323,3146,2
323,3147,2
323,3148,2
323,3149,2
323,3150,2
323,3151,2
323,3152,2
323,344,3
323,2861,3
323,3877,5
323,3878,5
323,3879,4
323,3880,4
323,3881,4
323,3882,5
323,605,6
323,3883,5
323,949,5
323,3884,4
323,3885,4
323,3886,4
323,3887,4
323,415,5
323,3888,5
323,3959,2
323,3960,2
323,3961,2
323,3962,2
323,3963,2
323,1050,2
323,3964,2
323,676,6
323,2079,2
323,606,2
323,4252,8
323,4253,7
323,2061,7
323,4265,2
323,2447,3
323,4266,2
323,4267,3
323,657,2
323,4270,2
323,4288,2
323,458,2
323,440,2
323,604,2
323,1454,2
323,1163,2
323,3828,2
323,4839,2
323,4686,2
323,771,3
323,1989,2
323,5493,2
323,5495,2
323,4709,4
323,968,3
323,3304,2
323,5502,2
323,620,2
323,5503,2
323,5504,2
323,5539,2
323,5540,2
323,3825,2
323,1980,2
323,1737,2
323,5541,2
323,5542,2
323,5543,2
323,5544,2
323,5545,2
323,5546,2
323,4672,2
323,5547,2
323,329,5
323,1769,5
323,1087,2
323,330,4
323,425,3
323,4928,5
323,2499,2
323,360,2
323,5628,4
324,325,5
324,355,2
324,445,2
324,443,3
324,478,2
324,440,4
324,1608,2
324,764,4
324,3073,2
324,3117,2
324,924,3
325,332,2
325,343,2
325,344,8
325,345,10
325,476,4
325,477,2
325,440,92
325,557,2
325,558,16
325,448,17
325,559,11
325,560,15
325,595,8
325,596,2
325,681,6
325,739,2
325,740,3
325,750,5
325,792,4
325,443,8
325,654,11
325,594,11
325,615,7
325,1249,36
325,453,2
325,962,4
325,955,2
325,1341,2
325,1800,2
325,1802,2
325,2022,5
325,1502,2
325,972,5
325,2480,4
325,926,3
325,1686,6
325,1401,3
325,2365,2
325,2588,2
325,2708,2
325,1140,2
325,571,3
325,2709,3
325,863,3
325,2716,3
325,2958,3
325,764,4
325,2981,2
325,2982,3
325,580,2
325,2983,2
325,2984,3
325,684,2
325,1124,2
325,3069,2
325,3070,3
325,3321,2
325,2331,2
325,3438,3
325,1329,2
325,371,3
325,3614,3
325,3723,2
325,2390,2
325,3969,2
325,1470,2
325,4365,4
325,4444,6
325,4541,22
325,4542,7
325,4543,16
325,445,23
325,4474,20
325,4544,10
325,4549,2
325,4550,3
325,4551,9
325,4552,2
325,3414,2
325,2688,3
325,969,3
325,724,11
325,2914,2
325,1547,24
325,342,17
325,864,7
325,4802,2
325,4803,2
325,380,2
325,1377,2
325,2517,2
325,865,3
325,4809,3
325,3871,11
325,2613,2
325,4806,3
325,427,8
325,4813,2
325,1213,2
325,3834,3
325,1110,3
325,963,3
325,5120,5
325,548,4
325,2985,2
325,5521,2
325,5502,2
325,3631,2
325,4709,2
325,3696,2
325,3197,2
325,5573,12
325,5574,15
325,886,15
325,2427,11
325,1446,3
325,1005,8
325,2459,15
325,934,3
325,800,13
325,3706,9
325,5575,2
325,1451,11
325,667,3
325,3789,11
325,971,3
325,5576,5
325,2368,2
325,2034,15
325,5160,11
325,635,2
325,4275,6
325,5553,12
325,2589,3
325,5554,12
325,5581,4
325,5582,3
325,949,6
325,867,6
325,1107,2
325,3119,2
325,5589,2
325,879,2
325,5590,2
325,5555,3
325,2916,7
325,2360,2
325,2539,3
326,673,5
326,3935,5
326,3936,4
326,677,5
326,485,2
326,809,5
326,432,6
326,536,3
328,329,15
328,330,20
328,331,3
328,342,18
328,349,8
328,356,2
328,358,2
328,359,2
328,360,4
328,425,3
328,451,2
328,452,2
328,443,3
328,564,3
328,5458,6
328,376,6
328,5459,7
328,5463,3
329,330,32
329,331,3
329,342,17
329,349,10
329,350,4
329,358,2
329,360,11
329,425,12
329,451,7
329,452,4
329,1215,5
329,1217,5
329,1218,4
329,1219,4
329,1220,5
329,1221,4
329,1222,16
329,1223,5
329,1224,4
329,1225,4
329,1053,8
329,1226,4
329,840,3
329,766,4
329,1087,3
329,1594,3
329,858,4
329,1595,3
329,1596,2
329,1597,3
329,1598,3
329,892,3
329,1602,2
329,1603,2
329,1604,2
329,1150,4
329,2645,3
329,2773,2
329,2774,2
329,2901,3
329,2902,2
329,2900,3
329,376,3
329,2952,5
329,2959,4
329,2960,5
329,2961,2
329,2962,2
329,2963,4
329,905,2
329,2958,2
329,764,4
329,2954,3
329,2974,2
329,1769,12
329,863,2
329,768,5
329,1689,4
329,4084,2
329,3036,2
329,4208,2
329,4209,2
329,711,2
329,4228,2
329,1536,2
329,2227,2
329,341,2
329,443,2
329,4341,2
329,718,2
329,1775,2
329,371,2
329,4629,2
329,4789,2
329,664,2
329,4790,2
329,5005,10
329,5006,9
329,5007,11
329,3611,2
329,5008,11
329,4928,6
329,2499,3
329,5628,5
330,331,3
330,342,26
330,349,10
330,350,2
330,356,2
330,358,2
330,359,2
330,360,9
330,425,7
330,451,17
330,452,2
330,1594,3
330,858,3
330,1595,4
330,1596,3
330,1597,3
330,1598,3
330,892,3
330,1602,2
330,1603,2
330,1604,2
330,1609,2
330,1769,16
330,3999,4
330,4000,4
330,4001,4
330,4002,3
330,4007,3
330,4008,4
330,4009,3
330,4010,4
330,4011,2
330,4005,4
330,1775,2
330,4021,3
330,853,2
330,4333,5
330,453,6
330,962,5
330,4335,2
330,4336,2
330,4339,2
330,2900,3
330,4340,4
330,443,7
330,4341,5
330,767,5
330,768,7
330,587,4
330,718,5
330,483,6
330,341,4
330,4361,2
330,4391,2
330,4571,4
330,617,3
330,430,2
330,4589,2
330,4590,2
330,4591,2
330,4581,3
330,4126,2
330,376,7
330,564,3
330,5458,7
330,5459,9
330,5463,4
330,5472,3
330,4928,5
330,2499,3
330,5628,4
331,349,2
332,945,2
332,1404,3
332,1722,2
332,1310,2
332,949,7
332,1723,4
332,1856,3
332,1401,2
332,707,3
332,445,3
332,1338,2
332,858,2
332,2208,12
332,1525,2
332,1124,2
332,651,2
332,2531,2
332,457,22
332,2570,4
332,2571,9
332,2572,9
332,2573,3
332,2574,9
332,1578,9
332,533,22
332,1389,10
332,715,8
332,2575,26
332,1729,11
332,532,2
332,1978,3
332,2584,3
332,2639,2
332,1428,24
332,443,2
332,2459,5
332,694,2
332,3688,2
332,3796,11
332,3797,23
332,3798,7
332,3799,13
332,3804,12
332,3642,9
332,3814,4
332,3805,6
332,3815,6
332,1560,2
332,1736,2
332,1606,3
332,1607,3
332,3846,2
332,3160,2
332,3898,2
332,3944,2
332,3945,2
332,836,2
332,538,2
332,3946,2
332,3947,2
332,3948,2
332,3949,2
332,3950,2
332,3951,2
332,3952,2
332,3953,2
332,2330,2
332,3954,2
332,3955,2
332,3956,2
332,3957,2
332,3958,2
332,4262,10
332,1171,2
332,4274,2
332,677,2
332,542,2
332,4385,4
332,1053,2
332,4457,2
332,2535,10
332,4386,3
332,1819,2
332,2861,2
332,4553,2
332,1421,2
332,355,2
332,5069,2
332,5070,9
332,2915,13
332,4440,6
332,2221,2
332,5612,4
332,5616,3
332,5594,2
333,334,2
333,371,5
333,806,3
333,807,5
333,808,2
333,815,3
333,816,3
333,817,2
333,818,2
333,819,2
333,820,3
333,821,3
333,822,2
333,752,3
333,823,3
333,824,3
333,825,3
333,841,2
333,842,2
333,843,2
334,371,2
334,806,2
334,807,2
334,808,3
334,2861,2
335,336,2
335,337,26
335,899,8
335,1059,3
335,1053,2
335,1195,2
335,1198,2
335,1212,2
335,1396,4
335,1456,4
335,1740,3
335,1750,4
335,1741,2
335,1375,3
335,724,2
335,1578,2
335,2211,4
335,371,2
335,1394,2
335,2472,2
335,1395,2
335,2474,2
335,2463,2
335,2568,2
335,2569,2
335,2331,4
335,4164,2
335,4185,2
335,3559,2
335,2861,2
336,337,12
336,338,4
336,339,5
336,899,2
336,1572,3
336,1309,2
336,383,2
336,374,2
336,375,2
336,1394,2
336,1395,2
336,1902,2
336,4161,3
336,4162,3
336,4163,3
336,1396,5
336,2723,3
336,4164,2
336,3810,2
336,5403,2
336,1750,2
336,5404,2
336,5405,2
336,2218,2
336,5639,2
336,2724,2
337,338,3
337,339,2
337,898,2
337,899,67
337,1052,6
337,358,2
337,492,5
337,1056,2
337,1057,2
337,1058,3
337,1059,17
337,1053,20
337,1104,11
337,1180,4
337,946,18
337,1181,6
337,1182,4
337,1194,10
337,1195,10
337,1196,17
337,1197,7
337,1198,10
337,1199,4
337,1200,2
337,1201,2
337,1207,2
337,690,2
337,1211,2
337,1212,5
337,1394,30
337,1395,30
337,1396,36
337,1397,2
337,1452,7
337,1376,3
337,1453,7
337,798,6
337,1454,6
337,543,6
337,1455,5
337,1456,16
337,1457,7
337,1458,7
337,1480,4
337,502,4
337,1422,2
337,493,4
337,1573,2
337,1572,10
337,1578,7
337,432,13
337,667,3
337,1740,40
337,1750,19
337,1751,5
337,383,4
337,1741,18
337,1752,2
337,1754,13
337,1768,9
337,1778,2
337,736,2
337,1375,7
337,506,2
337,1548,3
337,1680,3
337,1866,2
337,1867,4
337,1868,2
337,1898,6
337,1899,6
337,1900,10
337,1901,7
337,1902,13
337,902,2
337,1905,10
337,1560,6
337,1907,2
337,1912,3
337,1913,5
337,1914,3
337,1915,3
337,1916,4
337,1087,3
337,982,3
337,1559,2
337,905,6
337,1918,10
337,1919,4
337,1920,10
337,1921,9
337,344,9
337,1962,11
337,1990,12
337,2172,3
337,2173,2
337,2174,2
337,2175,2
337,840,3
337,2221,2
337,2460,5
337,1327,6
337,2461,6
337,2462,5
337,2463,13
337,2464,2
337,2465,6
337,2466,5
337,2472,2
337,2473,2
337,2474,2
337,2475,2
337,2476,3
337,504,3
337,1095,2
337,1601,2
337,605,2
337,2723,4
337,2724,3
337,750,8
337,2938,9
337,427,2
337,359,4
337,1837,2
337,510,2
337,1794,4
337,3020,3
337,3021,4
337,3022,2
337,2993,3
337,850,2
337,3365,2
337,456,2
337,3629,8
337,3632,2
337,565,4
337,676,4
337,3736,5
337,3737,6
337,3738,6
337,3739,5
337,3740,5
337,3707,7
337,3752,2
337,1354,2
337,3755,3
337,3756,3
337,3757,3
337,2439,3
337,3758,3
337,3760,2
337,3837,2
337,1729,2
337,1607,2
337,3838,2
337,3839,2
337,3840,2
337,3841,2
337,1839,2
337,3842,2
337,3336,2
337,3843,2
337,626,2
337,2218,3
337,4161,3
337,4162,3
337,4163,3
337,1813,2
337,4164,10
337,426,2
337,356,3
337,4185,6
337,4196,3
337,4197,3
337,4198,2
337,4207,3
337,4241,2
337,3559,4
337,4244,7
337,4254,3
337,4255,2
337,2861,5
337,2863,6
337,4108,4
337,4667,3
337,343,4
337,4668,4
337,2195,4
337,4669,3
337,2381,3
337,604,3
337,2283,3
337,4674,3
337,4677,2
337,421,2
337,4678,2
337,4750,3
337,443,5
337,4751,4
337,4812,2
337,4218,2
337,797,14
337,934,7
337,4938,6
337,518,4
337,4939,5
337,379,2
337,4958,2
337,4959,3
337,4960,3
337,4961,2
337,4491,2
337,4962,2
337,4971,4
337,3094,2
337,5093,2
337,3095,2
337,3810,5
337,3121,9
337,3901,9
337,3788,9
337,4645,9
337,5272,7
337,5291,2
337,5373,5
337,5403,2
337,5404,2
337,5405,3
337,5456,2
337,5522,2
337,5614,5
337,5615,4
337,5639,2
338,339,4
338,1488,3
338,1489,4
338,1490,4
338,371,4
338,1491,4
338,1492,4
338,1221,4
338,1493,3
338,1309,3
338,1494,4
338,1495,3
338,1496,3
338,1497,4
338,1498,4
338,1499,4
338,1500,3
338,1501,3
338,1418,2
338,1502,4
338,1503,4
338,1504,4
338,1505,4
338,1201,4
338,432,5
338,1528,3
338,1529,2
338,1550,2
338,1551,2
338,1552,2
338,1711,2
338,344,2
338,453,12
338,5400,11
338,681,12
338,5401,7
338,5402,8
338,838,5
338,5412,4
340,341,47
340,367,5
340,349,4
340,368,3
340,369,3
340,370,3
340,419,7
340,420,2
340,342,13
340,421,2
340,422,8
340,474,2
340,589,4
340,1332,2
340,1333,3
340,429,4
340,443,23
340,431,3
340,1019,3
340,1334,3
340,1388,2
340,664,2
340,583,2
340,1389,2
340,355,2
340,343,2
340,445,2
340,344,2
340,2096,2
340,2126,3
340,2098,2
340,2099,2
340,2100,2
340,2101,2
340,2074,3
340,1460,4
340,2102,2
340,2103,3
340,2104,3
340,2075,3
340,2105,3
340,2106,3
340,1067,3
340,2107,3
340,2108,2
340,2109,3
340,2110,3
340,2391,6
340,2392,4
340,2393,15
340,2394,6
340,2395,15
340,2396,2
340,2397,17
340,2398,3
340,2399,4
340,2400,9
340,2401,5
340,2402,16
340,2406,5
340,2407,2
340,2408,7
340,2409,3
340,2410,2
340,2411,2
340,2706,3
340,2707,3
340,3437,5
340,4066,4
340,4067,3
340,4074,3
340,4075,2
340,2546,5
340,4121,2
340,1587,3
340,673,3
340,4496,4
340,876,3
340,4497,4
340,4498,5
340,4499,4
340,3871,5
340,4060,2
340,1546,3
340,688,3
340,4744,2
340,646,2
340,1205,2
340,1734,2
340,4884,2
340,4885,3
340,4886,3
340,4887,3
340,687,3
340,4888,3
340,2199,3
340,1448,3
340,4889,3
340,4890,3
340,5034,4
340,5035,6
340,5315,2
340,1375,2
340,656,2
340,5316,2
341,419,7
341,420,2
341,342,10
341,421,2
341,422,8
341,459,2
341,710,2
341,367,3
341,443,26
341,704,2
341,715,2
341,718,4
341,431,3
341,711,2
341,368,2
341,1333,2
341,589,2
341,429,3
341,1019,2
341,1334,2
341,355,2
341,343,2
341,445,2
341,1674,2
341,1675,2
341,344,2
341,908,3
341,646,2
341,1779,3
341,1780,3
341,1781,3
341,672,3
341,606,4
341,1136,3
341,349,2
341,2391,6
341,2392,4
341,2393,13
341,2394,6
341,2395,14
341,2396,2
341,2397,17
341,2398,3
341,2399,3
341,2400,8
341,2401,5
341,2402,15
341,2406,5
341,2407,2
341,2408,7
341,2409,3
341,2410,2
341,2411,2
341,2706,2
341,2707,2
341,2921,2
341,4066,4
341,4067,3
341,4074,3
341,4075,2
341,451,5
341,4333,5
341,453,5
341,962,3
341,4133,2
341,4334,2
341,4335,2
341,4336,2
341,4337,2
341,4338,2
341,4339,2
341,2900,2
341,1769,3
341,4340,2
341,4341,3
341,767,3
341,768,5
341,587,5
341,483,5
341,4496,3
341,4498,4
341,876,2
341,4497,3
341,4499,2
341,3871,2
341,4060,2
341,4578,2
341,4579,2
341,4580,2
341,4581,4
341,4571,4
341,3870,2
341,4126,2
341,617,2
341,2546,4
341,369,2
341,5034,4
341,5035,6
341,5315,2
341,1375,2
341,656,2
341,1587,2
341,5316,2
342,349,65
342,351,16
342,352,2
342,353,6
342,354,2
342,355,3
342,356,3
342,357,2
342,358,4
342,359,6
342,360,4
342,419,23
342,420,2
342,421,3
342,422,28
342,425,6
342,441,6
342,451,2
342,452,2
342,424,2
342,474,2
342,480,5
342,561,2
342,563,9
342,523,5
342,564,25
342,467,2
342,565,3
342,566,4
342,551,3
342,603,2
342,553,4
342,464,13
342,604,13
342,456,4
342,344,21
342,605,2
342,606,10
342,607,2
342,608,4
342,609,2
342,483,3
342,610,3
342,417,2
342,432,22
342,660,2
342,664,8
342,536,8
342,589,5
342,552,2
342,383,3
342,430,6
342,371,5
342,443,17
342,373,2
342,458,2
342,378,2
342,615,7
342,775,2
342,776,2
342,777,2
342,778,2
342,447,3
342,932,2
342,933,4
342,587,4
342,1123,2
342,1124,2
342,1125,2
342,400,4
342,1152,2
342,1153,2
342,1186,3
342,1169,6
342,1170,6
342,1187,2
342,1188,4
342,1189,4
342,969,8
342,1241,2
342,1242,3
342,1243,2
342,1267,2
342,1332,2
342,1333,3
342,429,23
342,632,6
342,431,23
342,1019,4
342,1334,8
342,1336,2
342,1388,5
342,583,4
342,1389,9
342,370,2
342,1436,5
342,445,5
342,1309,3
342,367,6
342,346,5
342,988,3
342,1547,55
342,1546,24
342,646,24
342,475,15
342,1264,2
342,1594,2
342,858,2
342,1595,2
342,1596,2
342,376,7
342,1955,3
342,1956,3
342,1957,4
342,1958,3
342,1959,4
342,1960,2
342,1479,4
342,666,6
342,1997,2
342,1998,2
342,1999,6
342,673,19
342,2000,2
342,2001,2
342,2002,2
342,2023,3
342,2043,2
342,2032,2
342,2072,5
342,2073,3
342,2084,3
342,688,11
342,2086,2
342,426,3
342,671,4
342,1530,11
342,1401,18
342,1560,2
342,677,2
342,2391,2
342,2392,2
342,2393,9
342,2395,6
342,2397,2
342,2398,2
342,2399,6
342,2408,3
342,2400,5
342,2409,2
342,1329,3
342,2410,2
342,2401,2
342,2443,2
342,2378,3
342,657,10
342,2592,5
342,2593,4
342,2594,4
342,2595,4
342,2596,4
342,2597,4
342,2598,4
342,2599,4
342,2600,4
342,2601,4
342,2602,4
342,1460,5
342,2603,5
342,2604,4
342,2605,5
342,2606,3
342,2607,4
342,736,3
342,499,11
342,502,2
342,2613,2
342,2614,2
342,492,3
342,571,5
342,2616,2
342,1509,2
342,2659,2
342,1865,2
342,626,2
342,1522,8
342,1525,8
342,1526,6
342,1600,2
342,2783,2
342,1381,2
342,2784,2
342,2785,16
342,2786,3
342,2787,6
342,704,15
342,2791,4
342,2792,2
342,2795,3
342,2764,3
342,2061,2
342,2796,3
342,2322,2
342,2922,5
342,2923,2
342,2924,2
342,3018,12
342,1255,10
342,715,9
342,764,6
342,924,8
342,533,6
342,864,9
342,655,2
342,863,5
342,366,3
342,1578,3
342,916,2
342,3379,2
342,1821,2
342,1834,2
342,3374,4
342,3471,4
342,3544,3
342,524,3
342,3546,3
342,3547,2
342,2746,5
342,1515,5
342,1516,5
342,3572,6
342,1857,2
342,698,3
342,3582,2
342,375,7
342,3859,2
342,796,2
342,3870,2
342,3871,11
342,3903,2
342,3904,2
342,1470,2
342,3959,2
342,512,2
342,3960,2
342,3961,2
342,3962,2
342,3963,2
342,1050,2
342,3964,2
342,676,2
342,2079,2
342,2861,16
342,718,2
342,2402,7
342,4012,2
342,1681,2
342,1569,12
342,1989,2
342,4013,2
342,4068,4
342,4069,4
342,4070,4
342,4071,3
342,1206,4
342,1266,3
342,4072,4
342,4073,3
342,4121,4
342,4122,3
342,1587,2
342,4125,2
342,878,2
342,1171,5
342,3586,3
342,1406,3
342,949,3
342,2574,5
342,4158,2
342,4159,2
342,4160,2
342,2373,2
342,4166,2
342,4167,2
342,2459,6
342,1783,5
342,4242,4
342,4243,3
342,3788,3
342,637,3
342,2525,8
342,3201,2
342,2160,2
342,4273,4
342,4301,4
342,4304,3
342,4302,4
342,4303,4
342,4306,4
342,4307,4
342,4309,2
342,4310,2
342,4308,2
342,1687,2
342,343,15
342,2801,4
342,4296,4
342,1416,4
342,1699,4
342,4314,2
342,2311,4
342,4315,2
342,577,4
342,4316,2
342,4317,2
342,4318,3
342,4311,3
342,3901,3
342,4353,3
342,582,3
342,2365,11
342,4489,2
342,3836,2
342,4605,3
342,4606,2
342,2077,3
342,2078,2
342,4704,2
342,4705,2
342,4706,2
342,4707,4
342,2154,4
342,1161,2
342,1792,2
342,4714,2
342,4717,2
342,4718,3
342,1052,4
342,514,2
342,983,14
342,2624,2
342,4731,2
342,4740,5
342,1935,2
342,4742,3
342,1678,3
342,4736,3
342,4738,3
342,750,5
342,4745,2
342,2006,3
342,724,3
342,4365,3
342,4755,13
342,4748,5
342,4756,2
342,795,7
342,830,6
342,485,3
342,4773,2
342,4774,4
342,4775,10
342,4776,4
342,867,4
342,4777,5
342,1835,7
342,486,9
342,4784,2
342,4793,2
342,4794,2
342,558,2
342,4397,5
342,448,4
342,4521,3
342,3655,4
342,4798,7
342,974,2
342,389,2
342,347,4
342,517,7
342,1840,7
342,3185,7
342,427,7
342,4806,2
342,4444,5
342,345,9
342,440,16
342,1249,17
342,1598,2
342,4814,2
342,1203,2
342,2890,2
342,4815,2
342,4816,2
342,3698,2
342,4817,2
342,1213,5
342,4809,7
342,699,5
342,2111,2
342,2543,3
342,1675,3
342,1677,3
342,2435,3
342,2253,13
342,1814,12
342,1353,13
342,3426,4
342,381,12
342,4495,2
342,1993,2
342,4893,2
342,4894,2
342,3856,2
342,5324,2
342,5325,2
342,434,2
342,5364,2
342,5458,9
342,5459,11
342,5463,4
342,5472,3
342,5596,2
342,5597,2
342,1163,2
342,3828,2
342,4982,2
342,5598,2
342,1653,2
342,2915,2
342,5599,2
342,3596,2
342,3598,2
343,346,6
343,344,36
343,1401,10
343,2179,3
343,2180,9
343,764,2
343,3030,2
343,3031,2
343,3032,2
343,2251,4
343,740,2
343,3707,2
343,600,2
343,499,4
343,571,4
343,2985,3
343,4108,8
343,4101,2
343,3592,3
343,3696,2
343,2376,2
343,4102,2
343,750,5
343,1687,3
343,2126,2
343,367,4
343,4296,5
343,2128,2
343,2311,5
343,577,5
343,2801,4
343,1416,4
343,1699,4
343,443,3
343,4314,2
343,4315,2
343,4316,2
343,4317,2
343,4353,3
343,582,3
343,1530,2
343,872,8
343,863,5
343,2283,4
343,4489,2
343,4667,4
343,4668,5
343,2195,5
343,2861,5
343,4669,4
343,2381,5
343,604,4
343,4674,4
343,4677,3
343,899,2
343,421,3
343,4678,3
343,1547,3
343,795,3
343,830,3
343,4773,2
343,4774,4
343,4775,9
343,4776,4
343,2365,10
343,867,4
343,3871,9
343,1249,5
343,1213,4
343,4809,5
343,440,5
343,699,4
343,983,3
343,4933,6
343,4934,7
343,4935,6
343,483,7
343,1776,8
343,4936,6
343,4937,4
343,4944,3
343,1708,3
343,2127,3
343,1031,4
343,5055,4
343,4880,2
343,905,2
344,346,6
344,345,2
344,347,2
344,348,2
344,568,2
344,569,2
344,570,2
344,551,2
344,603,2
344,553,2
344,464,3
344,604,6
344,456,2
344,605,4
344,606,4
344,607,2
344,608,3
344,609,2
344,483,10
344,610,2
344,432,4
344,682,2
344,383,3
344,668,2
344,430,4
344,595,2
344,440,26
344,795,5
344,536,5
344,830,5
344,637,5
344,667,4
344,1270,5
344,1675,5
344,1676,2
344,1271,4
344,1755,6
344,458,12
344,750,8
344,1879,4
344,1880,3
344,1881,4
344,1882,4
344,1883,3
344,1884,4
344,449,4
344,1906,3
344,2179,3
344,2180,10
344,1338,2
344,2208,2
344,949,2
344,899,7
344,867,2
344,1401,20
344,972,8
344,2480,8
344,2481,2
344,1686,8
344,2365,13
344,926,6
344,1502,2
344,2801,5
344,626,2
344,1927,3
344,2925,3
344,1376,2
344,1547,9
344,2535,3
344,1685,4
344,1711,2
344,980,2
344,764,2
344,3030,3
344,3031,2
344,3032,2
344,2251,3
344,983,3
344,443,9
344,946,2
344,349,2
344,366,2
344,1578,7
344,3416,2
344,3747,2
344,638,2
344,3748,2
344,1443,3
344,3749,2
344,3750,2
344,3751,2
344,2861,5
344,571,3
344,996,8
344,1322,2
344,4059,4
344,3552,3
344,4101,4
344,4102,4
344,2376,4
344,4108,5
344,3592,4
344,3696,3
344,4109,2
344,4117,2
344,367,5
344,916,2
344,375,2
344,4142,2
344,4217,6
344,646,7
344,694,3
344,4218,6
344,4220,2
344,4221,4
344,4223,3
344,1780,3
344,4247,3
344,2711,2
344,4248,2
344,1926,2
344,436,2
344,4249,2
344,499,2
344,4269,2
344,1687,3
344,2126,2
344,4296,5
344,2128,2
344,2311,5
344,577,5
344,1416,4
344,1699,4
344,4314,2
344,4315,2
344,4316,2
344,4317,2
344,4353,3
344,582,3
344,451,2
344,4361,2
344,4362,2
344,581,2
344,768,2
344,4363,2
344,924,2
344,3551,2
344,4370,2
344,555,2
344,3170,3
344,2746,3
344,2468,3
344,4356,2
344,563,2
344,3625,2
344,4428,3
344,872,10
344,2506,2
344,863,4
344,4487,2
344,1530,4
344,4488,2
344,4479,2
344,4480,2
344,2283,3
344,4489,2
344,4633,3
344,4747,3
344,931,2
344,4748,3
344,4753,2
344,724,4
344,4775,4
344,3871,4
344,2613,2
344,3693,6
344,615,2
344,4809,3
344,699,3
344,4880,9
344,4881,6
344,4882,11
344,4883,5
344,736,2
344,1812,2
344,4933,6
344,4934,7
344,4935,6
344,1776,10
344,4936,6
344,4937,4
344,4944,3
344,1375,7
344,840,2
344,4971,6
344,905,4
344,3638,3
344,1706,7
344,4992,2
344,2330,2
344,355,3
344,1708,8
344,1031,10
344,5055,10
344,1901,5
344,2127,5
344,1705,4
344,3362,2
344,865,11
344,2945,5
344,5245,9
344,5071,6
344,5072,11
344,5242,11
344,3864,11
344,1021,11
344,5246,6
344,3863,8
344,600,2
344,5365,2
344,531,2
344,5366,4
344,885,2
344,5539,2
344,5540,2
344,3825,2
344,1980,2
344,1737,2
344,445,2
344,5541,2
344,5542,2
344,5543,2
344,5544,2
344,5545,2
344,5546,2
344,4672,2
344,5547,2
344,2710,2
344,676,2
344,5592,2
344,5593,2
344,5594,2
344,4259,2
345,4444,5
345,440,6
345,427,6
345,4806,2
345,1547,9
345,1249,8
346,367,6
346,443,3
346,2299,2
346,2300,2
346,2301,2
346,2302,2
346,1491,2
346,2303,2
346,2304,2
346,2305,2
346,2306,2
346,2307,2
346,694,2
346,2308,2
346,2309,2
346,813,2
346,2310,2
346,2311,7
346,2312,2
346,2313,2
346,2314,2
346,1031,2
346,2315,2
346,1687,3
346,2126,2
346,4296,5
346,2128,2
346,577,5
346,2801,4
346,1416,4
346,1699,4
346,4314,2
346,4315,2
346,4316,2
346,4317,2
346,4353,3
346,582,3
346,4489,2
347,348,3
347,2332,2
347,2580,3
347,646,3
347,1672,2
347,5633,2
347,667,2
348,2332,2
349,356,2
349,359,2
349,360,2
349,371,5
349,373,4
349,388,2
349,366,3
349,370,2
349,589,3
349,604,7
349,666,7
349,667,3
349,606,4
349,430,3
349,536,5
349,1231,2
349,1232,2
349,1233,2
349,1234,2
349,1235,2
349,426,2
349,575,2
349,1250,2
349,1251,2
349,419,6
349,429,10
349,443,5
349,664,4
349,422,11
349,431,10
349,583,2
349,1334,5
349,1389,10
349,1401,7
349,445,2
349,1957,3
349,1959,3
349,464,8
349,1479,3
349,432,6
349,1969,3
349,1204,6
349,1970,3
349,1971,3
349,646,3
349,1972,3
349,1973,3
349,1974,3
349,1975,3
349,1955,2
349,1997,2
349,1956,2
349,1958,2
349,1998,2
349,1999,7
349,673,5
349,2000,2
349,2001,2
349,2002,2
349,1530,9
349,677,2
349,2443,2
349,632,7
349,2378,3
349,577,4
349,2784,2
349,2785,14
349,2786,3
349,2787,5
349,564,6
349,704,13
349,2791,3
349,2922,4
349,2923,2
349,2924,2
349,1547,3
349,1546,4
349,3018,10
349,1255,9
349,715,9
349,764,4
349,924,8
349,2459,2
349,1783,2
349,2160,2
349,1406,2
349,1171,5
349,4273,5
349,4301,5
349,4304,3
349,4302,5
349,969,5
349,4303,5
349,4306,4
349,4307,4
349,4309,2
349,4310,3
349,2574,4
349,4308,3
349,4312,2
349,4311,4
349,4318,3
349,3901,3
349,3836,3
349,4605,3
349,4606,2
349,688,3
349,4660,3
349,3323,3
349,499,2
349,2624,2
349,4731,2
349,563,2
349,2746,2
349,3572,2
349,2861,2
349,4893,2
349,4894,2
349,5364,2
349,2915,4
349,5596,2
349,1436,3
349,5597,2
349,1163,3
349,3828,2
349,4982,3
349,5598,2
349,1653,2
349,3784,2
349,5599,3
349,3596,2
349,3598,3
350,1215,2
350,1217,2
350,1218,2
350,1219,2
350,1220,2
350,1222,2
350,1223,2
350,840,2
350,1225,2
350,1087,2
351,352,2
351,353,7
351,354,2
351,424,2
351,441,2
351,480,5
351,1013,4
351,983,3
351,1049,3
351,1647,4
351,1509,2
351,2659,2
351,832,2
351,3157,4
351,3670,2
351,3671,2
351,3672,2
351,3673,2
351,3592,2
351,3674,2
351,1287,2
351,694,2
351,1163,2
351,3677,2
351,3678,2
351,1989,2
351,1182,2
351,3666,2
351,3683,2
351,2477,2
351,4456,2
351,1935,2
351,4718,2
351,432,2
351,1169,3
351,1170,4
351,5241,2
353,424,3
353,441,2
355,356,2
355,444,4
355,446,2
355,445,67
355,443,4
355,430,2
355,686,3
355,1033,3
355,1034,2
355,992,4
355,453,26
355,993,5
355,1035,2
355,997,4
355,890,9
355,872,4
355,873,4
355,1036,8
355,994,3
355,1048,2
355,1000,3
355,630,4
355,1066,5
355,553,2
355,554,2
355,1309,2
355,458,3
355,483,2
355,1401,3
355,1402,2
355,460,3
355,2275,2
355,1598,9
355,2626,9
355,1182,3
355,1071,6
355,2640,10
355,875,7
355,2647,4
355,1078,3
355,2648,9
355,2649,2
355,2259,3
355,703,2
355,606,3
355,2698,2
355,2885,2
355,764,3
355,563,2
355,2710,3
355,2907,2
355,631,2
355,3011,2
355,2976,5
355,2800,5
355,1265,6
355,3012,5
355,1132,4
355,889,4
355,3013,5
355,2509,5
355,2747,5
355,3014,5
355,3023,2
355,2718,2
355,1695,2
355,2766,2
355,1857,3
355,3009,2
355,2951,2
355,962,2
355,1289,2
355,1376,2
355,2322,4
355,577,2
355,1522,4
355,542,2
355,2459,2
355,949,2
355,371,2
355,2659,8
355,1449,17
355,3860,2
355,3861,5
355,581,6
355,3862,4
355,3866,3
355,3867,2
355,1087,3
355,3872,3
355,2501,2
355,2742,4
355,3228,6
355,3906,2
355,965,7
355,3857,3
355,632,2
355,1984,2
355,4422,2
355,4423,2
355,4424,2
355,535,2
355,930,3
355,3956,2
355,1107,2
355,2861,2
355,2784,3
355,5292,3
355,3724,3
355,5296,2
355,2286,3
355,5293,2
355,3344,3
355,5294,3
355,2763,3
355,863,3
355,1120,2
355,5295,3
355,3457,3
355,2331,3
355,1323,3
355,868,2
355,5539,2
355,5540,2
355,3825,2
355,1980,2
355,1737,2
355,5541,2
355,5542,2
355,5543,2
355,5544,2
355,5545,2
355,5546,2
355,4672,2
355,5547,2
355,676,2
356,357,2
356,358,5
356,359,24
356,445,2
356,426,11
356,490,5
356,491,4
356,492,23
356,493,10
356,494,7
356,366,2
356,377,2
356,497,7
356,498,5
356,499,8
356,511,4
356,500,2
356,501,2
356,512,4
356,513,2
356,519,2
356,502,11
356,514,6
356,503,8
356,504,5
356,515,2
356,521,2
356,506,10
356,522,2
356,507,4
356,508,3
356,510,16
356,523,3
356,520,2
356,517,2
356,546,2
356,548,2
356,547,2
356,469,2
356,788,2
356,789,2
356,373,6
356,790,2
356,791,2
356,984,3
356,985,3
356,986,3
356,1236,4
356,1232,2
356,1237,3
356,1289,5
356,1555,2
356,1556,2
356,1522,2
356,1525,2
356,1526,2
356,1527,2
356,1624,2
356,367,2
356,2005,2
356,1548,6
356,1095,5
356,1460,2
356,1157,2
356,427,5
356,371,3
356,421,2
356,2337,2
356,973,3
356,2338,3
356,1567,3
356,1146,5
356,1147,2
356,2352,2
356,2281,2
356,2380,2
356,454,2
356,2562,3
356,2563,2
356,2576,3
356,2577,3
356,2578,3
356,2579,3
356,2581,2
356,1055,3
356,2613,2
356,1311,3
356,2614,3
356,732,3
356,537,2
356,3097,2
356,443,2
356,664,2
356,1355,2
356,3189,2
356,1796,2
356,486,2
356,1844,3
356,3244,2
356,463,4
356,704,4
356,3333,4
356,460,3
356,962,2
356,1183,4
356,3560,3
356,771,3
356,3694,5
356,3592,2
356,846,4
356,1454,3
356,608,2
356,3696,2
356,3666,3
356,1988,4
356,1709,4
356,3920,3
356,3921,3
356,4024,3
356,3922,3
356,3923,3
356,3551,3
356,4025,2
356,2746,3
356,3465,3
356,3924,3
356,3926,3
356,3552,3
356,1150,3
356,3927,3
356,3778,2
356,853,2
356,4186,2
356,2232,3
356,4472,2
356,1770,2
356,4490,2
356,2889,2
356,2322,2
356,4905,3
356,1989,2
356,1757,2
356,5172,2
356,5163,2
356,594,2
357,358,2
357,359,2
358,359,10
358,498,2
358,499,5
358,537,2
358,514,3
358,492,8
358,1055,2
358,1052,3
358,899,2
358,1072,2
358,426,4
358,1095,3
358,965,2
358,667,2
358,1096,2
358,427,5
358,502,6
358,505,3
358,506,3
358,428,2
358,493,3
358,1797,2
358,1237,2
358,1311,2
358,2614,3
358,510,4
358,732,3
358,503,3
358,1355,2
358,452,2
358,2232,2
359,360,2
359,426,12
359,490,3
359,491,3
359,492,23
359,493,20
359,494,6
359,497,5
359,498,2
359,499,10
359,511,3
359,500,5
359,501,4
359,512,4
359,513,2
359,502,20
359,514,7
359,503,9
359,504,9
359,505,6
359,515,2
359,521,2
359,506,11
359,522,2
359,507,5
359,508,4
359,516,3
359,428,2
359,510,20
359,523,3
359,517,2
359,427,10
359,987,2
359,988,4
359,537,3
359,989,2
359,1232,2
359,1237,2
359,373,2
359,1183,4
359,375,4
359,1097,2
359,1422,2
359,1157,2
359,1548,8
359,1311,3
359,1061,2
359,1569,2
359,1623,2
359,1556,2
359,1522,2
359,1525,3
359,1526,2
359,367,3
359,1836,3
359,1837,2
359,1844,4
359,899,4
359,2005,3
359,1095,3
359,1794,2
359,705,2
359,2111,2
359,2123,2
359,2124,2
359,2125,2
359,1460,3
359,736,2
359,2337,3
359,973,4
359,1567,3
359,1146,3
359,1147,2
359,2562,2
359,2058,2
359,1055,2
359,2614,3
359,732,3
359,673,2
359,388,2
359,443,2
359,1796,2
359,771,2
359,3694,3
359,3592,2
359,846,3
359,1454,3
359,608,2
359,3666,2
359,452,2
359,2232,2
359,2928,2
359,4367,2
359,1163,2
359,1164,2
359,2889,2
359,667,2
359,1052,2
359,4905,2
359,3681,2
360,768,8
360,858,2
360,1150,2
360,1053,2
360,1222,5
360,3606,3
360,3608,4
360,3611,4
360,3609,2
360,3615,3
360,3616,3
360,3617,2
360,451,4
360,1769,4
360,4079,2
360,4080,2
360,4082,3
360,4083,2
360,4098,2
360,4077,2
360,5005,2
360,5006,2
360,5007,2
360,5008,2
360,2499,3
360,5628,3
360,4928,3
361,362,4
361,363,3
361,364,4
361,365,4
361,366,5
361,484,2
361,377,4
361,495,2
362,363,3
362,364,4
362,365,4
362,366,4
362,484,2
362,377,3
362,495,2
363,364,3
363,365,3
363,366,3
363,484,2
363,377,2
364,365,4
364,366,4
364,484,2
364,377,3
364,495,2
365,366,5
365,484,2
365,377,3
365,495,2
366,367,3
366,371,9
366,395,2
366,368,2
366,373,7
366,374,3
366,375,5
366,388,2
366,390,2
366,393,3
366,377,14
366,400,2
366,411,6
366,401,2
366,402,2
366,378,5
366,484,2
366,426,2
366,495,2
366,589,2
366,602,2
366,590,5
366,531,6
366,583,3
366,592,4
366,533,4
366,593,4
366,594,4
366,1118,8
366,1119,8
366,851,2
366,2020,2
366,2021,2
366,724,8
366,2176,8
366,2177,7
366,2178,6
366,931,2
366,2203,4
366,2204,5
366,2205,7
366,2206,5
366,421,4
366,2207,5
366,2322,2
366,2323,2
366,3010,2
366,1822,4
366,563,5
366,759,4
366,757,2
366,2920,2
366,2821,2
366,606,5
366,3198,2
366,3199,2
366,840,2
366,3200,3
366,1381,2
366,917,3
366,919,2
366,464,5
366,4454,2
366,4455,3
366,613,5
366,698,2
366,588,2
366,3209,2
366,1714,2
366,1702,2
366,1717,2
366,2861,2
366,2356,2
366,4658,2
366,530,4
366,430,2
366,654,2
366,578,2
367,371,3
367,368,2
367,372,2
367,373,22
367,374,4
367,375,5
367,376,2
367,377,3
367,378,7
367,443,5
367,704,2
367,715,4
367,716,2
367,563,2
367,575,5
367,1443,3
367,1701,6
367,1702,12
367,1703,4
367,1704,6
367,492,2
367,1714,14
367,1715,5
367,1716,3
367,1717,11
367,1560,4
367,1718,4
367,1719,4
367,1559,3
367,1728,2
367,1794,2
367,1795,4
367,1796,3
367,486,5
367,487,3
367,1798,2
367,1799,2
367,2226,3
367,924,2
367,606,3
367,1250,2
367,2259,2
367,3205,2
367,3206,2
367,3008,2
367,3196,2
367,3009,2
367,3207,2
367,3208,2
367,3209,5
367,3340,2
367,3731,2
367,467,2
367,534,2
367,796,2
367,1687,2
367,2126,2
367,4296,4
367,2128,2
367,2311,4
367,577,12
367,2801,3
367,1416,3
367,1699,3
367,4317,2
367,4353,2
367,4489,3
367,582,2
367,4503,2
367,4504,5
367,4505,4
367,4506,2
367,4523,3
367,4522,2
367,4524,2
367,2861,4
367,2357,2
367,4658,5
367,667,3
367,430,2
367,688,4
367,1546,4
367,3657,2
367,1834,3
367,791,2
367,533,3
367,1734,2
367,4744,2
367,646,3
367,588,2
367,4791,2
367,2356,2
367,4810,2
367,4815,4
367,530,3
367,4826,3
367,3514,2
367,865,21
367,4898,5
367,4899,2
367,4900,2
367,806,2
367,5230,2
367,3590,2
367,2890,2
367,1117,2
368,371,2
368,383,2
368,374,2
368,393,3
368,402,3
369,2395,2
369,2397,2
369,2402,2
369,443,2
369,589,3
369,5350,3
369,689,3
369,582,3
369,613,3
369,5352,2
370,419,2
370,1333,2
370,589,2
370,1388,2
370,429,2
370,664,2
370,422,2
370,431,2
370,1019,2
370,583,2
370,1334,2
370,1389,2
371,372,4
371,373,12
371,374,2
371,375,7
371,389,2
371,388,2
371,390,2
371,391,2
371,392,2
371,393,4
371,377,6
371,378,3
371,419,2
371,585,2
371,443,5
371,756,2
371,458,5
371,422,2
371,805,2
371,806,10
371,807,5
371,808,3
371,815,4
371,816,3
371,817,2
371,818,3
371,819,2
371,820,3
371,821,3
371,822,2
371,752,3
371,823,4
371,824,4
371,825,4
371,841,2
371,842,2
371,843,2
371,938,3
371,939,3
371,940,2
371,941,2
371,942,3
371,944,2
371,1116,4
371,1117,3
371,1118,3
371,1119,3
371,1129,2
371,1130,2
371,1488,3
371,1489,4
371,1490,4
371,1491,4
371,1492,4
371,1221,4
371,1493,3
371,1309,3
371,1494,4
371,1495,3
371,1496,3
371,1497,4
371,1498,4
371,1499,4
371,1500,3
371,1501,3
371,1418,2
371,1502,4
371,1503,4
371,1504,4
371,1505,4
371,1201,4
371,432,10
371,1528,3
371,1529,2
371,677,6
371,1550,5
371,1551,2
371,1552,2
371,1107,3
371,426,3
371,1931,2
371,909,2
371,1932,2
371,644,2
371,645,2
371,1933,2
371,647,3
371,910,2
371,651,2
371,1934,2
371,1969,3
371,1204,3
371,1970,3
371,1971,3
371,646,3
371,1972,5
371,1973,3
371,1974,3
371,1975,3
371,724,8
371,2176,5
371,2177,5
371,2178,5
371,931,2
371,2204,3
371,2205,4
371,421,7
371,2207,4
371,2206,3
371,2203,2
371,2211,6
371,2495,5
371,2111,2
371,2541,2
371,2542,2
371,2543,2
371,1677,3
371,2435,3
371,566,7
371,2568,4
371,2331,6
371,615,3
371,1019,2
371,445,2
371,2889,2
371,1203,2
371,2890,2
371,2968,4
371,990,2
371,3178,2
371,2685,2
371,3179,2
371,2225,3
371,736,2
371,3180,2
371,2342,2
371,2343,2
371,1864,2
371,3181,2
371,2344,2
371,2345,2
371,1359,2
371,3182,2
371,3082,2
371,3194,2
371,2980,3
371,2876,3
371,3341,2
371,3342,3
371,3343,3
371,3344,3
371,3345,3
371,1255,3
371,454,3
371,3346,2
371,3433,3
371,3434,4
371,3435,2
371,664,8
371,3444,2
371,2024,2
371,3445,2
371,3446,2
371,3447,2
371,3448,2
371,3449,2
371,3450,2
371,3451,2
371,908,2
371,1616,2
371,604,3
371,888,2
371,3452,2
371,3453,2
371,3454,2
371,1423,2
371,3455,2
371,667,3
371,532,2
371,3456,2
371,2036,2
371,2369,2
371,3457,2
371,3458,2
371,3459,2
371,3460,2
371,3612,13
371,3613,14
371,3614,31
371,1709,8
371,3505,2
371,3643,2
371,906,2
371,900,2
371,3556,2
371,1839,2
371,3644,2
371,3645,2
371,3646,2
371,2132,2
371,796,6
371,1988,10
371,2613,2
371,3243,2
371,3930,9
371,2322,2
371,851,2
371,2143,2
371,1576,2
371,4601,5
371,3132,5
371,4602,5
371,4603,3
371,4604,3
371,4593,3
371,3131,4
371,4696,4
371,4698,2
371,4697,3
371,4629,2
371,4789,2
371,1224,2
371,4790,2
371,2065,2
371,4833,2
371,4834,2
371,4835,2
371,1803,2
371,1804,2
371,4836,2
371,4837,2
371,4838,2
371,4954,3
371,2450,7
371,2329,10
371,4955,9
371,2290,5
371,4956,10
371,2811,10
371,2073,6
371,2030,2
371,577,2
371,5556,4
371,5600,2
372,373,3
372,815,2
372,818,2
372,823,2
372,824,2
372,825,2
372,806,2
372,1273,2
372,943,3
372,421,2
372,1270,2
372,577,2
372,1274,2
372,1275,2
372,1972,2
373,412,2
373,388,2
373,377,7
373,378,3
373,427,2
373,697,8
373,421,15
373,606,7
373,590,2
373,533,2
373,594,2
373,419,3
373,443,9
373,756,2
373,422,4
373,788,2
373,789,2
373,790,2
373,791,2
373,1204,2
373,752,3
373,1125,7
373,1205,5
373,426,2
373,1238,2
373,575,2
373,1251,2
373,1269,3
373,946,2
373,1272,5
373,943,3
373,1276,6
373,1270,17
373,1271,10
373,577,9
373,432,5
373,858,2
373,1687,7
373,1688,8
373,1690,5
373,1691,3
373,1698,7
373,1699,2
373,1510,5
373,760,5
373,1720,2
373,425,5
373,1721,3
373,1116,4
373,1349,3
373,500,2
373,1285,2
373,1326,2
373,724,6
373,2176,5
373,2177,5
373,2178,4
373,2203,2
373,2204,3
373,2205,4
373,2206,4
373,2207,3
373,2356,2
373,2384,6
373,2385,7
373,1530,3
373,2386,3
373,1432,3
373,1873,3
373,2269,2
373,2387,3
373,2417,3
373,2659,3
373,2743,2
373,2733,3
373,2750,2
373,806,3
373,2751,2
373,2752,3
373,2753,2
373,1834,3
373,2754,2
373,2755,2
373,2084,2
373,2756,2
373,2757,2
373,664,3
373,2758,2
373,3074,4
373,3075,3
373,3076,4
373,3077,5
373,3131,2
373,3132,3
373,2322,2
373,2746,2
373,1972,7
373,3462,2
373,2727,5
373,3533,2
373,797,3
373,3535,2
373,3536,2
373,3537,2
373,2729,2
373,3538,2
373,2731,2
373,3539,2
373,3540,2
373,2732,2
373,3541,2
373,1447,3
373,3543,2
373,555,2
373,563,6
373,430,6
373,764,2
373,3493,3
373,2989,2
373,2888,3
373,2899,4
373,1734,3
373,796,3
373,4219,2
373,1286,2
373,1678,4
373,3006,3
373,4257,2
373,4601,2
373,4602,2
373,4603,2
373,4501,3
373,453,4
373,4786,3
373,4787,4
373,3322,4
373,469,4
373,4788,4
373,442,2
373,1117,5
373,4859,6
373,4860,2
373,4861,2
373,4862,2
373,4863,3
373,4732,2
373,865,19
373,4898,3
373,4899,2
373,4900,2
373,632,2
374,382,2
374,394,5
374,395,6
374,403,2
374,383,16
374,375,42
374,389,7
374,388,2
374,398,4
374,390,2
374,393,12
374,400,6
374,411,2
374,401,8
374,402,7
374,378,2
374,379,3
374,529,2
374,577,9
374,1028,2
374,1029,2
374,1030,5
374,1157,6
374,736,5
374,534,10
374,677,4
374,1165,2
374,449,3
374,1337,2
374,1370,3
374,1338,3
374,1369,10
374,1103,7
374,1371,4
374,1372,3
374,1373,4
374,1020,5
374,1378,4
374,1377,7
374,1379,7
374,1380,2
374,1381,10
374,1382,2
374,1385,3
374,1386,2
374,1387,2
374,1822,2
374,974,4
374,1863,4
374,563,2
374,1327,2
374,2145,2
374,1322,3
374,2146,2
374,1568,2
374,2185,2
374,917,3
374,2247,2
374,3045,2
374,3046,2
374,3047,2
374,3048,2
374,3049,2
374,3050,2
374,3051,2
374,983,2
374,3052,2
374,2569,2
374,3053,2
374,3054,2
374,3055,2
374,3056,2
374,3057,2
374,3058,2
374,3059,2
374,3060,2
374,525,2
374,3061,2
374,3062,2
374,3063,2
374,3064,2
374,3065,2
374,3088,2
374,694,2
374,2734,2
374,1141,3
374,2861,3
374,1143,3
374,1053,2
374,4019,2
374,1968,2
374,590,2
374,1639,2
374,4020,2
374,916,4
374,4417,2
374,3463,3
374,606,2
374,3464,3
374,4453,2
374,667,9
374,1279,2
374,4451,2
374,4758,2
374,5221,2
374,5222,2
374,5223,2
374,3200,2
374,5230,10
374,3590,7
375,382,2
375,387,2
375,394,4
375,395,13
375,383,10
375,389,14
375,388,4
375,398,3
375,399,3
375,390,2
375,414,2
375,393,3
375,377,2
375,411,5
375,402,2
375,378,5
375,528,2
375,529,3
375,534,28
375,449,16
375,916,10
375,917,17
375,959,12
375,736,20
375,960,12
375,961,10
375,502,9
375,974,28
375,1028,3
375,1029,3
375,1030,5
375,632,2
375,1157,21
375,677,7
375,1166,4
375,1168,2
375,1167,11
375,1085,3
375,1277,3
375,1278,3
375,1279,5
375,1280,3
375,1281,3
375,1053,19
375,1282,3
375,1283,3
375,1284,4
375,1285,3
375,1308,9
375,427,4
375,510,4
375,1098,2
375,492,3
375,1360,14
375,1361,13
375,1362,12
375,426,2
375,1390,15
375,724,24
375,1619,7
375,1620,4
375,931,9
375,864,17
375,1641,3
375,543,2
375,1712,2
375,1713,2
375,667,12
375,1732,4
375,443,5
375,1777,2
375,1822,5
375,1824,2
375,1863,3
375,766,3
375,1904,11
375,1924,17
375,563,8
375,1928,2
375,2040,9
375,2145,2
375,1322,2
375,2185,3
375,2247,2
375,2739,6
375,506,2
375,2286,2
375,2768,11
375,2769,12
375,814,2
375,2620,4
375,2206,2
375,2287,3
375,1550,6
375,2623,2
375,1961,7
375,2734,14
375,2812,8
375,2813,2
375,2814,3
375,2920,4
375,2621,7
375,2735,12
375,2969,2
375,2736,7
375,1329,2
375,507,2
375,3045,2
375,3046,2
375,3047,2
375,3048,2
375,3049,2
375,3050,2
375,3051,2
375,983,3
375,3052,2
375,2569,2
375,3053,2
375,3054,2
375,3055,2
375,3056,2
375,3057,2
375,3058,2
375,3059,2
375,3060,2
375,525,2
375,3061,2
375,3062,2
375,3063,2
375,3064,2
375,3065,2
375,2329,2
375,1381,14
375,1107,2
375,536,2
375,759,4
375,757,2
375,2821,3
375,606,7
375,3198,2
375,3199,3
375,840,2
375,3200,12
375,919,5
375,2073,2
375,3571,2
375,1117,2
375,3652,2
375,696,2
375,2246,2
375,2058,3
375,698,3
375,3582,2
375,3889,5
375,3788,7
375,3890,6
375,3891,3
375,1087,11
375,3892,2
375,3981,2
375,1137,2
375,844,6
375,2606,2
375,4117,2
375,1102,2
375,4142,2
375,4404,3
375,4417,6
375,4406,3
375,4407,3
375,4408,3
375,4409,3
375,4411,3
375,4405,2
375,4410,2
375,4431,2
375,4450,2
375,4451,4
375,4453,6
375,4452,3
375,3463,5
375,3464,5
375,4547,2
375,4593,2
375,4175,5
375,4743,3
375,4758,2
375,4798,5
375,2861,5
375,1839,2
375,577,12
375,5097,2
375,3930,2
375,5234,5
375,5230,13
375,3590,10
375,5247,4
375,5221,3
375,5248,3
375,5249,3
375,5250,3
375,1553,2
375,5251,5
375,5223,4
375,5252,3
375,5253,2
375,5269,2
375,5370,11
375,634,11
375,1536,7
375,1677,9
375,882,9
375,735,11
375,5371,7
375,5372,10
376,1775,2
376,1769,3
376,425,8
376,451,2
376,2645,2
376,2900,2
376,2904,2
376,1595,2
376,564,3
376,5458,6
376,5459,6
376,5463,3
376,4928,2
377,405,2
377,402,3
377,484,2
377,495,2
377,589,4
377,590,20
377,530,9
377,586,5
377,531,17
377,582,5
377,592,20
377,533,20
377,593,20
377,594,17
377,464,20
377,654,12
377,578,4
377,613,20
377,583,11
377,689,3
377,724,6
377,2176,6
377,2177,6
377,2178,5
377,931,2
377,2203,3
377,2204,4
377,2205,5
377,2206,4
377,421,4
377,2207,4
377,1702,2
377,1717,2
377,2357,2
377,4658,2
378,388,2
378,411,5
378,757,3
378,443,2
378,1701,3
378,1714,5
378,1715,4
378,1702,5
378,1716,2
378,1703,2
378,1717,4
378,1560,2
378,1718,3
378,1719,2
378,1704,4
378,1559,2
378,1822,4
378,563,4
378,759,4
378,2920,2
378,2821,2
378,606,4
378,3198,2
378,3199,2
378,840,2
378,3200,3
378,1381,2
378,917,3
378,919,2
379,395,2
379,383,3
379,393,3
379,401,3
379,415,2
379,1378,2
379,1379,2
379,1369,2
379,1103,2
379,1387,2
379,1373,2
379,1020,2
379,934,2
379,3788,2
379,797,2
380,383,3
380,1740,2
380,2524,2
380,2861,2
380,3441,2
380,3088,14
380,3077,3
380,2332,2
380,2333,2
380,3605,2
380,1977,10
380,4689,7
380,5429,6
380,5430,7
380,2990,2
381,415,4
381,1533,5
381,1534,6
381,1350,4
381,3118,4
381,3119,4
381,1855,4
381,1210,4
381,1814,30
381,2294,2
381,2253,30
381,3172,6
381,797,3
381,1353,21
381,2276,4
381,1354,4
381,3406,9
381,836,10
381,3407,10
381,3408,10
381,864,9
381,910,2
381,3413,2
381,1175,2
381,1579,2
381,2734,2
381,3426,6
381,4755,9
381,1547,12
381,4867,2
381,5362,2
381,5460,2
381,5461,2
381,5462,3
382,383,2
382,384,2
383,394,4
383,395,5
383,389,2
383,388,2
383,398,4
383,399,2
383,390,2
383,409,2
383,393,10
383,400,5
383,401,8
383,402,5
383,528,6
383,529,2
383,553,2
383,464,2
383,604,6
383,682,19
383,622,2
383,430,4
383,608,2
383,623,2
383,610,2
383,432,4
383,456,4
383,636,3
383,637,4
383,483,2
383,1337,3
383,453,2
383,962,2
383,956,4
383,1338,4
383,1342,2
383,640,2
383,1370,3
383,1369,9
383,1103,8
383,1371,4
383,1372,3
383,1030,4
383,1373,4
383,1020,5
383,1378,4
383,1377,7
383,1379,7
383,1380,2
383,1381,2
383,1382,2
383,1385,3
383,1386,2
383,1387,2
383,1398,2
383,1399,3
383,1400,3
383,1203,3
383,1626,3
383,1627,3
383,1628,3
383,1629,3
383,1630,3
383,1654,5
383,1680,3
383,1681,2
383,1740,5
383,1741,2
383,1753,2
383,1794,3
383,2069,4
383,2070,2
383,1863,6
383,1327,2
383,2145,4
383,1322,3
383,2146,2
383,917,3
383,449,4
383,2258,4
383,928,16
383,3037,16
383,3038,14
383,3041,16
383,2479,7
383,2229,4
383,563,18
383,3039,13
383,3040,15
383,2477,17
383,2467,4
383,2330,2
383,3083,2
383,3084,2
383,3085,2
383,2020,3
383,3086,2
383,3087,4
383,3088,5
383,2861,5
383,3089,2
383,3090,4
383,3091,5
383,3092,2
383,3093,2
383,687,2
383,1107,3
383,3365,2
383,850,3
383,595,3
383,3774,2
383,930,2
383,2632,2
383,946,3
383,3233,2
383,3234,2
383,4293,6
383,724,6
383,908,2
383,2746,4
383,4381,5
383,4382,2
383,4403,4
383,632,2
383,1725,2
383,4374,2
383,864,6
383,931,2
383,796,3
383,534,2
383,4763,2
383,4764,2
383,4765,2
383,4766,2
383,4767,2
383,4768,2
383,1866,2
383,4769,2
383,4770,2
383,4771,2
383,527,2
383,4772,2
383,3705,2
383,1193,2
383,1807,2
383,4799,3
383,4800,2
383,4801,2
383,845,3
383,5090,2
383,5091,2
383,5092,2
383,4060,2
383,5269,2
383,1641,2
385,386,3
385,2212,2
385,4568,2
385,1175,2
385,1579,2
385,4569,2
385,4570,2
386,2212,2
386,4568,2
386,1175,2
386,1579,2
386,4569,2
386,4570,2
388,411,2
388,415,2
388,844,3
388,724,2
388,2341,2
388,2342,2
388,1864,2
388,493,2
388,917,2
388,606,6
388,4931,2
388,5159,2
388,1884,2
388,814,2
388,567,3
388,5490,2
388,1705,4
388,4883,4
388,2307,4
388,1654,4
388,2633,2
388,1536,4
388,5483,4
388,5188,4
388,5491,3
388,5492,2
388,5485,4
388,5484,2
388,946,2
388,5583,2
388,2058,9
388,5595,5
389,395,5
389,398,2
389,393,2
389,959,2
389,736,3
389,960,2
389,961,2
389,2040,2
389,724,2
389,2287,2
389,1550,3
389,2623,2
389,1030,3
389,1961,2
389,1924,4
389,2734,4
389,2812,2
389,2813,2
389,864,2
389,2814,2
389,3045,2
389,3046,2
389,3047,2
389,3048,2
389,3049,2
389,3050,2
389,3051,2
389,983,2
389,3052,2
389,2569,2
389,3053,2
389,3054,2
389,3055,2
389,3056,2
389,3057,2
389,3058,2
389,3059,2
389,3060,2
389,525,2
389,3061,2
389,3062,2
389,3063,2
389,3064,2
389,3065,2
389,687,2
389,3088,2
389,1491,2
389,3891,2
389,534,2
389,3200,2
389,4798,2
389,974,2
389,577,3
389,5230,2
389,667,2
389,3590,2
389,5370,2
389,1087,2
389,634,2
389,1536,2
389,1677,2
389,882,2
389,1904,2
389,735,2
389,5371,2
389,5372,2
390,394,2
390,402,2
390,1038,5
390,1039,5
390,1040,2
390,1041,3
390,1042,5
390,1043,5
390,1065,4
390,706,2
390,707,2
390,580,2
390,2428,2
390,2429,2
390,2430,2
390,2431,2
390,2432,2
390,1324,2
390,2433,2
391,399,2
391,1326,9
391,1733,8
391,518,2
391,1734,2
391,2026,7
391,838,2
391,1290,4
391,658,7
391,2864,5
391,2182,8
391,2875,6
391,2867,5
391,2868,5
391,2869,5
391,2870,4
391,2881,3
391,627,5
391,2871,5
391,2866,2
391,1461,2
391,5121,2
391,5122,2
392,3633,2
392,3634,2
392,2795,2
392,3635,2
392,2218,2
392,3636,2
392,5353,9
392,5354,8
392,486,9
392,487,4
392,3901,9
392,3788,9
392,632,7
392,5317,7
392,1796,7
393,394,3
393,395,5
393,400,7
393,401,7
393,402,6
393,577,2
393,1337,2
393,1370,3
393,1338,3
393,1369,8
393,1103,8
393,1371,5
393,1372,3
393,1030,5
393,1373,4
393,1020,5
393,1378,4
393,1377,6
393,1379,6
393,1380,2
393,1381,2
393,1382,2
393,1385,2
393,1387,2
393,5046,2
393,5047,2
393,3374,2
394,395,2
394,398,2
394,400,2
394,401,3
394,402,3
394,1379,2
394,1369,2
394,1381,2
394,1377,2
394,3969,14
394,996,13
394,983,11
394,1685,15
394,4963,2
394,2022,3
395,397,2
395,398,2
395,399,2
395,400,4
395,401,5
395,1337,2
395,1370,3
395,1338,2
395,1369,4
395,1103,5
395,1371,3
395,1372,3
395,1030,6
395,1373,3
395,1020,4
395,1378,3
395,1377,2
395,1379,2
395,2040,6
395,2623,3
395,2621,7
395,1924,12
395,724,2
395,2287,2
395,1550,2
395,1961,2
395,2734,11
395,2812,2
395,2813,2
395,864,2
395,2814,3
395,2826,2
395,2827,2
395,2828,2
395,1928,2
395,2829,2
395,2830,2
395,2831,2
395,811,2
395,2832,2
395,2833,2
395,2834,2
395,2835,2
395,2836,2
395,2837,2
395,526,2
395,2838,2
395,2839,2
395,2191,2
395,1455,2
395,2840,2
395,2841,2
395,2842,2
395,1727,2
395,2843,2
395,2844,2
395,2845,2
395,2846,2
395,2847,2
395,2848,2
395,2849,2
395,2850,2
395,2851,2
395,2852,2
395,2853,2
395,2854,2
395,2855,2
395,2856,2
395,2735,14
395,2769,13
395,2969,2
395,2768,7
395,2736,11
395,1491,2
396,398,2
396,399,2
396,400,2
396,402,2
397,399,2
398,399,3
398,400,2
398,402,2
398,1863,5
398,1327,2
398,2145,3
398,1322,2
398,2146,2
398,3647,2
398,3648,2
398,3649,2
398,1654,3
398,3088,2
398,850,2
398,2011,2
398,2156,2
398,1442,2
398,3200,2
398,3650,2
399,400,2
399,402,2
399,443,2
399,2620,2
399,917,2
399,1863,2
399,1654,2
400,411,3
400,401,3
400,402,4
400,1153,4
400,1337,2
400,1370,2
400,1338,2
400,1369,4
400,1103,4
400,1371,3
400,1372,2
400,1030,3
400,1373,3
400,1020,3
400,1378,2
400,1377,3
400,1379,2
400,916,5
400,3371,5
400,3374,16
400,2156,2
400,4583,2
400,4584,2
400,1233,2
400,4585,2
400,4586,2
400,4587,2
400,4588,2
400,4793,2
400,4794,2
400,864,2
400,4970,2
400,1236,2
400,1311,2
400,4978,3
400,4979,5
400,4984,3
401,402,3
401,1370,3
401,1338,2
401,1369,7
401,1103,6
401,1371,3
401,1372,3
401,1030,3
401,1373,4
401,1020,4
401,1379,6
401,1380,2
401,1381,2
401,1382,2
401,1377,5
401,1378,3
401,1386,2
401,1387,2
401,1385,2
402,405,2
402,1379,3
402,1369,3
402,1380,2
402,1381,2
402,1382,2
402,1377,3
402,1338,2
404,1952,2
404,525,2
404,853,2
407,408,2
407,1439,2
407,1440,2
407,3980,2
408,1440,5
408,5348,4
408,2221,2
408,5349,2
408,4294,2
411,1822,4
411,563,5
411,759,4
411,757,2
411,2920,2
411,2821,2
411,606,5
411,3198,2
411,3199,2
411,840,2
411,3200,3
411,1381,2
411,917,11
411,919,2
411,3801,5
411,3802,5
411,595,8
411,4206,6
411,1652,5
411,2132,6
411,801,8
411,2355,5
411,594,5
411,1143,7
411,4211,5
411,449,4
411,4212,2
411,698,2
411,1982,2
411,4583,2
411,4584,2
411,1233,2
411,4585,2
411,4586,2
411,4587,2
411,4588,2
414,423,3
414,922,2
414,923,2
414,924,2
415,865,5
415,1002,4
415,1003,5
415,1004,3
415,948,2
415,1005,5
415,632,4
415,811,5
415,1006,5
415,1007,5
415,1008,5
415,548,5
415,1009,2
415,883,5
415,565,5
415,1010,5
415,1011,5
415,1023,4
415,1024,4
415,1025,4
415,1026,4
415,1027,4
415,1081,2
415,1107,2
415,2294,2
415,1350,3
415,2253,3
415,1533,3
415,3118,3
415,3119,3
415,1855,3
415,3172,2
415,797,3
415,1210,3
415,1814,3
415,1353,3
415,2276,2
415,1534,3
415,1354,3
415,3877,5
415,3878,5
415,3879,4
415,3880,4
415,3881,4
415,3882,5
415,605,5
415,3883,5
415,443,5
415,949,5
415,3884,4
415,3885,4
415,3886,4
415,3887,4
415,3888,5
415,2642,5
415,736,2
415,4607,4
415,4686,3
415,4687,2
415,2373,4
415,1770,4
415,594,3
417,604,2
418,1449,2
419,420,2
419,421,2
419,422,29
419,429,4
419,430,3
419,431,5
419,432,2
419,561,3
419,562,2
419,563,5
419,523,2
419,564,4
419,467,2
419,443,8
419,932,2
419,933,4
419,587,4
419,1332,2
419,1333,3
419,589,3
419,632,2
419,1019,3
419,1334,3
419,1388,2
419,664,3
419,583,2
419,1389,3
419,3544,3
419,524,3
419,3546,3
419,3547,2
419,3859,2
419,2746,2
419,3572,2
419,606,2
419,2861,2
419,4893,2
419,4894,2
419,575,2
419,1205,2
420,422,2
421,422,2
421,427,2
421,606,21
421,698,2
421,632,2
421,741,3
421,742,3
421,743,4
421,744,2
421,745,3
421,432,4
421,1272,4
421,943,2
421,1270,4
421,1271,3
421,577,2
421,1482,2
421,1483,2
421,1484,2
421,1485,2
421,1486,2
421,724,4
421,2176,4
421,2177,4
421,2178,4
421,2204,3
421,2205,4
421,2207,4
421,2206,3
421,2203,3
421,2495,2
421,2111,2
421,2541,2
421,2542,2
421,2543,2
421,1677,3
421,2435,3
421,566,2
421,2651,3
421,2652,18
421,2653,18
421,733,10
421,2656,8
421,2654,18
421,2657,15
421,1536,14
421,2658,11
421,2662,2
421,2661,2
421,2667,2
421,2668,3
421,2669,2
421,2655,2
421,3074,3
421,3075,2
421,3076,3
421,3077,4
421,2727,3
421,3533,2
421,797,2
421,3535,2
421,443,2
421,3536,2
421,3537,2
421,2729,2
421,3538,2
421,2731,2
421,3539,2
421,3540,2
421,2732,2
421,3541,2
421,1447,2
421,3543,2
421,2733,2
421,1734,4
421,2935,2
421,3477,2
421,1834,2
421,1972,2
421,563,2
421,2384,3
421,806,2
421,1238,2
421,2899,2
421,4108,3
421,4667,3
421,4677,3
421,899,2
421,604,3
421,4668,3
421,2195,3
421,2861,3
421,4669,3
421,4678,3
421,2381,3
421,4674,3
421,2283,2
421,1839,2
421,1449,3
421,1965,4
421,1266,4
421,5299,2
421,5300,2
421,1126,2
421,5301,2
421,5004,2
421,5302,2
422,429,4
422,430,6
422,434,3
422,431,5
422,432,4
422,561,4
422,562,2
422,563,8
422,523,2
422,564,4
422,467,2
422,443,11
422,932,2
422,933,4
422,587,4
422,1332,2
422,1333,3
422,589,3
422,632,3
422,1019,3
422,1334,3
422,1388,2
422,664,5
422,583,2
422,1389,3
422,2391,2
422,2392,2
422,2393,2
422,2395,2
422,2397,2
422,2398,2
422,2399,2
422,2408,2
422,2409,2
422,2410,2
422,2401,2
422,764,3
422,3100,2
422,2298,2
422,671,2
422,3101,2
422,3102,2
422,2942,2
422,3103,2
422,3104,2
422,3105,2
422,3106,2
422,2595,2
422,3107,2
422,3108,2
422,3109,2
422,2944,2
422,2960,2
422,1460,2
422,3066,2
422,3110,2
422,2954,2
422,3111,2
422,3112,2
422,2966,2
422,3113,2
422,3114,2
422,2421,2
422,3078,2
422,3115,2
422,3081,2
422,2617,2
422,1792,2
422,2989,2
422,1355,2
422,3116,2
422,2926,2
422,3099,2
422,3082,2
422,3544,3
422,524,3
422,3546,3
422,3547,2
422,2746,5
422,1515,3
422,1516,3
422,3572,5
422,606,5
422,3859,2
422,1204,4
422,1546,3
422,688,4
422,4660,4
422,3323,3
422,577,3
422,2861,4
422,4893,2
422,4894,2
422,575,2
422,1205,2
422,2784,2
422,5324,2
422,5325,2
423,922,2
423,923,2
423,924,2
425,451,4
425,1687,5
425,1510,4
425,1688,5
425,697,5
425,1690,4
425,760,5
425,1698,5
425,1691,2
425,1720,2
425,1721,3
425,1775,2
425,1769,6
425,2148,2
425,2149,2
425,2774,2
425,2902,2
425,2645,3
425,2900,5
425,2904,2
425,564,3
425,4085,2
425,768,3
425,4333,2
425,453,2
425,962,2
425,4335,2
425,4336,2
425,4339,2
425,4340,2
425,443,2
425,4341,2
425,767,2
425,587,2
425,718,2
425,483,2
425,1595,2
425,4930,2
425,4928,7
425,2259,2
425,2499,2
425,5458,2
425,5459,3
425,1087,2
425,5628,2
426,427,7
426,490,2
426,491,2
426,492,11
426,493,3
426,494,3
426,1072,2
426,1097,7
426,1095,4
426,965,2
426,667,3
426,1096,2
426,1236,2
426,1183,3
426,502,6
426,510,10
426,628,3
426,453,4
426,662,4
426,1375,5
426,1365,4
426,1366,3
426,629,4
426,1363,2
426,1422,2
426,1623,3
426,1556,2
426,523,2
426,1522,2
426,1525,4
426,1593,2
426,1526,3
426,443,4
426,1118,2
426,677,6
426,3001,4
426,3002,6
426,2891,7
426,581,7
426,2659,7
426,3003,3
426,764,2
426,497,3
426,499,4
426,1844,3
426,506,5
426,503,3
426,3475,2
426,3476,4
426,3477,4
426,1204,4
426,3478,4
426,3479,4
426,3480,4
426,3481,2
426,3482,4
426,2861,4
426,3483,4
426,514,3
426,3630,2
426,3560,2
426,2562,2
426,504,2
426,3694,2
426,989,2
426,3592,2
426,846,3
426,1454,3
426,608,2
426,3696,3
426,3666,2
426,3932,5
426,3933,5
426,486,6
426,3934,5
426,489,6
426,3943,2
426,487,3
426,3931,3
426,505,3
426,2614,2
426,3993,2
426,1055,3
426,1222,2
426,452,2
426,1052,2
426,4373,2
426,1576,2
426,1164,2
426,1311,2
426,996,2
426,1835,2
426,507,2
426,5077,3
426,5078,2
426,3654,2
426,5079,4
426,5080,4
426,5081,4
426,5082,4
426,5083,4
426,5084,4
426,5085,2
426,5447,3
426,2746,3
426,1206,3
426,5453,2
426,5454,2
426,1266,2
426,477,2
426,5455,2
426,5568,7
426,5570,4
426,5571,6
426,5569,5
426,5366,3
426,4148,2
427,428,4
427,987,2
427,988,2
427,537,3
427,492,8
427,493,7
427,989,2
427,510,12
427,502,13
427,1061,2
427,503,4
427,512,2
427,1422,2
427,494,3
427,1836,3
427,490,2
427,505,4
427,506,4
427,1837,3
427,1797,2
427,1095,3
427,2232,4
427,646,2
427,1146,2
427,499,5
427,2942,2
427,2944,2
427,443,3
427,1355,4
427,514,2
427,899,2
427,1567,2
427,1792,2
427,736,2
427,732,4
427,1607,3
427,3896,3
427,3897,3
427,4444,5
427,1547,8
427,440,5
427,1249,7
427,3621,3
427,5086,3
427,5087,2
427,5088,3
427,1053,3
427,5089,2
428,499,2
428,512,2
428,490,2
428,502,3
428,504,2
428,505,2
428,515,2
428,506,3
428,492,2
428,493,3
429,431,17
429,1332,2
429,1333,3
429,589,3
429,632,2
429,443,2
429,1019,3
429,1334,8
429,1336,2
429,1388,5
429,664,2
429,583,2
429,1389,5
429,2922,2
429,2923,2
429,2924,2
429,688,2
429,2459,5
429,1783,4
429,4242,4
429,4243,3
429,3788,3
429,1171,5
429,4273,5
429,1406,2
429,4301,4
429,4304,2
429,4302,4
429,969,4
429,4303,4
429,564,2
429,4306,3
429,4307,3
429,2574,3
429,4308,2
429,4311,3
429,3901,3
429,4740,5
429,5474,2
430,433,3
430,434,9
430,435,2
430,432,2
430,444,2
430,445,2
430,443,6
430,482,4
430,483,6
430,551,5
430,552,2
430,553,2
430,575,2
430,555,4
430,604,3
430,456,2
430,668,3
430,667,6
430,606,27
430,622,2
430,608,4
430,609,2
430,623,2
430,610,2
430,669,2
430,536,2
430,684,2
430,637,2
430,1432,9
430,1255,3
430,1872,7
430,1536,5
430,1873,5
430,587,6
430,1874,12
430,1875,5
430,1449,12
430,1206,11
430,1266,5
430,1876,5
430,1877,8
430,1878,5
430,1910,3
430,1911,7
430,698,2
430,1963,6
430,1964,6
430,1965,2
430,1966,6
430,1967,5
430,1209,2
430,3308,3
430,771,3
430,3309,3
430,2044,3
430,3310,3
430,1989,4
430,453,8
430,563,13
430,3322,5
430,1125,6
430,577,2
430,1522,2
430,2746,5
430,1515,3
430,1516,3
430,3572,5
430,962,3
430,2659,2
430,2218,5
430,1049,6
430,617,3
430,441,2
430,2861,6
430,3837,4
430,4482,4
430,4483,4
430,1028,3
430,1029,4
430,4484,4
430,4485,3
430,3358,3
430,4486,4
430,1509,3
430,806,2
430,878,2
430,451,2
430,4571,2
430,4340,2
430,4341,2
430,768,2
430,718,2
430,4786,3
430,4787,4
430,469,4
430,4788,4
430,442,2
430,1795,2
430,4893,2
430,4894,2
430,2863,2
430,5324,2
430,5325,2
430,2227,2
430,2731,3
431,499,2
431,443,4
431,722,2
431,713,2
431,1332,2
431,1333,3
431,589,3
431,632,2
431,1019,3
431,1334,9
431,1336,2
431,1388,5
431,664,2
431,583,2
431,1389,6
431,2922,2
431,2923,2
431,2924,2
431,523,3
431,3471,4
431,646,2
431,688,2
431,3903,2
431,3904,2
431,2459,5
431,1783,4
431,4242,4
431,4243,3
431,3788,3
431,1406,2
431,1171,5
431,4273,5
431,4301,5
431,4304,2
431,4302,5
431,969,5
431,4303,6
431,564,2
431,4306,3
431,4307,3
431,4310,2
431,2574,3
431,4308,3
431,4311,4
431,3901,3
432,440,2
432,535,2
432,536,34
432,551,2
432,603,2
432,553,2
432,464,10
432,604,8
432,456,4
432,605,2
432,606,2
432,607,2
432,608,7
432,609,2
432,483,7
432,610,3
432,658,2
432,663,2
432,660,4
432,664,6
432,673,6
432,729,2
432,730,2
432,731,2
432,632,3
432,741,3
432,742,3
432,743,3
432,744,2
432,745,3
432,796,2
432,637,3
432,946,3
432,1276,4
432,1270,6
432,1271,4
432,1488,3
432,1489,4
432,1490,4
432,1491,5
432,1492,4
432,1221,4
432,1493,3
432,1309,4
432,1494,5
432,1495,3
432,1496,3
432,1497,8
432,1498,7
432,1499,4
432,1500,3
432,1501,3
432,1418,2
432,1502,4
432,1503,4
432,1504,4
432,1505,4
432,1201,4
432,1528,3
432,1529,2
432,1550,2
432,1553,2
432,1551,2
432,1552,2
432,899,11
432,1175,4
432,1578,6
432,1632,2
432,1705,4
432,1706,4
432,1707,4
432,1708,4
432,1709,6
432,1710,4
432,1851,16
432,1852,8
432,813,16
432,1425,24
432,1601,4
432,1860,3
432,1865,7
432,1481,3
432,1869,7
432,1870,3
432,1954,2
432,1955,3
432,1956,3
432,1957,4
432,1958,3
432,1959,4
432,1960,2
432,1479,4
432,1389,4
432,666,3
432,1997,2
432,1998,2
432,1999,4
432,2000,2
432,2001,2
432,2002,2
432,2008,3
432,2009,3
432,625,3
432,2010,3
432,2011,3
432,2012,3
432,1442,3
432,2013,3
432,2014,2
432,2015,3
432,2016,3
432,1235,3
432,2017,3
432,1568,3
432,2077,6
432,2078,3
432,2030,2
432,2218,3
432,565,3
432,502,2
432,492,2
432,2221,2
432,1962,2
432,736,2
432,724,2
432,2340,2
432,2225,2
432,1359,2
432,2362,3
432,2363,4
432,917,7
432,449,3
432,2548,2
432,2479,5
432,2054,4
432,2055,4
432,1685,2
432,1193,2
432,2795,2
432,2764,2
432,2061,2
432,2796,2
432,1467,2
432,1654,2
432,2525,2
432,1569,4
432,493,2
432,1794,4
432,3020,3
432,3021,4
432,3022,2
432,3100,2
432,2298,2
432,764,2
432,671,2
432,3101,2
432,3102,2
432,2942,2
432,3103,2
432,3104,2
432,3105,2
432,3106,2
432,2595,2
432,3107,2
432,3108,2
432,3109,2
432,2944,2
432,2960,2
432,1460,2
432,3066,2
432,3110,2
432,2954,2
432,3111,2
432,443,2
432,3112,2
432,2966,2
432,3113,2
432,3114,2
432,2421,2
432,3078,2
432,3115,2
432,3081,2
432,2617,2
432,1792,3
432,2989,2
432,1355,2
432,3116,2
432,2926,2
432,3099,2
432,3082,2
432,809,6
432,3360,18
432,3433,3
432,3434,4
432,3435,2
432,1867,3
432,3458,2
432,3459,2
432,3460,2
432,3870,2
432,1298,2
432,1322,2
432,1989,6
432,771,5
432,468,2
432,2184,3
432,657,2
432,4320,2
432,4343,22
432,4344,9
432,4345,8
432,4358,10
432,3836,2
432,2922,3
432,4176,2
432,865,2
432,4636,2
432,442,2
432,4637,2
432,4638,2
432,4639,2
432,3453,2
432,4640,2
432,4641,2
432,4642,2
432,4643,2
432,4644,2
432,4645,2
432,3457,2
432,1935,2
432,4718,2
432,4859,5
432,4860,2
432,4861,2
432,1117,2
432,4862,2
432,4863,4
432,4501,2
432,4910,3
432,4912,2
432,4913,2
432,4914,2
432,4915,2
432,1375,8
432,5270,2
432,1462,5
432,5327,2
432,5328,3
432,5329,4
432,5330,4
432,5333,2
432,1722,6
432,1341,3
432,1150,2
432,5451,2
432,3696,3
432,1331,6
432,4374,4
432,1560,2
432,5471,2
433,434,3
433,3308,2
433,771,2
433,3309,2
433,2044,2
433,3310,2
433,1989,2
434,435,2
434,3308,3
434,771,3
434,3309,3
434,2044,3
434,3310,3
434,1989,4
434,878,2
434,563,2
434,2746,2
434,5324,2
434,5325,2
434,3572,2
434,606,2
434,2861,2
435,437,2
435,438,2
435,436,2
435,439,2
435,440,2
436,437,2
436,438,2
436,439,2
436,440,2
436,4247,2
436,2711,2
436,571,2
436,4248,2
436,1926,2
436,4249,3
437,438,2
437,439,2
437,440,2
437,453,2
438,439,2
438,440,2
439,440,2
440,476,4
440,477,2
440,479,3
440,557,2
440,558,17
440,448,18
440,559,11
440,560,15
440,595,8
440,596,2
440,681,6
440,739,2
440,740,3
440,750,7
440,654,10
440,594,10
440,615,8
440,1249,30
440,1755,8
440,458,13
440,1329,4
440,1800,3
440,1104,3
440,1801,3
440,629,3
440,1802,4
440,1846,2
440,1847,2
440,1430,2
440,1848,2
440,1120,2
440,1941,2
440,1942,2
440,1502,2
440,972,11
440,2480,13
440,1068,2
440,926,8
440,1686,19
440,2481,2
440,1401,13
440,2365,13
440,1723,5
440,2588,3
440,2587,4
440,764,4
440,2981,2
440,2982,3
440,580,2
440,2983,2
440,2984,4
440,684,2
440,983,3
440,1124,3
440,924,3
440,3141,7
440,2208,8
440,3070,8
440,3069,2
440,2965,2
440,443,4
440,2716,4
440,2958,3
440,3438,3
440,2389,2
440,3723,2
440,2390,2
440,1938,2
440,3513,2
440,863,2
440,3197,2
440,1835,2
440,1523,2
440,1558,2
440,1527,2
440,2854,2
440,3808,2
440,1426,2
440,3969,2
440,2184,2
440,475,2
440,858,2
440,1470,2
440,4365,2
440,4374,2
440,4444,5
440,2022,5
440,4541,17
440,4542,7
440,4543,15
440,445,17
440,4474,16
440,4544,6
440,4550,2
440,4551,9
440,3414,2
440,724,16
440,864,11
440,1547,14
440,931,2
440,4802,2
440,1377,3
440,4805,3
440,4806,3
440,792,3
440,2613,2
440,1213,6
440,4809,8
440,4775,7
440,3871,8
440,699,6
440,442,2
440,1110,3
440,963,3
440,5120,4
440,3834,2
440,548,2
440,5574,4
440,886,3
440,2459,4
440,1451,3
440,2034,4
440,1027,2
440,5573,3
440,800,2
440,3706,2
440,5553,2
440,2916,3
440,5554,3
440,5160,2
440,1078,2
440,5605,2
440,1980,2
440,2130,2
441,655,2
441,2980,2
441,4891,2
442,870,2
442,453,16
442,871,2
442,872,2
442,873,2
442,875,8
442,874,2
442,2063,5
442,1078,5
442,1444,2
442,2260,4
442,2976,3
442,659,2
442,2978,2
442,660,4
442,1265,7
442,2977,2
442,3013,2
442,2800,6
442,2509,2
442,3015,2
442,3016,2
442,890,2
442,1036,2
442,631,2
442,844,2
442,1917,2
442,4145,2
442,924,2
442,4176,2
442,865,2
442,4636,2
442,4637,2
442,4638,2
442,4639,2
442,3453,2
442,4640,2
442,4641,2
442,2184,2
442,4642,2
442,4643,2
442,4644,2
442,483,2
442,4645,2
442,3457,2
442,962,2
442,4787,2
442,563,2
442,3322,2
442,469,2
442,606,2
442,1125,2
442,4788,2
443,446,2
443,445,4
443,450,3
443,499,4
443,459,2
443,469,2
443,718,7
443,711,2
443,458,9
443,626,2
443,664,13
443,563,6
443,575,2
443,1332,2
443,1333,2
443,589,2
443,632,2
443,1019,2
443,1334,2
443,1356,2
443,1357,2
443,797,4
443,1024,2
443,1353,3
443,1355,20
443,1354,3
443,583,2
443,878,3
443,1416,3
443,1411,2
443,1417,2
443,1423,6
443,604,3
443,456,3
443,619,2
443,483,11
443,454,2
443,1451,3
443,1471,2
443,1472,2
443,1473,2
443,1474,2
443,1475,2
443,1476,2
443,475,2
443,1477,2
443,1478,2
443,1479,2
443,905,3
443,518,2
443,1732,4
443,736,5
443,1777,2
443,771,3
443,1989,2
443,2151,3
443,2066,2
443,2391,6
443,2392,4
443,2393,14
443,2394,6
443,2395,16
443,2396,2
443,2397,17
443,2398,3
443,2399,5
443,2400,9
443,2401,5
443,2402,16
443,2406,5
443,2407,2
443,2408,6
443,2409,3
443,1329,4
443,2410,2
443,2411,2
443,2565,3
443,2619,3
443,1290,2
443,764,19
443,2891,4
443,2892,3
443,2893,4
443,2894,4
443,2896,4
443,2659,5
443,1401,5
443,2710,2
443,2698,4
443,2907,2
443,2908,3
443,2909,3
443,2910,3
443,2911,3
443,676,13
443,2939,14
443,2940,14
443,2941,14
443,2942,21
443,2943,12
443,2944,21
443,2945,14
443,2946,13
443,2947,11
443,2948,11
443,2949,2
443,2950,11
443,2966,13
443,2967,3
443,2990,2
443,505,2
443,492,4
443,1460,5
443,3066,10
443,2926,11
443,671,11
443,3078,11
443,3080,7
443,2421,9
443,3081,10
443,1792,11
443,3082,10
443,3099,3
443,3100,2
443,2298,3
443,3101,2
443,3102,2
443,3103,2
443,3104,2
443,3105,2
443,3106,2
443,2595,2
443,3107,2
443,3108,2
443,3109,2
443,2960,2
443,3110,2
443,2954,2
443,3111,2
443,3112,2
443,3113,2
443,3114,2
443,3115,2
443,2617,2
443,2989,2
443,3116,2
443,3069,4
443,3135,2
443,2036,3
443,1310,2
443,3183,2
443,477,2
443,962,7
443,667,4
443,924,3
443,2952,2
443,3231,2
443,3232,2
443,3028,9
443,2791,2
443,2023,2
443,2716,2
443,3128,2
443,1255,2
443,3068,2
443,1607,2
443,3438,2
443,476,2
443,615,2
443,3457,2
443,2861,5
443,3484,2
443,3485,2
443,3486,2
443,2501,2
443,1461,2
443,3126,6
443,3487,2
443,3488,2
443,3489,2
443,3490,2
443,3491,2
443,677,2
443,1125,2
443,2727,3
443,3533,2
443,3535,2
443,3536,2
443,3537,2
443,3538,2
443,3539,2
443,3540,2
443,2732,2
443,3541,2
443,1447,3
443,3543,2
443,796,4
443,3567,2
443,606,5
443,2331,2
443,1857,2
443,698,2
443,3582,2
443,800,4
443,2258,2
443,3877,5
443,3878,5
443,3879,4
443,3880,4
443,3881,4
443,3882,5
443,605,5
443,3883,5
443,949,7
443,3884,4
443,3885,4
443,3886,4
443,3887,4
443,3888,5
443,2642,5
443,506,2
443,3990,2
443,3991,2
443,3992,2
443,1153,2
443,3993,2
443,4066,3
443,4074,3
443,4075,2
443,4067,2
443,2546,5
443,4121,3
443,4122,2
443,1587,2
443,3006,2
443,4257,2
443,2459,5
443,2589,3
443,2801,2
443,4296,2
443,1699,2
443,2311,2
443,577,2
443,4317,2
443,451,10
443,4333,7
443,453,9
443,4133,2
443,4334,2
443,4335,3
443,4336,3
443,4337,2
443,4338,2
443,4339,3
443,2900,3
443,1769,5
443,4340,4
443,4341,6
443,767,5
443,768,10
443,587,5
443,1550,2
443,4361,3
443,4362,2
443,581,2
443,4363,2
443,4391,3
443,3766,2
443,4394,2
443,3856,2
443,916,2
443,4571,5
443,617,3
443,4578,2
443,4579,2
443,4580,2
443,4581,4
443,4582,2
443,4589,2
443,4590,2
443,4591,2
443,4126,2
443,4750,3
443,1750,4
443,2863,3
443,4751,4
443,2746,2
443,3572,2
443,4893,2
443,4894,2
443,5034,4
443,5035,6
443,659,2
443,660,2
443,5365,2
443,531,2
443,5366,2
443,5574,4
443,886,4
443,3706,2
443,4275,3
443,5553,2
443,5554,2
443,2034,4
443,5120,2
443,5581,2
443,2427,2
443,5582,2
443,1560,2
443,3789,2
443,867,3
443,3871,3
443,1005,2
443,2784,7
443,5621,2
443,5624,3
443,5625,2
444,445,3
444,2698,2
444,543,2
444,1326,2
445,446,2
445,686,3
445,992,17
445,453,38
445,993,18
445,994,15
445,995,2
445,996,2
445,997,17
445,890,21
445,998,3
445,872,17
445,873,17
445,999,2
445,483,5
445,1000,15
445,1033,11
445,1034,2
445,1035,12
445,1036,7
445,630,6
445,1066,7
445,1071,9
445,1060,2
445,1289,3
445,1290,3
445,892,2
445,553,2
445,1310,2
445,554,2
445,1309,2
445,458,3
445,1401,5
445,1403,2
445,604,2
445,580,3
445,666,2
445,667,2
445,707,2
445,2032,2
445,646,2
445,1598,10
445,2626,10
445,1182,3
445,2640,11
445,875,7
445,2647,4
445,1078,2
445,2648,8
445,2649,2
445,2259,3
445,2869,2
445,703,2
445,606,2
445,2698,2
445,2885,2
445,676,3
445,764,3
445,2710,3
445,462,2
445,3011,2
445,2976,4
445,2800,5
445,1265,5
445,3012,5
445,1132,3
445,889,3
445,3013,4
445,2509,4
445,2747,4
445,3014,4
445,3023,2
445,2718,2
445,1695,2
445,2766,2
445,1857,3
445,3009,2
445,2951,2
445,2393,2
445,771,2
445,3551,2
445,2402,2
445,3552,2
445,542,2
445,2459,2
445,949,2
445,2659,8
445,1449,16
445,3860,2
445,3861,4
445,581,6
445,3862,4
445,3866,3
445,3867,2
445,1087,3
445,3872,2
445,2501,2
445,2742,4
445,3228,5
445,3906,2
445,965,6
445,3857,3
445,878,2
445,2861,3
445,853,2
445,1249,13
445,4541,21
445,4542,5
445,4543,13
445,4474,20
445,4544,9
445,4549,2
445,4552,2
445,4550,2
445,615,3
445,4551,6
445,4814,2
445,1203,2
445,2890,2
445,4815,2
445,577,2
445,1522,2
445,2784,2
445,5539,2
445,5540,2
445,3825,2
445,1980,2
445,1737,2
445,5541,2
445,5542,2
445,5543,2
445,5544,2
445,5545,2
445,5546,2
445,4672,2
445,5547,2
447,615,2
447,775,2
447,776,2
447,777,2
447,778,2
448,449,2
448,557,2
448,558,20
448,559,11
448,560,16
448,595,8
448,681,6
448,739,2
448,1161,2
448,4397,4
449,916,2
449,917,57
449,919,12
449,1554,8
449,1557,6
449,1574,2
449,1575,4
449,1576,3
449,724,10
449,1619,5
449,1620,4
449,974,5
449,931,13
449,864,4
449,1879,4
449,1880,3
449,1881,4
449,1882,4
449,1883,3
449,1884,4
449,536,5
449,1906,3
449,1908,3
449,1909,4
449,1232,2
449,1979,4
449,1980,3
449,634,2
449,1981,2
449,1982,3
449,1987,4
449,979,2
449,735,8
449,2591,4
449,1389,4
449,2608,3
449,2699,2
449,1674,2
449,595,7
449,1161,2
449,1174,2
449,474,2
449,1143,10
449,3307,2
449,3516,2
449,2286,2
449,1550,2
449,1961,4
449,2734,2
449,2329,3
449,1117,2
449,696,2
449,2246,2
449,4104,3
449,2004,2
449,4106,2
449,3666,2
449,4105,2
449,705,3
449,4173,3
449,4175,2
449,4174,3
449,840,2
449,4211,3
449,4206,3
449,3801,2
449,1652,3
449,2132,3
449,801,3
449,2355,3
449,594,3
449,844,2
449,2812,2
449,811,3
449,1642,2
449,2130,4
449,5337,3
449,5338,2
449,1141,6
449,5397,2
449,5496,2
449,5497,6
449,4734,9
449,4722,5
449,5498,6
449,5514,3
449,5515,2
449,1649,2
449,5516,2
449,5551,3
451,499,2
451,764,2
451,514,2
451,765,2
451,766,2
451,767,7
451,768,15
451,769,2
451,770,3
451,2900,4
451,962,6
451,3766,4
451,3780,2
451,3769,2
451,3770,2
451,2030,2
451,3999,4
451,4000,4
451,1769,12
451,4001,4
451,4002,4
451,4003,2
451,4005,5
451,4007,3
451,4008,4
451,4009,3
451,4010,4
451,1775,2
451,4021,3
451,4079,3
451,3608,3
451,3617,2
451,4080,3
451,4081,2
451,4077,3
451,4082,3
451,4083,2
451,1222,2
451,4098,2
451,4333,7
451,453,7
451,4133,2
451,4334,2
451,4335,3
451,4336,3
451,4337,2
451,4338,2
451,4339,3
451,4340,4
451,4341,6
451,587,5
451,718,6
451,483,7
451,4361,3
451,4362,2
451,581,2
451,4363,2
451,924,2
451,4391,3
451,4394,2
451,4571,5
451,617,3
451,4578,2
451,4579,2
451,4580,2
451,4581,4
451,4582,2
451,4589,2
451,4590,2
451,4591,2
451,4126,2
452,2645,2
452,1222,4
452,1150,2
452,1053,2
453,628,7
453,630,10
453,631,5
453,629,30
453,658,2
453,659,6
453,662,24
453,663,2
453,660,9
453,664,2
453,870,5
453,871,9
453,872,31
453,873,28
453,875,24
453,874,7
453,992,24
453,993,21
453,994,21
453,995,2
453,996,2
453,997,20
453,890,31
453,998,4
453,999,2
453,483,10
453,1000,24
453,1033,12
453,1034,2
453,1035,13
453,1036,13
453,1047,2
453,1060,4
453,1066,9
453,1071,9
453,1077,3
453,1078,12
453,1079,2
453,1132,6
453,1265,17
453,962,7
453,955,2
453,665,2
453,1363,7
453,1365,18
453,1366,12
453,1375,14
453,1383,2
453,1384,4
453,1329,5
453,1917,4
453,1922,4
453,1923,6
453,1444,5
453,2064,23
453,1598,13
453,2626,13
453,1182,3
453,2640,15
453,2641,3
453,2643,2
453,2647,24
453,2648,33
453,2649,2
453,2259,6
453,2800,15
453,2976,9
453,2978,25
453,2977,2
453,3011,2
453,3012,5
453,889,8
453,3013,11
453,2509,10
453,3015,3
453,3016,2
453,2747,9
453,3014,9
453,686,3
453,844,2
453,3023,2
453,3024,2
453,563,5
453,3322,15
453,606,6
453,1125,5
453,646,2
453,838,6
453,1980,5
453,2130,16
453,3548,21
453,3549,15
453,3550,13
453,1587,15
453,3559,8
453,3563,3
453,3564,4
453,3565,2
453,3566,3
453,497,4
453,3686,9
453,1408,4
453,1559,3
453,533,4
453,3995,2
453,3996,2
453,2861,3
453,4333,6
453,4133,2
453,4334,2
453,4335,3
453,4336,3
453,4337,2
453,4338,2
453,4339,3
453,2900,3
453,1769,4
453,4340,4
453,4341,5
453,767,4
453,768,7
453,587,5
453,718,5
453,4445,2
453,4391,2
453,4571,5
453,617,3
453,4578,2
453,4579,2
453,4580,2
453,4581,4
453,4582,2
453,4589,2
453,4590,2
453,4591,2
453,4126,2
453,4690,7
453,3135,16
453,4691,16
453,4692,2
453,4693,3
453,4694,18
453,2517,3
453,4699,3
453,4708,2
453,4786,8
453,4787,10
453,469,6
453,4788,6
453,688,3
453,724,3
453,3685,4
453,811,4
453,877,3
453,4977,3
453,864,3
453,5103,4
453,865,3
453,5098,3
453,3408,3
453,5141,2
453,5400,11
453,681,13
453,5401,8
453,5402,8
453,5406,2
453,5412,4
453,3400,2
453,3401,2
453,5517,2
453,5605,3
453,5606,3
453,5609,2
453,1377,2
453,5626,3
453,5627,4
454,1536,2
454,587,2
454,2279,4
454,2280,4
454,2379,4
454,2281,6
454,2282,5
454,2380,5
454,2381,4
454,1146,9
454,2876,3
454,2495,3
454,3341,2
454,3342,3
454,3343,3
454,3344,3
454,3345,3
454,566,3
454,1255,3
454,2968,2
454,3346,2
454,2182,5
454,700,5
454,5185,5
454,2869,5
454,5186,5
454,5190,3
454,5163,3
454,2549,3
454,5191,3
454,5192,3
454,594,3
454,4656,3
454,5193,3
456,457,15
456,458,2
456,465,2
456,464,6
456,466,2
456,473,8
456,481,2
456,555,2
456,554,6
456,483,8
456,551,3
456,603,2
456,553,4
456,604,7
456,606,4
456,607,2
456,608,5
456,609,2
456,610,3
456,621,2
456,619,2
456,620,2
456,622,4
456,623,3
456,668,2
456,667,2
456,927,2
456,502,2
456,637,2
456,1286,2
456,1270,2
456,552,2
456,1309,3
456,1431,2
456,1553,2
456,1607,2
457,465,2
457,473,8
457,481,2
457,2208,12
457,2570,5
457,2571,11
457,2572,11
457,2573,4
457,2574,11
457,1578,10
457,533,25
457,1389,11
457,715,10
457,2575,30
457,1729,12
457,532,2
457,1978,3
457,2584,3
457,1428,16
457,2915,25
457,2072,4
457,3599,6
457,2355,17
457,3637,2
457,2748,3
457,3708,3
457,1639,11
457,3709,6
457,3710,2
457,2086,3
457,3730,3
457,1606,2
457,1607,2
457,3898,2
457,2729,2
457,3820,2
457,4440,13
457,3797,14
457,3804,4
457,5070,10
457,2535,11
457,2221,4
457,5076,2
457,2585,2
457,5593,2
457,5612,13
457,5616,10
457,5594,7
457,5613,2
457,5617,3
458,554,3
458,483,7
458,551,3
458,553,3
458,1309,2
458,1306,2
458,1429,2
458,1431,2
458,1430,2
458,552,2
458,1434,2
458,604,2
458,1393,2
458,619,2
458,1435,2
458,620,2
458,724,3
458,1755,8
458,1765,2
458,1329,2
458,1782,6
458,1783,6
458,821,6
458,1784,6
458,1785,6
458,1786,6
458,822,6
458,1787,6
458,1788,6
458,1793,6
458,1789,6
458,1790,6
458,1791,6
458,909,2
458,836,6
458,2629,7
458,868,7
458,2322,6
458,2638,3
458,990,2
458,3178,2
458,2685,2
458,3179,2
458,2225,2
458,736,2
458,3180,2
458,2342,2
458,2343,2
458,1864,2
458,3181,2
458,2344,2
458,2345,2
458,1359,2
458,3182,2
458,1107,2
458,3082,2
458,1101,2
458,4554,2
458,4555,2
458,4556,2
458,3476,2
458,4557,2
458,4558,2
458,4559,2
458,1242,2
458,1204,2
458,3483,2
458,4560,2
458,4868,2
458,1376,4
458,4857,4
458,4869,5
458,4870,2
458,4871,5
458,4872,4
458,4155,5
458,4873,5
458,664,5
458,608,5
458,696,5
458,4874,4
458,4875,5
458,4878,2
458,965,3
458,682,2
458,2784,4
459,460,4
459,461,3
459,462,3
459,468,2
459,469,3
459,470,2
460,463,26
460,461,3
460,462,3
460,468,2
460,469,3
460,470,3
460,703,2
460,704,5
460,1996,5
460,799,16
460,2275,2
460,1228,13
460,2778,2
460,2779,6
460,2780,5
460,2815,4
460,2816,2
460,2817,5
460,2818,15
460,2820,2
460,2819,3
460,2860,4
460,1289,3
460,3333,3
460,4215,2
460,4216,4
460,3036,2
460,4313,5
460,4319,2
460,1213,5
460,1052,3
461,462,3
461,468,2
461,469,2
461,470,2
462,468,2
462,469,2
462,470,2
463,1996,5
463,799,10
463,1228,6
463,2778,2
463,2779,6
463,2780,5
463,2815,3
463,2816,2
463,2817,4
463,2818,5
463,2820,2
463,2819,2
463,2860,3
463,1289,4
463,704,6
463,3333,4
463,4215,2
463,4216,4
463,3036,2
463,1213,5
463,1052,3
464,554,2
464,483,3
464,530,15
464,531,24
464,532,5
464,578,8
464,533,26
464,582,6
464,583,13
464,551,2
464,603,2
464,553,2
464,604,9
464,605,2
464,606,2
464,607,2
464,608,5
464,609,2
464,610,3
464,590,22
464,654,14
464,592,21
464,613,23
464,593,24
464,594,18
464,689,4
464,589,4
464,586,5
464,1553,2
464,1309,2
464,1955,3
464,1956,3
464,1957,4
464,1958,3
464,1959,4
464,1960,2
464,1479,4
464,1389,4
464,666,5
464,1997,2
464,1998,2
464,1999,6
464,673,2
464,2000,2
464,2001,2
464,2002,2
464,536,2
464,3836,2
464,4605,3
464,2922,2
464,4606,2
464,1772,4
467,589,2
468,469,2
468,470,2
468,2006,2
468,2007,2
469,470,2
469,546,2
469,548,2
469,547,2
469,719,2
469,714,2
469,1214,3
469,1252,2
469,1506,2
469,1531,2
469,606,6
469,676,2
469,563,5
469,4786,4
469,4787,5
469,3322,6
469,1125,4
469,4788,6
471,472,3
471,1875,2
472,496,2
472,2391,4
472,3970,3
472,671,3
472,637,4
472,5012,3
472,5013,3
472,5014,3
472,673,4
472,3228,4
472,676,3
472,5015,4
472,5016,3
472,5017,3
472,5018,4
472,2355,4
472,2079,4
472,5025,2
472,5026,2
472,636,2
474,1554,2
474,2699,2
474,1674,2
474,595,2
474,1161,2
474,1174,2
474,1143,2
474,917,2
474,1560,2
475,485,4
475,486,6
475,487,3
475,499,2
475,1471,2
475,1472,2
475,1473,2
475,1474,2
475,1475,2
475,1476,2
475,1477,2
475,1478,2
475,1479,2
475,518,2
475,988,3
475,1546,11
475,646,5
475,564,2
475,1264,2
475,2525,2
475,1569,3
476,3438,3
477,1310,2
477,3183,2
477,2698,2
477,5447,2
477,5453,2
477,5454,2
477,2746,2
477,1206,2
477,1266,2
477,5455,2
479,1846,2
479,1847,2
479,1430,2
479,1848,2
479,1120,2
480,1509,2
480,2659,2
482,483,2
483,554,6
483,551,5
483,553,4
483,604,4
483,606,2
483,607,3
483,608,3
483,609,2
483,610,3
483,619,2
483,620,2
483,622,2
483,623,2
483,992,2
483,993,2
483,994,2
483,995,2
483,996,2
483,997,2
483,890,2
483,998,2
483,872,9
483,873,2
483,999,2
483,1000,2
483,1255,2
483,1309,3
483,1306,2
483,1429,2
483,1431,3
483,1430,2
483,797,2
483,1563,2
483,1564,2
483,2077,5
483,2078,4
483,1776,11
483,2861,3
483,3368,2
483,2867,3
483,3369,2
483,2459,2
483,4333,6
483,962,5
483,4133,2
483,4334,2
483,4335,3
483,4336,3
483,4337,2
483,4338,2
483,4339,3
483,2900,3
483,1769,4
483,4340,4
483,4341,5
483,767,4
483,768,7
483,587,5
483,718,5
483,4391,2
483,4571,5
483,617,3
483,4578,2
483,4579,2
483,4580,2
483,4581,4
483,4582,2
483,4589,2
483,4590,2
483,4591,2
483,4126,2
483,4176,2
483,865,2
483,4636,2
483,4637,2
483,4638,2
483,4639,2
483,3453,2
483,4640,2
483,4641,2
483,2184,2
483,4642,2
483,4643,2
483,4644,2
483,4645,2
483,3457,2
483,4933,6
483,4934,7
483,4935,6
483,4936,6
483,2180,7
483,4937,3
483,4944,3
483,2179,2
483,5592,2
483,5593,2
483,5594,2
483,4259,2
485,486,25
485,487,15
485,488,2
485,489,17
485,499,4
485,537,2
485,3224,6
485,724,15
485,3230,4
485,3225,10
485,3226,8
485,673,11
485,531,9
485,3227,6
485,2616,9
485,3228,7
485,1456,10
485,1525,15
485,677,15
485,1770,10
485,3229,4
485,931,8
485,3300,2
485,533,8
485,864,11
485,2805,3
485,2807,3
485,2092,2
485,3776,6
485,3777,3
485,1835,3
485,1523,3
485,2585,3
485,3935,5
485,3937,3
485,3940,2
485,1169,6
485,2006,2
485,3941,4
485,2806,2
485,3870,4
485,3942,2
485,3932,14
485,3933,14
485,3934,12
485,3931,2
485,3936,3
485,3968,10
485,3982,11
485,3983,11
485,581,9
485,3984,13
485,3975,2
485,3997,2
485,1796,2
485,928,19
485,2229,13
485,1277,18
485,2479,6
485,2782,3
485,4006,3
485,4015,2
485,4016,2
485,914,2
485,4054,2
485,525,2
485,4059,2
485,1170,2
485,5119,2
485,5128,2
486,487,47
486,488,8
486,489,40
486,499,13
486,537,6
486,724,2
486,864,5
486,1794,10
486,1443,2
486,1795,5
486,575,5
486,1796,46
486,1798,3
486,1841,2
486,2226,3
486,2228,8
486,764,12
486,3173,9
486,3174,3
486,2298,4
486,508,2
486,905,4
486,3192,2
486,3204,2
486,2926,2
486,3340,3
486,3355,9
486,3731,2
486,3732,2
486,3120,2
486,3733,2
486,3734,2
486,3735,8
486,3077,8
486,3811,14
486,3812,14
486,2585,14
486,3788,12
486,3813,14
486,3931,6
486,3932,24
486,3933,24
486,3934,22
486,3943,3
486,946,2
486,3968,11
486,3982,11
486,3983,12
486,581,10
486,3984,13
486,3975,2
486,3997,2
486,1078,12
486,4052,13
486,4053,12
486,4064,8
486,1198,3
486,878,4
486,4282,4
486,4283,5
486,4284,5
486,1157,5
486,4285,5
486,4286,5
486,853,4
486,3637,5
486,1547,8
486,4783,4
486,4953,4
486,1366,2
486,577,2
486,5027,10
486,1087,7
486,5028,9
486,736,2
486,5029,10
486,930,9
486,931,7
486,3370,2
486,5146,3
486,5147,3
486,5155,3
486,5353,11
486,5354,10
486,3901,11
486,632,7
486,5317,7
487,488,4
487,489,16
487,499,3
487,537,4
487,1794,5
487,1795,3
487,575,4
487,1796,15
487,3204,2
487,2926,2
487,3731,2
487,3732,2
487,3120,2
487,3733,2
487,3734,2
487,3735,3
487,3077,5
487,2228,4
487,2298,2
487,3932,14
487,3933,14
487,3943,2
487,3934,13
487,3931,3
487,3968,7
487,3982,5
487,3983,6
487,581,6
487,3984,6
487,3997,2
487,511,2
487,878,2
487,4282,2
487,4283,2
487,4284,2
487,1157,2
487,4285,2
487,4286,2
487,853,2
487,3637,2
487,1198,2
487,1366,2
487,3340,2
487,577,2
487,5027,6
487,1087,5
487,5028,6
487,736,2
487,5029,6
487,930,5
487,931,5
487,4783,2
487,5353,5
487,5354,4
487,3901,5
487,3788,5
487,632,2
487,5317,2
488,489,2
488,1796,5
488,864,2
488,4783,2
488,5027,3
488,5029,3
488,930,2
488,1087,2
488,5028,2
489,3932,23
489,3933,23
489,3934,21
489,3943,3
489,3931,5
489,905,2
489,3982,11
489,3983,12
489,581,10
489,3984,13
489,3968,10
489,3975,2
489,3997,2
489,1796,2
489,537,2
489,499,10
489,1078,11
489,4052,12
489,4053,11
489,3811,12
489,3812,12
489,2585,12
489,3813,12
489,4064,8
490,491,2
490,492,2
490,493,4
490,494,3
490,499,2
490,502,3
490,514,2
490,505,2
490,515,2
490,506,2
490,510,3
490,1837,2
490,3920,3
490,3921,3
490,4024,3
490,3922,3
490,3923,3
490,1988,3
490,3551,3
490,4025,2
490,2746,3
490,3465,3
490,3924,3
490,3926,3
490,3552,3
490,1150,3
490,1709,3
490,3927,3
491,492,3
491,493,3
491,494,2
491,498,3
491,499,2
491,511,2
491,500,3
491,512,2
491,513,2
491,502,3
491,514,2
491,503,2
491,515,2
491,506,2
491,510,5
491,1803,2
491,3560,2
491,3694,2
491,846,2
492,493,12
492,494,5
492,497,7
492,498,5
492,499,11
492,511,4
492,500,5
492,501,4
492,512,2
492,502,19
492,514,6
492,503,7
492,504,8
492,505,4
492,521,3
492,506,14
492,507,5
492,508,2
492,516,4
492,509,2
492,510,15
492,523,2
492,517,2
492,705,3
492,537,6
492,771,3
492,987,2
492,988,3
492,989,3
492,1055,4
492,1052,4
492,899,3
492,1053,2
492,1098,2
492,1525,3
492,1526,2
492,1567,3
492,1311,5
492,1061,2
492,1569,3
492,724,2
492,974,2
492,864,3
492,1844,3
492,1375,2
492,1548,9
492,1095,6
492,1794,2
492,2124,2
492,2125,2
492,1460,3
492,1836,3
492,2352,2
492,1865,2
492,1425,2
492,2331,2
492,931,2
492,2562,4
492,983,3
492,2058,2
492,2338,2
492,2615,2
492,1237,2
492,2613,2
492,2614,2
492,928,2
492,2229,2
492,1355,2
492,973,2
492,3067,2
492,1146,2
492,962,3
492,3361,2
492,3630,2
492,3560,2
492,3694,2
492,846,2
492,3696,2
492,732,4
492,1236,2
492,3778,2
492,2232,3
492,4287,2
492,996,2
492,2525,2
492,4905,2
492,1989,2
492,5243,2
493,494,6
493,497,4
493,499,6
493,500,2
493,501,2
493,512,3
493,502,16
493,514,4
493,503,7
493,504,8
493,505,3
493,515,2
493,506,7
493,522,2
493,507,3
493,508,2
493,516,4
493,510,13
493,523,2
493,517,2
493,988,3
493,537,4
493,1548,4
493,646,2
493,1567,2
493,1311,2
493,1061,2
493,1422,3
493,899,4
493,1572,2
493,1624,2
493,1837,3
493,1797,2
493,1844,4
493,1862,2
493,1861,2
493,1095,3
493,1794,2
493,705,2
493,2111,2
493,1054,2
493,2058,2
493,973,2
493,2232,2
493,3077,2
493,732,3
493,3778,2
493,1183,2
493,2928,2
493,3694,2
493,4367,2
493,846,2
493,1454,2
493,1163,2
493,1164,2
493,5243,2
494,497,2
494,499,2
494,512,2
494,502,7
494,514,3
494,503,2
494,504,2
494,506,4
494,507,2
494,510,4
494,523,2
494,517,2
494,1095,2
494,2232,2
497,498,2
497,499,2
497,500,2
497,501,2
497,502,8
497,503,2
497,504,5
497,505,2
497,506,7
497,507,2
497,508,2
497,509,2
497,510,5
497,537,2
497,1311,2
497,1061,2
497,724,2
497,1843,2
497,1844,3
497,1375,2
497,2614,2
497,2130,4
497,3993,2
497,4690,3
497,2647,3
497,3135,3
497,4691,3
497,4692,2
497,2648,3
497,4693,2
497,4694,3
497,2064,2
498,499,3
498,511,2
498,512,2
498,513,2
498,502,2
498,514,3
498,503,2
498,515,2
498,506,3
498,508,2
498,510,4
498,771,2
498,1055,2
498,2613,2
498,1311,2
498,3560,2
498,3694,2
498,846,2
499,500,3
499,501,3
499,512,2
499,513,2
499,502,7
499,514,10
499,503,2
499,504,3
499,505,5
499,506,3
499,508,2
499,516,2
499,510,7
499,517,2
499,537,5
499,705,3
499,764,11
499,771,3
499,768,3
499,973,2
499,1567,3
499,1169,3
499,1170,3
499,1055,2
499,1237,2
499,2614,2
499,1460,2
499,2942,2
499,2944,2
499,1355,3
499,3097,2
499,664,2
499,2926,2
499,3189,2
499,1844,2
499,3244,2
499,2985,3
499,571,4
499,3701,4
499,2775,2
499,3068,3
499,732,2
499,1078,10
499,4052,10
499,4053,9
499,3811,10
499,3812,10
499,2585,10
499,3813,10
499,4064,8
499,1052,2
499,983,2
499,2525,3
499,1569,4
499,2624,2
499,1547,3
499,4731,2
499,536,2
499,2006,2
499,673,2
499,2393,2
499,4903,2
499,528,2
499,1989,2
499,4905,2
500,501,5
500,502,5
500,514,3
500,503,2
500,504,2
500,506,2
500,510,3
500,1569,3
500,1803,2
500,2024,10
500,1116,8
500,962,9
500,2025,9
500,1285,9
500,2026,10
500,1325,9
500,2027,8
500,2028,9
500,2029,8
500,1326,9
500,1349,8
500,1865,2
500,1806,2
500,2525,2
501,502,2
501,514,3
501,503,2
501,504,2
501,506,2
501,510,2
501,1569,3
501,2525,2
502,511,2
502,512,2
502,514,5
502,503,7
502,504,7
502,505,6
502,515,2
502,506,12
502,507,6
502,508,4
502,516,4
502,509,2
502,510,22
502,517,2
502,973,2
502,974,2
502,1062,3
502,537,4
502,1061,4
502,927,3
502,1311,6
502,1098,2
502,1422,6
502,899,4
502,1572,2
502,1803,2
502,1836,4
502,1837,3
502,1797,2
502,1843,2
502,988,2
502,1844,3
502,2005,3
502,1548,11
502,1095,4
502,1794,2
502,1460,2
502,724,2
502,2297,2
502,1806,2
502,2562,3
502,2058,3
502,1237,3
502,2614,3
502,2725,2
502,962,2
502,2352,3
502,1491,2
502,1865,2
502,1425,2
502,1031,2
502,2331,2
502,931,2
502,864,2
502,736,2
502,1052,2
502,2232,7
502,3077,2
502,732,2
502,3778,3
502,3993,2
502,1525,3
502,1623,2
502,1835,2
502,1526,2
502,3189,2
502,1355,2
502,5243,2
503,511,2
503,512,2
503,514,2
503,504,2
503,505,2
503,506,4
503,522,2
503,510,12
503,517,2
503,1311,3
503,2005,2
503,1548,3
503,1095,3
503,732,5
503,988,2
503,1355,2
503,1183,2
503,2928,2
503,3694,3
503,4367,2
503,846,3
503,1454,2
503,1163,2
503,1164,2
503,4472,2
503,1770,2
503,2018,2
503,1237,2
503,2232,3
504,512,2
504,505,2
504,521,3
504,506,5
504,507,3
504,508,2
504,510,3
504,537,2
504,1311,2
504,1844,2
504,1548,3
504,2562,2
504,1095,3
504,899,3
504,732,2
505,513,2
505,514,2
505,515,2
505,506,4
505,507,2
505,516,2
505,509,2
505,510,4
505,1836,3
505,1567,3
505,1548,2
505,2005,2
506,511,2
506,512,3
506,513,2
506,514,2
506,515,3
506,507,3
506,508,2
506,516,2
506,509,2
506,510,7
506,1311,3
506,1836,4
506,1253,2
506,732,2
506,1548,9
506,2005,2
506,1095,3
506,2337,2
506,736,2
506,1844,2
506,1236,3
506,3993,2
506,2338,2
506,2232,3
507,514,2
507,510,4
507,1844,2
507,2124,2
507,2562,2
507,1548,2
507,983,2
507,2352,2
508,510,3
508,1548,2
508,1460,2
508,1796,2
510,511,2
510,512,4
510,513,2
510,514,7
510,515,2
510,521,2
510,522,2
510,516,2
510,523,2
510,517,2
510,988,2
510,537,3
510,989,2
510,1311,5
510,1183,7
510,1422,3
510,1061,4
510,1623,2
510,1525,3
510,1593,2
510,1526,2
510,2005,2
510,1548,6
510,1460,2
510,724,2
510,1095,4
510,2337,2
510,973,4
510,2338,3
510,1146,2
510,1055,2
510,1237,4
510,2613,2
510,2725,2
510,962,3
510,2562,4
510,2352,3
510,1491,2
510,1865,2
510,1425,2
510,1031,2
510,2331,2
510,1355,4
510,1837,2
510,899,2
510,732,4
510,1353,2
510,3697,2
510,3560,3
510,771,2
510,3694,5
510,3592,2
510,846,7
510,1454,5
510,608,3
510,3696,3
510,3666,3
510,2232,5
510,3832,3
510,1163,4
510,2928,2
510,4367,2
510,3700,2
510,1164,2
510,4374,2
510,1236,2
510,4472,2
510,4473,2
510,1770,2
510,2889,2
510,1844,2
510,3189,2
510,4905,2
510,1757,2
510,5243,2
511,512,2
511,513,2
511,514,2
511,515,2
511,518,2
511,1714,2
511,878,2
511,853,2
512,513,2
512,519,2
512,514,3
512,515,2
512,732,2
512,1236,2
512,618,2
512,676,4
512,3959,2
512,3960,2
512,3961,2
512,3962,2
512,3963,2
512,1050,2
512,3964,2
512,2079,2
512,1183,2
512,3694,2
512,846,2
512,1454,2
512,3666,2
513,514,3
513,515,2
514,515,2
514,516,2
514,517,2
514,537,2
514,771,3
514,768,2
514,1146,2
514,3560,2
514,1095,2
514,1183,2
514,1055,2
514,2614,2
514,1567,2
514,2232,2
514,1052,2
514,2525,2
514,1569,2
514,4905,2
517,3185,17
517,3186,7
517,1797,9
517,1840,15
517,4811,2
517,5215,5
517,5216,5
517,821,7
517,5217,6
517,894,7
517,2225,9
517,5218,7
517,1355,6
517,3590,9
517,1347,6
517,5219,8
517,5226,7
517,5227,7
517,4616,6
517,5235,6
517,5236,6
517,5231,5
517,5237,6
517,5232,6
517,5233,6
517,5239,4
517,1309,4
517,5240,4
518,1471,2
518,1472,2
518,1473,2
518,1474,2
518,1475,2
518,1476,2
518,1477,2
518,1478,2
518,1479,2
518,1326,2
518,1733,2
518,797,3
518,934,4
518,4938,4
518,4939,3
519,520,2
520,710,2
520,5618,2
520,5619,2
520,711,2
520,5620,2
521,1548,2
523,561,2
523,563,3
523,1590,2
523,1591,2
523,1301,2
523,1302,2
523,1522,3
523,1592,2
523,1525,2
523,1593,2
523,1526,2
523,3471,3
524,3544,4
524,3545,2
524,3546,4
524,3547,3
524,1863,2
524,5090,2
524,946,2
524,1680,2
524,5091,2
524,5092,2
524,4060,2
525,671,5
525,858,3
525,853,3
525,878,4
525,1952,2
525,3045,2
525,3046,2
525,3047,2
525,3048,2
525,3049,2
525,3050,2
525,3051,2
525,983,2
525,3052,2
525,2569,2
525,3053,2
525,3054,2
525,3055,2
525,3056,2
525,3057,2
525,3058,2
525,3059,2
525,3060,2
525,3061,2
525,3062,2
525,3063,2
525,3064,2
525,3065,2
525,706,4
525,4055,4
525,4056,4
525,934,4
525,3568,4
525,4057,4
525,4058,4
525,3935,4
525,3936,4
525,4065,3
525,673,4
525,2861,3
526,2826,2
526,2827,2
526,2828,2
526,1928,2
526,2829,2
526,2830,2
526,2831,2
526,811,2
526,2832,2
526,2833,2
526,2834,2
526,2835,2
526,2836,2
526,2837,2
526,2838,2
526,2839,2
526,2191,2
526,1455,2
526,2840,2
526,2841,2
526,2842,2
526,1727,2
526,2843,2
526,2844,2
526,2845,2
526,2846,2
526,2847,2
526,2848,2
526,2849,2
526,2850,2
526,2851,2
526,2852,2
526,2853,2
526,2854,2
526,2855,2
526,2856,2
527,632,2
527,4763,2
527,796,2
527,4764,2
527,4765,2
527,682,2
527,528,2
527,4766,2
527,3087,2
527,4767,2
527,4768,2
527,1866,2
527,4769,2
527,3088,2
527,2861,2
527,4770,2
527,850,2
527,4771,2
527,4772,2
527,3090,2
527,3705,2
527,1193,2
528,3774,2
528,2069,3
528,595,2
528,4763,2
528,796,2
528,4764,2
528,4765,2
528,682,2
528,4766,2
528,3087,2
528,4767,2
528,4768,2
528,1866,2
528,4769,2
528,3088,2
528,2861,2
528,4770,2
528,850,2
528,4771,2
528,4772,2
528,3090,2
528,3705,2
528,1193,2
528,2393,6
528,771,2
528,4903,10
528,2402,3
528,3578,4
528,2525,11
528,1569,12
528,1989,12
528,4904,10
528,2218,11
528,4592,5
528,2994,3
528,4752,5
530,531,17
530,532,4
530,533,14
530,578,3
530,582,5
530,583,8
530,585,2
530,586,6
530,588,6
530,589,5
530,590,10
530,592,8
530,593,11
530,594,8
530,1714,3
530,4791,2
530,1702,4
530,1717,4
530,2357,5
530,4792,2
530,3704,2
530,4796,3
530,858,2
530,1704,4
530,2356,5
530,3705,4
530,4363,2
530,4815,3
530,3209,3
530,4826,3
530,3514,2
530,4658,3
530,2861,2
530,5350,3
530,613,8
530,689,3
530,5352,3
530,1772,3
531,532,18
531,533,49
531,578,9
531,582,5
531,583,13
531,584,2
531,585,2
531,586,6
531,589,5
531,590,20
531,591,2
531,592,19
531,593,20
531,594,17
531,598,2
531,599,2
531,600,2
531,601,2
531,613,19
531,654,11
531,1131,2
531,657,13
531,1315,5
531,1316,5
531,595,5
531,1317,2
531,1318,3
531,858,3
531,1319,2
531,1320,2
531,1321,2
531,1322,3
531,640,3
531,1323,5
531,1324,5
531,2233,8
531,2234,14
531,2245,2
531,1150,3
531,3224,6
531,724,8
531,3225,8
531,3226,8
531,673,9
531,3227,5
531,2616,9
531,3228,7
531,1456,8
531,1525,7
531,677,8
531,1770,7
531,3229,3
531,931,8
531,864,3
531,608,2
531,671,3
531,2373,3
531,4709,2
531,2664,2
531,4630,2
531,1772,2
531,5365,2
531,5366,2
531,5317,2
531,2329,2
532,533,43
532,578,3
532,583,2
532,651,4
532,734,5
532,733,5
532,735,9
532,751,2
532,908,3
532,1085,5
532,1086,2
532,1087,6
532,1088,5
532,1089,5
532,1090,5
532,1091,7
532,1092,5
532,1093,5
532,1128,3
532,2233,6
532,2234,10
532,657,6
532,2245,2
532,2208,2
532,715,2
532,2575,3
532,1578,3
532,1389,2
532,3444,2
532,615,2
532,2024,2
532,3445,2
532,3446,2
532,3447,2
532,3448,2
532,3449,2
532,3450,2
532,3451,2
532,1616,2
532,604,2
532,888,2
532,3452,2
532,3453,2
532,3454,2
532,1423,2
532,3455,2
532,667,2
532,3456,2
532,2036,2
532,2369,2
532,3457,2
532,646,6
532,590,2
532,613,2
532,594,2
532,1381,5
533,578,8
533,582,7
533,583,13
533,584,2
533,585,2
533,586,7
533,589,6
533,590,23
533,591,2
533,592,22
533,593,22
533,594,20
533,600,2
533,654,14
533,613,21
533,689,3
533,733,7
533,734,7
533,735,18
533,651,13
533,725,5
533,737,2
533,646,17
533,724,5
533,751,2
533,796,2
533,1085,6
533,1086,2
533,1087,6
533,1088,6
533,1089,6
533,1090,5
533,1091,9
533,1092,5
533,1093,5
533,1128,3
533,657,12
533,1408,6
533,1943,2
533,1944,2
533,1945,2
533,1946,2
533,1947,2
533,1948,2
533,648,2
533,1949,3
533,1950,2
533,640,2
533,2233,8
533,2234,14
533,2245,3
533,2365,3
533,2355,2
533,931,7
533,2366,2
533,1143,4
533,535,2
533,864,9
533,2208,10
533,2570,3
533,2571,9
533,2572,9
533,2573,2
533,2574,9
533,1578,22
533,1389,10
533,715,8
533,2575,28
533,1729,29
533,1978,3
533,1546,3
533,3225,5
533,3226,5
533,673,5
533,2616,5
533,3228,4
533,1456,5
533,1525,7
533,677,6
533,1770,6
533,3224,3
533,3227,2
533,3797,32
533,3846,10
533,3642,19
533,1428,18
533,1606,5
533,1607,4
533,3160,3
533,3898,2
533,3820,2
533,4015,2
533,4016,2
533,4087,15
533,4100,2
533,3819,2
533,2221,4
533,694,5
533,1576,3
533,4707,2
533,2154,2
533,3657,2
533,1834,2
533,688,7
533,687,2
533,5069,2
533,3804,4
533,5070,13
533,2535,13
533,2915,13
533,4440,11
533,5271,6
533,1381,12
533,878,4
533,3929,4
533,5319,2
533,5320,4
533,3781,3
533,5321,2
533,5322,3
533,5323,2
533,1560,3
533,5407,2
533,671,2
533,5408,2
533,5409,2
533,799,2
533,5410,2
533,5411,2
533,2079,2
534,959,2
534,960,2
534,961,2
534,736,3
534,677,3
534,1157,4
534,1360,3
534,1390,4
534,1361,2
534,724,6
534,974,8
534,2739,6
534,864,5
534,3200,2
534,916,2
534,1107,2
534,3463,2
534,3464,2
534,5230,4
534,667,3
534,1381,4
534,3590,3
534,577,2
535,646,2
535,864,5
535,1376,3
535,1381,2
535,1550,3
535,3356,3
535,2218,3
535,1494,3
535,1497,3
535,1498,3
535,3357,3
535,2863,3
535,3358,3
535,736,3
535,3359,3
535,1756,7
535,2861,2
535,3625,2
535,3626,3
535,3627,3
535,3628,2
535,594,3
535,654,2
535,1984,3
535,4422,3
535,4423,2
535,4424,2
535,930,2
535,3956,2
535,916,4
535,4463,2
535,795,10
535,1141,4
535,2129,3
535,5053,4
535,3667,3
535,1639,4
535,1761,3
535,5054,3
535,794,4
536,1851,9
536,1852,5
536,813,8
536,1425,10
536,1865,2
536,1481,2
536,1869,2
536,1879,4
536,1880,3
536,1881,4
536,1882,4
536,1883,3
536,1884,4
536,1906,3
536,1955,2
536,1997,2
536,1956,2
536,1957,2
536,1958,2
536,1998,2
536,1959,2
536,1999,2
536,673,2
536,2000,2
536,2001,2
536,1479,2
536,1389,2
536,2002,2
536,917,3
536,2764,3
536,2795,2
536,2061,2
536,2796,2
536,1467,2
536,1654,2
536,2525,2
536,1569,2
536,809,3
536,4343,5
536,4344,2
536,4345,2
536,4358,2
536,2624,2
536,1547,2
536,4731,2
536,3360,3
537,705,2
537,988,2
537,1061,2
537,2926,2
538,539,2
538,2383,2
538,671,3
538,2418,2
538,673,2
538,2419,2
538,3944,2
538,3945,2
538,836,2
538,3946,2
538,3947,2
538,3948,2
538,3949,2
538,3950,2
538,3951,2
538,3952,2
538,3953,2
538,2330,2
538,1723,2
538,1856,2
538,3954,2
538,3955,2
538,3956,2
538,3957,2
538,3958,2
538,4538,6
538,4539,7
538,3757,7
538,4201,2
538,1075,7
538,4540,6
538,2797,2
539,2459,3
539,1451,2
539,5574,2
539,886,2
539,4275,2
540,888,2
540,2093,2
540,2094,2
540,2095,2
540,885,2
540,969,2
540,1985,2
541,542,2
541,543,2
541,544,2
541,545,2
542,543,2
542,544,3
542,545,2
542,549,2
542,2459,3
542,949,2
543,544,3
543,545,2
543,550,2
543,1452,6
543,1376,2
543,1453,6
543,798,7
543,1454,7
543,1455,5
543,1456,6
543,1457,6
543,1458,6
543,1480,4
543,771,2
543,638,2
543,1163,2
543,3782,2
543,3783,2
543,646,2
543,2191,3
543,1287,4
543,3833,2
543,4375,2
543,3696,2
543,3666,3
543,1324,3
543,4446,2
543,4449,2
544,545,2
544,549,2
544,550,2
544,3624,6
544,5115,4
544,571,5
544,2510,4
544,5116,5
544,711,5
544,5117,5
544,5118,3
546,547,2
548,865,7
548,1002,4
548,1003,5
548,1004,3
548,948,4
548,1005,8
548,632,4
548,811,13
548,1006,9
548,1007,5
548,1008,5
548,1009,2
548,883,5
548,565,5
548,1010,5
548,1011,5
548,1023,4
548,1024,4
548,1025,4
548,1026,4
548,1027,4
548,1081,2
548,1082,3
548,949,2
548,1770,7
548,1107,2
548,868,7
548,886,5
548,690,3
548,4464,2
548,3320,2
548,996,3
548,4359,2
548,4465,3
548,4466,2
548,4467,2
548,4468,4
548,967,3
548,4469,2
548,2252,3
548,968,3
548,3696,2
548,4471,2
548,1576,2
548,667,2
548,4475,2
548,3834,3
548,1110,4
548,963,4
548,5120,3
548,2184,2
548,647,2
548,1331,5
548,863,2
548,5436,2
548,1075,5
548,2355,5
548,5414,5
548,2688,4
548,5437,2
548,5439,2
548,5574,2
548,1446,2
548,2459,2
548,1451,2
548,2034,2
548,3871,2
551,552,3
551,553,4
551,575,3
551,576,2
551,603,2
551,604,3
551,605,2
551,606,3
551,607,2
551,608,2
551,609,2
551,610,2
551,1431,3
551,1255,2
551,554,2
552,553,4
552,604,3
552,1434,2
552,1393,2
552,1435,2
552,620,2
553,603,2
553,604,3
553,605,2
553,606,2
553,607,2
553,608,2
553,609,2
553,610,2
553,554,2
553,1309,2
554,619,2
554,620,3
554,604,2
554,1286,2
554,1270,2
554,1309,3
554,950,2
554,1431,2
555,556,2
555,606,3
555,563,3
555,2746,5
555,3776,2
555,4356,9
555,4059,4
555,3551,3
555,4370,4
555,3170,4
555,2468,2
555,3552,3
555,1205,2
555,4487,2
555,1530,2
555,4428,2
555,4488,2
555,872,2
555,863,2
555,4479,2
555,4480,2
555,2283,2
555,4689,2
555,1910,2
555,1795,2
557,558,2
558,559,10
558,560,15
558,595,8
558,681,6
558,739,2
558,845,3
558,4397,3
559,560,11
559,595,6
559,681,3
560,595,8
560,681,6
560,739,2
561,562,2
563,575,4
563,1202,2
563,962,2
563,637,5
563,1294,2
563,1295,2
563,1296,2
563,1297,2
563,1298,8
563,1299,2
563,1300,2
563,1301,8
563,1302,8
563,1303,2
563,1304,2
563,1305,2
563,1590,4
563,1521,6
563,1591,4
563,1522,6
563,1523,6
563,1592,4
563,1525,6
563,1593,4
563,1527,4
563,1526,2
563,2036,2
563,1255,2
563,928,17
563,2229,5
563,606,18
563,1910,3
563,1795,4
563,1401,2
563,3037,16
563,3038,14
563,3041,16
563,2479,7
563,3039,13
563,3040,15
563,2477,17
563,2467,4
563,2330,2
563,1822,4
563,759,4
563,757,2
563,2920,2
563,2821,2
563,3198,2
563,3199,2
563,840,2
563,3200,3
563,1381,2
563,917,3
563,919,2
563,3322,5
563,1125,6
563,3367,2
563,2746,5
563,1515,3
563,1516,3
563,3572,5
563,698,4
563,3582,2
563,1834,2
563,4451,2
563,4452,2
563,4786,3
563,4787,4
563,4788,4
563,2861,4
563,4893,2
563,4894,2
563,1206,2
563,5324,2
563,5325,2
564,933,3
564,587,3
564,988,2
564,1546,3
564,2787,2
564,2785,5
564,704,5
564,3018,4
564,1255,4
564,764,3
564,1530,3
564,715,3
564,924,3
564,688,2
564,657,2
564,1171,2
564,4068,2
564,4069,2
564,4070,2
564,1206,2
564,4072,2
564,4306,2
564,4307,2
564,2574,2
564,4308,2
564,5458,3
564,5459,4
564,5463,2
565,865,5
565,1002,4
565,1003,5
565,1004,3
565,948,2
565,1005,5
565,632,4
565,811,5
565,1006,5
565,1007,5
565,1008,5
565,1009,2
565,883,5
565,1010,5
565,1011,5
565,1023,4
565,1024,4
565,1025,4
565,1026,4
565,1027,4
565,1081,2
565,2218,2
565,1497,2
565,1498,2
565,736,2
565,656,2
565,3557,4
565,3157,5
565,3558,5
565,3632,2
565,3629,4
565,3217,2
565,4280,2
565,5161,2
565,5375,2
565,5376,2
565,5377,2
565,5378,2
565,5379,2
565,5380,2
565,5381,2
565,5382,2
565,5383,2
566,1206,2
566,1266,2
566,2495,5
566,2111,4
566,2541,2
566,2542,2
566,2543,5
566,1677,5
566,2435,5
566,2876,3
566,3341,2
566,3342,3
566,3343,3
566,3344,3
566,3345,3
566,1255,3
566,2968,3
566,3346,2
566,1675,3
566,1993,2
567,5482,2
567,1705,4
567,4883,4
567,2307,4
567,1654,4
567,606,4
567,5483,4
567,5188,4
567,5484,2
567,5485,4
567,5490,2
567,2633,2
567,1536,3
567,5491,3
567,5492,2
568,569,2
568,570,2
569,570,2
571,572,5
571,573,5
571,574,5
571,614,2
571,1140,16
571,2618,2
571,1682,4
571,2711,8
571,2709,18
571,2510,5
571,863,2
571,2259,8
571,711,6
571,2985,17
571,1832,5
571,1531,5
571,764,8
571,1993,4
571,3302,2
571,1683,3
571,600,7
571,838,2
571,3928,2
571,4247,2
571,4248,2
571,1926,2
571,4249,2
571,4675,4
571,4676,4
571,2365,4
571,5115,4
571,3624,5
571,5116,5
571,5117,5
571,5118,3
571,5220,2
571,3070,17
571,2800,7
571,2225,3
571,5388,2
571,5389,2
571,5394,3
571,5465,2
572,573,5
572,574,5
573,574,8
573,3366,2
575,1202,2
575,1250,2
575,1795,6
575,1796,4
575,2226,2
575,1910,2
575,1677,2
575,3731,2
575,3732,2
575,3120,2
575,3733,2
575,3734,2
575,1198,2
575,1366,2
575,3340,2
575,577,2
575,1205,2
575,606,2
575,4356,2
576,2298,4
576,1256,2
576,2771,2
577,667,11
577,606,4
577,1522,3
577,3323,4
577,1687,3
577,2126,2
577,4296,5
577,2128,2
577,2311,5
577,2801,4
577,1416,4
577,1699,4
577,4314,2
577,4315,2
577,4316,2
577,4317,2
577,4353,3
577,582,3
577,4489,2
577,806,2
577,1204,4
577,1546,7
577,688,4
577,4660,4
577,865,8
577,2890,2
577,4974,2
577,1536,3
577,2030,3
577,1795,2
577,1796,2
577,1198,2
577,1366,2
577,3340,2
577,5152,2
577,5153,2
577,5148,3
577,5154,2
577,3136,3
577,743,2
577,5150,3
577,5230,12
577,974,3
577,1381,9
577,3590,9
578,585,2
578,586,2
578,590,6
578,654,6
578,592,5
578,613,6
578,593,5
578,594,3
580,707,6
580,1657,2
580,1658,4
580,684,5
580,1660,2
580,706,2
580,2428,2
580,2429,2
580,2430,4
580,2431,2
580,2432,2
580,1324,2
580,2433,2
580,2695,2
580,2696,2
580,2981,2
580,2982,2
580,2983,2
580,2984,2
581,1019,2
581,764,5
581,2659,18
581,3001,5
581,1097,5
581,3002,6
581,2891,11
581,1155,2
581,3003,5
581,677,6
581,3004,2
581,3005,2
581,3500,2
581,858,2
581,3495,2
581,3496,2
581,3466,3
581,3497,2
581,2894,2
581,3498,2
581,892,2
581,3499,2
581,3860,2
581,3861,2
581,3862,4
581,1449,8
581,1227,7
581,3717,8
581,2745,9
581,3718,8
581,3719,4
581,3720,8
581,3721,8
581,3866,3
581,3867,2
581,1087,3
581,3875,2
581,3876,4
581,3982,9
581,3983,10
581,3932,9
581,3933,9
581,3934,8
581,3984,9
581,3968,8
581,4361,2
581,4362,2
581,767,3
581,768,2
581,4363,2
581,924,2
581,5183,2
581,5184,3
581,3793,3
581,5452,2
581,1448,7
582,589,6
582,590,5
582,586,4
582,592,5
582,593,5
582,594,4
582,583,3
582,613,8
582,689,6
582,654,4
582,2801,3
582,4296,3
582,4353,3
582,1416,3
582,1699,3
582,2311,3
582,4489,2
582,5350,4
582,5352,3
583,589,9
583,598,2
583,590,12
583,599,2
583,600,2
583,601,2
583,592,12
583,593,12
583,594,12
583,586,4
583,613,14
583,654,3
583,1333,2
583,1388,2
583,664,2
583,1019,2
583,1334,2
583,1389,2
583,5350,2
583,689,2
583,5352,2
586,589,4
586,590,7
586,592,6
586,593,6
586,594,5
586,613,6
586,654,2
586,689,2
586,5352,2
587,932,2
587,933,4
587,1536,7
587,1872,5
587,606,2
587,1432,2
587,1873,5
587,1874,5
587,1875,5
587,1449,10
587,1206,5
587,1266,5
587,1876,5
587,1877,2
587,1878,5
587,3848,3
587,3849,3
587,1209,4
587,2659,3
587,3850,5
587,3851,4
587,3852,4
587,3853,4
587,3722,3
587,3854,2
587,935,2
587,1084,5
587,1194,6
587,4321,6
587,4322,6
587,4323,6
587,899,4
587,4324,5
587,3633,7
587,4325,7
587,4326,6
587,4327,6
587,1197,7
587,2861,8
587,4328,5
587,4329,6
587,4259,7
587,4330,7
587,4331,7
587,4332,7
587,4218,6
587,864,6
587,2284,7
587,4333,5
587,962,3
587,4133,2
587,4334,2
587,4335,3
587,4336,3
587,4337,2
587,4338,2
587,4339,3
587,2900,3
587,1769,3
587,4340,2
587,4341,3
587,767,3
587,768,5
587,718,3
587,4352,2
587,4578,2
587,4579,2
587,4580,2
587,4581,3
587,4582,2
587,4571,3
587,4589,2
587,4590,2
587,4591,2
587,1757,4
587,1756,3
587,2227,2
587,2731,3
588,3704,2
588,4796,3
588,858,2
588,1704,4
588,2356,6
588,2357,3
588,3705,4
588,4363,2
588,3209,2
588,1714,2
588,1702,2
588,1717,2
588,2861,2
588,4658,2
589,590,5
589,591,2
589,592,5
589,593,5
589,594,5
589,598,2
589,599,2
589,600,2
589,601,2
589,613,8
589,654,2
589,702,2
589,1332,2
589,1333,3
589,1019,3
589,1334,3
589,1388,2
589,664,2
589,1389,2
589,5350,5
589,689,5
589,5352,4
590,591,2
590,592,23
590,593,23
590,594,39
590,654,15
590,613,22
590,689,3
590,1638,4
590,1643,4
590,1644,4
590,1639,9
590,1645,2
590,1143,9
590,1622,4
590,1141,16
590,1640,3
590,2365,4
590,2355,2
590,931,4
590,868,9
590,4019,2
590,1968,2
590,2861,8
590,4020,2
590,2518,3
590,4650,2
590,1006,3
590,2450,3
590,4655,2
590,4651,3
590,2141,3
590,4654,3
590,4656,2
590,4652,9
590,4686,4
590,4840,3
590,2373,4
590,4841,4
590,2369,8
590,1684,2
590,4842,2
590,4843,2
590,1376,3
590,3685,4
590,5053,6
590,5056,2
590,5057,2
590,3667,2
590,1761,2
590,2129,2
590,864,2
590,5054,2
590,1232,2
590,724,2
590,811,2
590,836,5
590,5435,8
590,5436,7
590,1103,6
590,1075,2
590,1364,8
590,1331,8
590,5441,2
591,592,2
591,593,2
591,594,2
592,593,24
592,594,19
592,654,12
592,613,21
592,689,3
592,1770,3
592,865,2
592,1141,2
592,2358,2
592,798,2
592,2535,2
592,2906,2
592,949,2
592,2634,2
592,1143,2
593,594,19
593,654,12
593,613,21
593,689,3
593,1772,5
594,654,22
594,613,18
594,689,2
594,615,3
594,1249,3
594,1638,4
594,1643,4
594,1644,5
594,1639,8
594,1645,2
594,1143,15
594,1622,5
594,1141,15
594,1640,3
594,1642,2
594,1652,6
594,2354,3
594,2360,3
594,864,3
594,2361,2
594,2365,6
594,2355,7
594,931,5
594,2366,2
594,3625,3
594,3626,3
594,3627,4
594,3628,2
594,595,5
594,4206,5
594,3802,3
594,2132,5
594,801,5
594,917,5
594,4211,3
594,3801,2
594,4212,2
594,4653,2
594,2450,4
594,4651,4
594,2141,4
594,4654,4
594,4652,4
594,4650,2
594,1006,3
594,4655,2
594,4656,5
594,4607,3
594,4686,6
594,4687,2
594,2373,6
594,1770,3
594,4840,3
594,4841,3
594,4842,2
594,4843,2
594,1376,3
594,3685,2
594,5053,6
594,5056,2
594,5057,2
594,3667,2
594,2518,3
594,5163,10
594,1146,11
594,1147,5
594,5164,6
594,5165,8
594,5166,8
594,5167,8
594,606,8
594,5168,3
594,4967,7
594,5169,5
594,5170,2
594,5172,2
594,5190,3
594,2549,3
594,5191,3
594,5192,3
594,5193,3
595,681,5
595,1158,2
595,1159,2
595,1160,2
595,667,2
595,1050,2
595,1161,4
595,1162,2
595,1315,5
595,1316,7
595,1317,4
595,1318,4
595,858,5
595,1319,2
595,1320,3
595,1321,4
595,1322,4
595,640,4
595,1323,6
595,1324,7
595,1367,2
595,1674,4
595,1675,12
595,1554,2
595,2699,3
595,1174,3
595,1143,9
595,917,12
595,1962,2
595,899,2
595,3774,2
595,2069,2
595,3987,4
595,1408,11
595,2995,4
595,1536,8
595,1091,4
595,2221,4
595,3241,2
595,4027,2
595,606,2
595,4206,6
595,3802,4
595,1652,5
595,2132,6
595,801,8
595,2355,5
595,4211,5
595,3801,4
595,4212,2
595,1982,2
595,3699,2
595,3200,2
595,4631,2
595,657,2
595,931,10
595,4926,2
595,5040,7
595,1542,2
596,2861,2
597,914,2
597,915,2
598,599,2
598,600,2
598,601,2
599,600,2
599,601,2
600,601,2
600,3826,2
600,2985,3
600,5388,2
600,2709,5
600,5389,2
600,1140,2
600,3070,2
603,604,2
603,605,2
603,606,2
603,607,3
603,608,2
603,609,2
603,610,2
604,605,2
604,606,3
604,607,2
604,608,5
604,609,3
604,610,4
604,666,5
604,668,3
604,667,4
604,622,2
604,623,2
604,669,2
604,636,3
604,637,2
604,1287,2
604,1434,2
604,1393,3
604,1435,2
604,1309,2
604,620,2
604,724,2
604,1851,2
604,3444,2
604,615,2
604,2024,2
604,3445,2
604,3446,2
604,3447,2
604,3448,2
604,3449,2
604,3450,2
604,3451,2
604,908,3
604,1616,2
604,888,2
604,3452,2
604,3453,2
604,3454,2
604,1423,2
604,3455,2
604,3456,2
604,2036,2
604,2369,2
604,3457,2
604,1103,2
604,1654,2
604,2746,2
604,3836,3
604,4369,2
604,1163,2
604,3666,2
604,2160,2
604,3833,2
604,4605,3
604,1999,4
604,2922,2
604,4606,2
604,4108,4
604,4668,4
604,2195,4
604,2283,3
604,4674,4
604,4667,3
604,4677,3
604,899,2
604,2861,3
604,4669,3
604,4678,3
604,2381,3
605,606,2
605,607,2
605,608,2
605,609,2
605,610,2
605,3877,5
605,3878,5
605,3879,4
605,3880,4
605,3881,4
605,3882,5
605,3883,5
605,949,5
605,3884,4
605,3885,4
605,3886,4
605,3887,4
605,3888,5
605,2642,5
605,736,2
605,1449,5
605,3005,2
605,5099,4
605,5100,4
606,607,2
606,608,3
606,609,3
606,610,4
606,668,2
606,667,6
606,622,3
606,623,2
606,669,2
606,697,2
606,701,2
606,698,4
606,637,2
606,908,4
606,646,2
606,1779,3
606,1780,3
606,1781,3
606,672,3
606,1136,3
606,1872,4
606,1536,27
606,1432,9
606,1873,2
606,1874,8
606,1875,2
606,1449,8
606,1206,8
606,1266,2
606,1876,2
606,1877,8
606,1878,2
606,1910,3
606,1911,8
606,1255,3
606,1963,6
606,1964,6
606,1965,2
606,1966,6
606,1967,5
606,2283,2
606,796,2
606,916,4
606,2364,3
606,2511,3
606,703,2
606,1835,2
606,1522,3
606,2651,5
606,2652,20
606,2653,21
606,2654,23
606,2655,3
606,733,10
606,2656,8
606,2657,16
606,2658,12
606,2660,4
606,2661,4
606,2662,2
606,2667,2
606,2668,3
606,2669,2
606,3025,3
606,764,2
606,3026,2
606,3027,3
606,3028,3
606,1797,3
606,3029,2
606,3034,2
606,2986,2
606,2861,5
606,951,2
606,1250,2
606,1822,4
606,759,4
606,757,2
606,2920,2
606,2821,2
606,3198,2
606,3199,2
606,840,2
606,3200,3
606,1381,2
606,917,3
606,919,2
606,3322,5
606,1125,7
606,2746,5
606,1515,3
606,1516,4
606,3572,5
606,905,2
606,1541,2
606,1408,3
606,1834,2
606,1137,2
606,1401,2
606,4454,2
606,4453,2
606,4452,3
606,3837,4
606,4482,4
606,4483,4
606,1028,3
606,1029,4
606,4484,4
606,4485,3
606,3358,3
606,4486,4
606,1509,4
606,4561,2
606,1677,5
606,4574,3
606,4786,3
606,4787,4
606,4788,4
606,4893,2
606,4894,2
606,3506,2
606,5163,7
606,1146,8
606,1147,5
606,5164,6
606,5165,8
606,5166,8
606,5167,8
606,5168,3
606,4967,7
606,5169,5
606,5170,2
606,4356,3
606,5188,6
606,946,2
606,5324,2
606,5325,2
606,5370,2
606,634,8
606,882,2
606,1904,2
606,736,2
606,735,2
606,5371,2
606,5372,2
606,5482,2
606,1705,5
606,4883,5
606,2307,5
606,1654,5
606,5483,5
606,5484,3
606,5485,5
606,5490,2
606,2633,2
606,5491,3
606,5492,2
606,5648,4
606,5649,6
606,3160,2
606,5650,6
606,5651,5
606,1235,5
606,5652,6
606,5653,2
606,5654,5
606,5655,2
606,5656,4
606,1232,3
607,611,2
607,608,2
607,609,2
607,610,2
607,918,4
608,609,3
608,610,4
608,668,2
608,667,2
608,622,2
608,623,2
608,669,2
608,1232,2
608,1553,2
608,1309,2
608,878,2
608,853,2
608,771,3
608,1183,5
608,3560,2
608,3694,2
608,3592,3
608,846,4
608,1454,7
608,1399,2
608,3696,5
608,3666,5
608,1927,2
608,2928,4
608,4367,5
608,4398,2
608,1163,5
608,3835,2
608,3681,4
608,3682,3
608,905,3
608,3598,3
608,1164,5
608,3833,2
608,4400,2
608,4401,2
608,3828,3
608,1287,4
608,1324,4
608,3832,2
608,3836,2
608,1709,2
608,4441,3
608,4375,3
608,4442,2
608,4448,2
608,1331,4
608,3304,2
608,4733,2
608,4734,2
608,4868,2
608,1376,4
608,4857,4
608,4869,5
608,4870,2
608,4871,5
608,4872,4
608,4155,5
608,4873,5
608,664,5
608,696,6
608,4874,4
608,4875,5
608,4878,2
608,965,3
608,673,2
608,3517,2
608,1722,3
608,1150,2
608,4374,2
608,4709,3
608,5488,2
609,610,3
609,668,2
609,622,2
609,623,2
609,669,2
610,668,2
610,622,2
610,623,2
610,669,2
612,2901,2
613,654,14
613,689,6
613,5350,4
613,5352,3
615,775,2
615,776,2
615,777,2
615,778,2
615,804,7
615,1249,3
615,654,3
615,1775,3
615,1769,3
615,2135,3
615,2152,2
615,2153,2
615,1019,2
615,2824,3
615,2825,2
615,3444,2
615,2024,2
615,3445,2
615,3446,2
615,3447,2
615,3448,2
615,3449,2
615,3450,2
615,3451,2
615,908,2
615,1616,2
615,888,2
615,3452,2
615,3453,2
615,3454,2
615,1423,2
615,3455,2
615,667,2
615,2486,3
615,3456,2
615,2036,2
615,2369,2
615,3457,2
615,3701,3
615,3702,4
615,1426,6
615,2775,3
615,3703,3
615,2861,2
615,983,2
615,1832,2
615,1531,2
615,4305,2
615,2408,2
615,4502,2
615,4541,3
615,4543,3
615,4474,3
615,4551,2
615,1401,2
615,4809,2
615,4775,2
615,2365,2
615,3871,3
615,699,2
615,4246,3
615,4845,4
615,4846,3
615,4847,3
615,4848,3
615,673,4
615,4849,3
615,2898,3
615,932,3
615,3498,3
615,4850,3
615,1809,3
615,4851,3
615,3404,3
615,1449,4
615,2665,3
615,4852,3
615,4853,4
615,2415,4
615,2539,3
615,4856,2
615,4354,2
615,1550,2
615,5448,2
615,4259,2
615,896,2
615,5449,2
615,5450,2
615,2259,2
617,3311,2
617,3312,2
617,657,4
617,981,2
617,3316,2
617,3317,2
617,3318,2
617,3319,2
617,962,3
617,4571,3
617,4340,2
617,4341,3
617,768,3
617,718,3
617,4581,2
617,4333,2
617,4126,2
617,1769,2
617,767,2
618,1743,2
618,1744,2
618,1745,2
618,676,2
619,620,2
619,1433,2
620,1434,2
620,1393,2
620,1435,2
620,3304,2
620,771,2
620,5502,2
620,4709,2
620,5503,2
620,676,2
620,5504,2
620,968,2
621,622,2
621,623,2
622,623,4
622,668,2
622,669,2
622,682,2
623,668,2
623,669,2
623,682,2
625,2008,3
625,2009,3
625,2010,3
625,660,3
625,2011,3
625,2012,3
625,1442,3
625,2013,3
625,2014,2
625,2015,3
625,2016,3
625,1235,3
625,2017,3
625,1568,3
626,1675,3
626,764,3
626,3659,2
626,688,2
626,3009,2
626,3837,2
626,1729,2
626,1607,2
626,3838,2
626,3839,2
626,3840,2
626,3841,2
626,1839,2
626,3842,2
626,3336,2
626,3843,2
626,1072,3
626,4663,3
626,965,3
626,1096,3
626,4664,3
626,1629,3
626,4665,3
626,4666,3
626,4673,2
626,667,2
627,827,13
627,794,2
627,795,14
627,828,13
627,829,13
627,830,6
627,2251,13
627,2793,6
627,2794,6
627,2798,5
627,658,15
627,2864,15
627,2182,14
627,2865,3
627,2026,6
627,2866,4
627,2867,14
627,1461,3
627,1290,5
627,2868,15
627,2869,15
627,2870,5
627,1326,14
627,2871,14
627,2875,11
627,1733,6
627,2881,2
627,1756,3
627,962,2
628,629,7
628,662,6
628,1375,4
628,1365,6
628,1366,4
628,1363,2
628,2295,2
628,2296,2
629,630,4
629,662,24
629,663,2
629,1363,7
629,1365,18
629,1366,12
629,1375,14
629,1383,2
629,1384,4
629,1800,2
629,1104,3
629,1801,2
629,1802,3
629,1941,2
629,1942,2
629,4297,2
629,4298,2
629,3655,2
630,1033,2
630,992,2
630,993,2
630,994,2
630,997,2
630,890,2
630,872,2
630,873,2
630,1000,2
630,1375,2
630,1365,3
630,662,2
630,1384,2
630,1366,2
630,1598,2
630,2626,4
630,1182,2
630,1071,2
630,2640,2
631,1598,2
631,2976,3
631,2800,3
631,2648,3
631,875,3
631,1265,4
631,1066,2
631,4176,2
631,4177,2
631,4178,2
631,4179,2
631,1933,2
631,901,2
631,2585,2
631,4180,2
631,4181,2
631,4182,2
632,634,4
632,741,2
632,742,2
632,743,2
632,744,2
632,745,2
632,851,3
632,852,3
632,853,2
632,951,2
632,865,8
632,1002,3
632,1003,4
632,1004,3
632,948,2
632,1005,4
632,811,6
632,1006,4
632,1007,4
632,1008,4
632,1009,2
632,883,4
632,1010,4
632,1011,4
632,1023,3
632,1024,5
632,1025,3
632,1026,3
632,1027,3
632,1081,2
632,1082,4
632,1157,2
632,736,3
632,878,2
632,724,4
632,2443,2
632,2378,3
632,771,3
632,2477,3
632,657,2
632,2922,3
632,868,2
632,1141,2
632,949,2
632,1143,2
632,2482,2
632,3121,2
632,1124,2
632,3138,2
632,3139,2
632,2331,2
632,658,2
632,3870,2
632,4995,2
632,3872,2
632,5171,2
632,3836,2
632,1389,3
632,1250,3
632,1734,3
632,5174,2
632,5317,7
632,5353,7
632,5354,7
632,1796,7
632,3901,7
632,3788,7
632,5538,3
632,4709,3
632,5537,2
633,1171,6
633,1172,7
633,1178,2
633,1179,4
633,890,3
633,1190,3
634,1232,5
634,1979,2
634,1980,2
634,1981,2
634,1982,2
634,917,2
634,919,2
634,771,2
634,2477,3
634,657,2
634,5370,11
634,1087,8
634,1536,8
634,1677,9
634,882,9
634,1904,10
634,735,11
634,5371,7
634,5372,10
634,736,3
634,4452,2
634,974,2
634,5648,4
634,5649,7
634,4574,2
634,3160,2
634,5650,7
634,5651,5
634,1235,5
634,5652,6
634,5653,2
634,5654,5
634,5655,2
634,5656,4
635,5574,2
635,886,2
635,2459,2
635,2688,2
635,800,2
635,5553,2
635,971,2
635,5554,2
635,2034,2
636,637,6
636,1232,2
636,2355,3
636,2391,2
636,3970,2
636,5025,2
636,671,2
636,5026,2
636,5012,2
636,5014,2
636,673,2
636,3228,2
636,5015,2
636,5016,2
636,5018,2
636,2079,2
637,796,2
637,930,2
637,1255,2
637,667,3
637,962,2
637,1294,2
637,1295,2
637,1296,2
637,1297,2
637,1298,3
637,1299,2
637,1300,2
637,1301,2
637,1302,2
637,1303,2
637,1304,2
637,1305,2
637,950,2
637,866,2
637,2037,2
637,980,4
637,996,3
637,1103,2
637,3970,4
637,3972,2
637,1322,2
637,814,4
637,771,2
637,1654,3
637,2712,2
637,3200,2
637,4452,2
637,2355,6
637,969,2
637,2391,4
637,671,3
637,5012,3
637,5013,3
637,5014,3
637,673,4
637,3228,4
637,676,3
637,5015,4
637,5016,3
637,5017,3
637,5018,4
637,2079,4
637,5025,2
637,5026,2
637,1141,2
637,2129,3
637,4931,3
637,5159,3
637,5157,2
637,5187,2
638,3747,2
638,3748,2
638,3749,2
638,3750,2
638,3751,2
639,1163,2
639,1164,2
640,1315,3
640,1316,4
640,1317,2
640,1318,4
640,858,3
640,1320,3
640,1321,3
640,1322,4
640,1323,3
640,1324,4
640,1367,2
640,1943,2
640,1944,2
640,1945,2
640,1946,2
640,1947,2
640,1948,2
640,1408,2
640,648,2
640,651,2
640,1949,2
640,1950,2
640,2039,2
641,2928,2
641,3592,2
641,4367,2
641,1454,2
641,1413,2
641,1163,2
641,3835,2
641,3681,2
641,3682,2
641,905,2
641,4400,2
642,643,3
642,644,7
642,645,7
642,646,5
642,647,7
642,648,6
642,649,6
642,650,3
642,651,10
642,652,9
642,653,2
642,758,8
642,754,6
642,755,7
642,728,9
642,803,2
642,920,2
642,921,7
642,727,6
642,991,3
643,646,2
643,648,2
643,649,3
643,651,3
643,652,3
643,653,2
643,921,2
643,727,2
643,728,2
644,645,14
644,646,5
644,647,14
644,648,6
644,649,5
644,650,5
644,651,14
644,652,12
644,653,2
644,726,4
644,727,6
644,728,11
644,758,8
644,755,9
644,754,5
644,803,2
644,991,3
644,921,6
644,1931,2
644,909,2
644,1932,2
644,1933,2
644,910,2
644,1934,2
645,646,5
645,647,14
645,648,6
645,649,5
645,650,5
645,651,14
645,652,12
645,653,2
645,726,4
645,727,6
645,728,11
645,758,8
645,755,9
645,754,5
645,803,2
645,991,3
645,921,6
645,1931,2
645,909,2
645,1932,2
645,1933,2
645,910,2
645,1934,2
646,647,5
646,648,4
646,649,3
646,650,4
646,651,18
646,652,7
646,653,2
646,688,29
646,725,3
646,737,2
646,726,3
646,755,5
646,727,4
646,728,6
646,758,4
646,754,3
646,803,2
646,921,3
646,1254,4
646,1261,5
646,1262,3
646,1263,8
646,1264,11
646,1154,2
646,1268,2
646,1545,2
646,1547,7
646,1548,2
646,1546,41
646,1672,5
646,1695,9
646,1696,2
646,908,2
646,1779,7
646,1780,6
646,1781,2
646,672,2
646,1136,2
646,1828,2
646,736,2
646,1053,5
646,1829,3
646,1830,2
646,1969,3
646,1204,6
646,1970,3
646,1971,3
646,1972,3
646,1973,3
646,1974,3
646,1975,3
646,2041,2
646,2042,2
646,2032,2
646,1993,3
646,1994,4
646,2056,2
646,2023,2
646,2072,5
646,673,7
646,2073,2
646,2084,2
646,2217,3
646,2219,3
646,2220,4
646,2222,3
646,2223,4
646,2224,3
646,2225,3
646,2230,2
646,2231,2
646,1091,2
646,980,2
646,864,2
646,2718,7
646,2858,2
646,2859,2
646,764,10
646,3068,2
646,1755,6
646,2766,2
646,3009,5
646,3136,15
646,3164,9
646,3175,2
646,3184,3
646,3188,2
646,3190,3
646,3177,2
646,3163,2
646,838,2
646,2995,4
646,657,2
646,878,2
646,3514,2
646,914,8
646,1871,4
646,1408,8
646,2803,3
646,1242,5
646,3657,2
646,1834,8
646,3690,6
646,3691,3
646,3692,3
646,3746,4
646,3794,2
646,3795,3
646,3803,2
646,753,2
646,4041,6
646,4042,4
646,4043,4
646,4047,2
646,4044,5
646,2980,6
646,4045,4
646,4046,6
646,4016,2
646,4049,2
646,2755,3
646,4051,2
646,4158,2
646,4159,2
646,4160,2
646,1578,2
646,4217,6
646,996,6
646,694,3
646,4218,6
646,4220,2
646,4221,4
646,4223,3
646,4744,2
646,735,9
646,5089,2
646,5086,2
646,5088,2
646,5148,2
646,5150,2
646,733,5
646,1381,8
646,5271,2
646,667,3
646,5633,2
647,648,6
647,649,5
647,650,5
647,651,14
647,652,12
647,653,2
647,726,4
647,727,6
647,728,11
647,758,8
647,755,9
647,754,5
647,803,2
647,991,3
647,921,6
647,1931,2
647,909,2
647,1932,2
647,1933,2
647,910,2
647,1934,2
647,2184,3
647,3834,2
647,1110,2
647,963,2
647,5120,2
648,649,5
648,650,4
648,651,10
648,652,8
648,758,6
648,755,6
648,728,7
648,727,4
648,754,3
648,920,2
648,921,4
648,991,2
648,1943,2
648,1944,2
648,1945,2
648,1946,2
648,1947,2
648,1948,2
648,1408,2
648,1949,2
648,1950,2
649,651,7
649,652,7
649,653,3
649,920,2
649,758,4
649,921,6
649,727,5
649,728,6
649,755,5
649,991,2
649,754,2
650,651,9
650,652,9
650,726,3
650,727,5
650,728,8
650,758,4
650,755,4
650,754,3
650,803,2
651,652,22
651,653,4
651,725,5
651,726,5
651,727,16
651,728,22
651,734,3
651,735,4
651,737,2
651,753,2
651,754,9
651,755,15
651,758,11
651,803,2
651,920,2
651,921,10
651,991,4
651,1070,2
651,1254,2
651,1103,3
651,1408,6
651,1931,2
651,909,2
651,1932,3
651,1933,2
651,910,2
651,1934,2
651,1943,2
651,1944,2
651,1945,2
651,1946,2
651,1947,2
651,1948,2
651,1949,2
651,1950,2
651,1124,2
651,707,2
651,1546,3
651,687,2
651,5048,2
651,2718,2
651,2223,2
651,2858,2
651,5049,2
651,1381,2
652,653,4
652,726,5
652,727,15
652,728,21
652,754,8
652,755,14
652,758,10
652,803,2
652,920,2
652,921,9
652,991,4
653,755,3
653,727,3
653,728,3
653,921,2
654,689,2
654,1249,3
654,3627,3
654,3626,2
654,4202,2
654,1146,2
654,1147,2
654,4203,2
654,1763,2
654,1141,2
654,5053,2
654,1639,2
654,5054,2
655,656,2
655,657,2
655,2181,4
655,2182,4
655,2183,4
656,657,4
656,5315,2
656,1375,2
656,1587,2
656,5316,2
657,1141,3
657,1143,4
657,1257,2
657,696,2
657,1258,2
657,1259,2
657,2233,5
657,2234,9
657,2245,2
657,771,3
657,2477,4
657,2606,3
657,2592,4
657,2593,3
657,2594,3
657,2595,3
657,2596,3
657,2597,3
657,2598,3
657,2599,3
657,2600,3
657,2601,3
657,2602,3
657,1460,4
657,2603,4
657,2604,3
657,2607,4
657,736,3
657,2605,4
657,3311,2
657,3312,2
657,981,2
657,3316,2
657,3317,2
657,3318,2
657,3319,2
657,3200,10
657,878,2
657,2995,2
657,2861,3
657,724,2
657,864,5
657,1470,2
657,3913,2
657,4252,2
657,4265,2
657,4253,2
657,2447,2
657,4266,2
657,4267,2
657,1792,2
657,4617,9
657,3699,5
657,4631,2
657,4707,4
657,2154,4
657,4714,2
657,990,2
657,5033,2
657,893,2
657,4630,3
657,2664,2
658,659,2
658,660,2
658,2864,15
658,2182,17
658,2865,3
658,2026,9
658,2866,5
658,2867,14
658,1461,4
658,1290,6
658,2868,15
658,2869,16
658,2870,6
658,1326,18
658,2871,15
658,2875,14
658,1733,10
658,2881,2
658,962,2
658,3069,2
658,2922,2
658,3870,2
658,4995,2
658,3872,2
659,660,6
660,664,2
660,2008,3
660,2009,3
660,2010,3
660,2011,3
660,2012,3
660,1442,3
660,2013,3
660,2014,2
660,2015,3
660,2016,3
660,1235,3
660,2017,3
660,1568,3
660,2976,2
660,875,3
660,1265,3
660,1078,3
660,2800,3
660,1917,2
660,2647,2
660,2648,2
662,663,2
662,1363,6
662,1365,16
662,1366,10
662,1375,11
662,1384,3
664,718,4
664,676,6
664,671,8
664,673,7
664,1333,2
664,1388,2
664,1019,2
664,1334,2
664,1389,2
664,2750,2
664,806,3
664,2751,2
664,2752,3
664,2753,2
664,1834,3
664,2754,2
664,2755,2
664,2084,2
664,2756,2
664,2757,2
664,2758,2
664,799,2
664,2143,3
664,764,5
664,2942,9
664,2944,9
664,3066,9
664,2966,10
664,3080,7
664,2421,9
664,3078,10
664,3081,10
664,1792,10
664,1355,10
664,2926,10
664,3082,10
664,2948,4
664,3099,3
664,3100,2
664,2298,2
664,3101,2
664,3102,2
664,3103,2
664,3104,2
664,3105,2
664,3106,2
664,2595,2
664,3107,2
664,3108,2
664,3109,2
664,2960,2
664,1460,2
664,3110,2
664,2954,2
664,3111,2
664,3112,2
664,3113,2
664,3114,2
664,3115,2
664,2617,2
664,2989,2
664,3116,2
664,3433,2
664,3434,2
664,3435,2
664,1376,7
664,851,2
664,1576,2
664,4629,2
664,4789,2
664,1224,2
664,4790,2
664,3930,2
664,4868,2
664,4857,5
664,4869,7
664,4870,2
664,4871,7
664,4872,5
664,4155,7
664,4873,7
664,696,7
664,4874,4
664,4875,7
664,4876,2
664,4877,2
664,800,2
664,965,3
664,4878,2
664,1550,2
664,5596,2
664,4318,2
664,1436,2
664,5597,2
664,1163,2
664,3828,2
664,4982,2
664,5598,2
664,1653,2
664,2915,2
664,5599,2
664,3596,2
664,3598,2
665,1340,2
666,667,2
666,3836,2
666,4605,3
666,1999,4
666,2922,3
666,4606,2
667,668,2
667,962,4
667,963,2
667,965,8
667,863,3
667,967,2
667,968,5
667,1072,6
667,1073,4
667,1074,4
667,1075,5
667,1076,4
667,696,4
667,1095,2
667,1096,5
667,1158,2
667,1159,2
667,1160,2
667,1050,2
667,1161,2
667,1163,2
667,1162,2
667,1183,2
667,1286,2
667,1270,2
667,1459,2
667,1460,2
667,809,2
667,778,2
667,1461,2
667,1462,2
667,1463,2
667,1464,3
667,946,2
667,1028,6
667,1029,5
667,1401,2
667,2383,2
667,671,3
667,2418,2
667,673,3
667,676,6
667,2459,4
667,2486,2
667,1005,3
667,2925,2
667,1376,2
667,1547,2
667,2535,3
667,1685,2
667,1381,10
667,1110,2
667,2698,2
667,3444,2
667,2024,2
667,3445,2
667,3446,2
667,3447,2
667,3448,2
667,3449,2
667,3450,2
667,3451,2
667,908,2
667,1616,2
667,888,2
667,3452,2
667,3453,2
667,3454,2
667,1423,2
667,3455,2
667,3456,2
667,2036,2
667,2369,2
667,3457,2
667,3501,2
667,3502,2
667,3503,2
667,3504,2
667,971,4
667,4474,4
667,4471,2
667,1576,3
667,1770,4
667,3221,2
667,1559,2
667,3306,2
667,3837,4
667,4482,5
667,4483,4
667,4484,4
667,4485,3
667,3358,4
667,4486,5
667,1911,3
667,1509,4
667,4491,2
667,2688,2
667,4673,2
667,3094,2
667,4663,2
667,4664,2
667,1629,2
667,4665,2
667,4666,2
667,3388,2
667,4715,2
667,3873,2
667,4716,2
667,1019,2
667,1230,2
667,4958,2
667,4959,2
667,4960,2
667,1857,2
667,5230,11
667,974,3
667,3590,10
667,934,2
667,858,3
667,5398,3
667,2200,3
667,4363,3
667,5399,3
667,5573,3
667,5574,3
667,886,3
667,2427,3
667,800,3
667,5575,2
667,1451,2
667,3789,3
667,5576,2
667,2034,3
667,3871,2
667,5160,3
667,5553,2
667,2916,2
667,2360,2
667,5554,2
667,1672,2
667,5633,2
668,669,2
670,671,3
670,672,4
670,673,4
670,674,3
670,675,4
670,676,3
670,677,4
671,678,2
671,672,3
671,673,36
671,674,2
671,675,3
671,676,35
671,677,5
671,851,2
671,854,2
671,718,2
671,965,12
671,2079,14
671,2080,2
671,2081,2
671,2082,3
671,2083,3
671,2085,2
671,2137,4
671,2138,4
671,2139,4
671,1075,11
671,2140,4
671,2141,12
671,2159,4
671,2143,8
671,2144,3
671,2160,2
671,1770,2
671,2136,3
671,2142,7
671,1530,2
671,1401,2
671,2382,2
671,2383,4
671,2418,3
671,2420,2
671,2419,2
671,2483,5
671,2484,6
671,2485,6
671,2486,6
671,2487,6
671,799,4
671,764,9
671,1460,4
671,1355,4
671,2926,3
671,2942,3
671,2944,3
671,3078,3
671,3100,2
671,2298,3
671,3101,2
671,3102,2
671,3103,2
671,3104,2
671,3105,2
671,3106,2
671,2595,2
671,3107,2
671,3108,2
671,3109,2
671,2960,2
671,3066,2
671,3110,2
671,2954,2
671,3111,2
671,3112,2
671,2966,2
671,3113,2
671,3114,2
671,2421,2
671,3115,2
671,3081,2
671,2617,2
671,1792,2
671,2989,2
671,3116,2
671,3099,2
671,3082,2
671,1255,3
671,924,2
671,1576,5
671,2952,2
671,2151,2
671,3231,2
671,3232,2
671,3028,9
671,2791,2
671,2023,2
671,2716,2
671,3128,2
671,3472,2
671,3473,2
671,3484,5
671,3485,5
671,3486,5
671,2501,5
671,1461,4
671,3126,2
671,3487,4
671,3488,5
671,3489,3
671,3490,4
671,3491,5
671,3228,4
671,1171,2
671,3959,2
671,2861,5
671,3998,4
671,3721,4
671,706,5
671,4055,5
671,4056,5
671,934,6
671,3568,6
671,4057,4
671,4058,5
671,3935,5
671,3936,5
671,878,4
671,4065,4
671,3119,2
671,4199,2
671,2459,4
671,4200,2
671,4201,2
671,3696,2
671,2415,2
671,2355,4
671,723,2
671,1228,2
671,2478,2
671,3382,3
671,4597,2
671,4598,2
671,4599,2
671,2373,3
671,2391,3
671,3970,3
671,5012,3
671,5013,2
671,5014,3
671,5015,3
671,5016,3
671,5017,2
671,5018,3
671,5025,2
671,5026,2
671,5407,2
671,5408,2
671,688,2
671,5409,2
671,5410,2
671,5411,2
672,673,4
672,674,3
672,675,4
672,676,3
672,677,4
672,908,3
672,1779,3
672,1780,3
672,1781,3
672,1136,3
673,674,3
673,675,4
673,676,31
673,677,19
673,729,2
673,730,2
673,731,2
673,1955,2
673,1997,2
673,1956,2
673,1957,2
673,1958,2
673,1998,2
673,1959,2
673,1999,2
673,2000,2
673,2001,2
673,1479,2
673,1389,3
673,2002,2
673,1546,7
673,2072,3
673,2073,3
673,2080,2
673,2081,2
673,2082,3
673,965,15
673,2083,3
673,2079,9
673,2084,3
673,688,5
673,2085,2
673,2086,2
673,2136,4
673,2137,5
673,2138,5
673,2139,5
673,1075,12
673,2140,5
673,2141,15
673,2142,10
673,2143,9
673,2144,5
673,1770,11
673,2159,4
673,2160,2
673,2383,4
673,2418,4
673,2419,2
673,2423,2
673,2382,2
673,2483,5
673,2484,8
673,2485,7
673,2486,8
673,2487,8
673,2494,2
673,1401,2
673,1133,2
673,2701,2
673,2702,2
673,2703,2
673,2704,2
673,2705,2
673,705,2
673,3224,6
673,724,8
673,3225,9
673,3226,8
673,3227,6
673,2616,8
673,3228,11
673,1456,9
673,1525,16
673,3229,4
673,931,8
673,864,2
673,3935,9
673,3936,8
673,3998,4
673,3721,4
673,2047,2
673,4017,2
673,4018,2
673,878,4
673,706,4
673,4065,4
673,4055,4
673,4056,4
673,934,5
673,3568,5
673,2861,6
673,4057,3
673,4058,4
673,4155,3
673,4158,2
673,4159,2
673,4160,2
673,1578,2
673,723,2
673,1228,2
673,2478,2
673,3382,2
673,4597,2
673,4598,2
673,4599,2
673,4600,2
673,4777,5
673,1835,7
673,1522,8
673,1526,5
673,4784,2
673,804,4
673,4246,3
673,4845,4
673,4846,3
673,4847,3
673,4848,3
673,4849,3
673,2898,3
673,932,3
673,3498,3
673,4850,3
673,1809,3
673,4851,3
673,3404,3
673,1449,4
673,2665,3
673,4852,3
673,4853,4
673,2415,4
673,2539,3
673,4856,2
673,4869,2
673,4876,2
673,4877,2
673,4871,2
673,800,2
673,4873,2
673,696,2
673,4875,2
673,2391,4
673,3970,3
673,5012,3
673,5013,3
673,5014,3
673,5015,4
673,5016,3
673,5017,3
673,5018,4
673,2355,4
673,5025,2
673,5026,2
673,5596,2
673,4318,2
673,1436,3
673,5597,2
673,1163,3
673,3828,2
673,4982,3
673,5598,2
673,1653,2
673,2915,3
673,3784,2
673,5599,3
673,3596,2
673,3598,3
674,675,3
674,676,2
674,677,3
675,676,3
675,677,4
676,677,7
676,718,3
676,965,10
676,2079,12
676,2080,2
676,2081,2
676,2082,3
676,2083,3
676,2085,2
676,2136,4
676,2137,5
676,2138,5
676,2139,5
676,1075,11
676,2140,5
676,2141,13
676,2142,8
676,2143,10
676,2144,5
676,1770,3
676,2159,4
676,2160,2
676,2161,2
676,2383,2
676,2418,2
676,2420,2
676,2483,3
676,2484,7
676,2485,5
676,2486,6
676,2487,6
676,2891,4
676,2908,4
676,2893,4
676,2894,5
676,2909,3
676,2896,4
676,2910,4
676,2659,5
676,2911,5
676,764,14
676,1576,11
676,3221,2
676,3222,4
676,1329,2
676,1183,2
676,838,2
676,3382,2
676,771,5
676,3068,2
676,3472,2
676,3473,2
676,3028,11
676,2298,2
676,3485,2
676,3486,2
676,2501,2
676,1461,4
676,3126,9
676,3487,4
676,3488,4
676,3490,4
676,3491,3
676,3494,2
676,3228,5
676,3755,3
676,3756,2
676,3757,3
676,899,2
676,2439,3
676,3758,3
676,1456,2
676,3760,2
676,3959,3
676,3960,2
676,3961,2
676,3962,2
676,3963,2
676,1050,2
676,3964,2
676,3998,2
676,3721,4
676,878,2
676,1376,2
676,948,2
676,3658,2
676,1383,2
676,836,2
676,811,2
676,1413,2
676,4729,2
676,3660,2
676,3325,2
676,1736,2
676,1514,2
676,4730,2
676,2391,3
676,3970,2
676,5012,2
676,5013,3
676,5014,2
676,5015,3
676,5016,2
676,5017,3
676,5018,3
676,2355,3
676,3304,2
676,5502,2
676,4709,4
676,5503,2
676,5504,2
676,968,2
676,3966,2
676,5507,2
676,5508,2
676,5509,2
676,5510,2
676,5511,2
676,5512,2
676,5513,2
676,5539,2
676,5540,2
676,3825,2
676,1980,2
676,1737,2
676,5541,2
676,5542,2
676,5543,2
676,5544,2
676,5545,2
676,5546,2
676,4672,2
676,5547,2
676,2710,2
676,2374,5
676,5629,4
676,753,5
676,4675,5
676,1242,2
676,1243,5
676,1408,5
676,5630,5
676,5631,3
676,5632,5
676,2033,5
677,1165,2
677,1157,2
677,1168,2
677,1546,3
677,796,2
677,2556,2
677,2557,2
677,2558,2
677,2559,2
677,3001,5
677,1097,9
677,3002,5
677,2891,7
677,2659,14
677,3003,3
677,764,11
677,3224,6
677,724,9
677,3225,10
677,3226,8
677,3227,6
677,2616,9
677,3228,8
677,1456,10
677,1525,9
677,1770,9
677,3229,4
677,931,8
677,3300,2
677,864,3
677,3034,7
677,3383,10
677,3005,12
677,3384,9
677,2911,2
677,3387,6
677,3396,2
677,2893,3
677,1209,3
677,2251,3
677,3405,2
677,1461,2
677,3487,2
677,3488,3
677,3490,2
677,3491,2
677,3485,2
677,3486,2
677,2501,2
677,3494,2
677,3935,7
677,3936,4
677,3942,2
677,1171,2
677,2459,2
677,949,2
677,4274,2
677,771,6
677,4310,2
677,3551,5
677,4525,2
677,4526,5
677,4256,3
677,4527,5
677,4528,3
677,4529,2
677,4530,2
677,3552,5
677,4531,5
677,4532,3
677,4533,3
677,3901,5
677,3788,4
677,3620,2
677,4535,2
678,1547,2
678,2517,2
678,5010,2
679,680,6
679,759,2
679,802,2
679,2003,2
680,759,8
680,802,2
680,2003,2
680,3807,2
680,3077,3
680,2218,2
680,1839,4
680,2822,4
680,2823,4
681,5400,11
681,5401,8
681,5402,8
681,5406,2
681,838,5
681,5412,4
682,3233,3
682,4293,7
682,3234,3
682,3091,4
682,724,5
682,4403,4
682,2258,2
682,3273,2
682,4381,5
682,2746,4
682,1725,3
682,4374,3
682,864,5
682,3088,3
682,4412,2
682,1193,3
682,908,2
682,931,3
682,1863,2
682,4763,2
682,796,2
682,4764,2
682,4765,2
682,4766,2
682,3087,2
682,4767,2
682,4768,2
682,1866,2
682,4769,2
682,2861,2
682,4770,2
682,850,2
682,4771,2
682,4772,2
682,3090,2
682,3705,2
682,956,3
682,1807,2
682,4799,3
682,4800,2
682,4801,2
682,845,3
684,707,3
684,1657,3
684,1658,3
684,1659,2
684,1660,2
684,1661,2
684,2981,2
684,2982,2
684,2983,2
684,2430,2
684,2984,2
686,2976,2
686,2800,2
686,875,2
686,1265,2
686,1401,2
687,1522,2
687,1523,2
687,1525,2
687,4884,2
687,4885,3
687,4886,3
687,4887,4
687,4888,4
687,2199,4
687,1448,3
687,4889,3
687,3437,3
687,4890,4
688,1546,27
688,2084,2
688,2718,8
688,764,8
688,1755,5
688,1204,7
688,2766,2
688,3009,5
688,1547,6
688,3136,15
688,3164,10
688,2919,3
688,3175,2
688,3184,3
688,2072,3
688,3188,5
688,3190,3
688,3177,2
688,1264,3
688,3380,2
688,1834,5
688,3381,3
688,3378,2
688,3657,3
688,3690,3
688,3691,3
688,3803,2
688,3746,4
688,2755,3
688,4158,2
688,4159,2
688,4160,2
688,1578,2
688,4660,5
688,3323,3
688,2086,2
688,791,2
688,1734,2
688,4744,2
688,1408,3
688,5407,2
688,5408,2
688,5409,2
688,799,2
688,5410,2
688,1576,2
688,5411,2
688,2079,2
689,5350,4
689,5352,4
690,691,4
690,692,3
690,693,3
690,694,2
690,886,4
690,4464,2
690,3320,2
690,996,3
690,1006,2
690,4359,2
690,4465,2
690,4466,2
690,4467,2
690,4468,2
690,967,2
690,4469,2
690,2252,3
690,3696,2
691,692,13
691,693,13
691,694,2
691,886,2
691,764,4
691,3761,9
691,3763,2
691,3126,7
692,693,23
692,694,2
692,764,9
692,3761,14
692,3762,2
692,3217,7
692,3763,6
692,2184,3
692,3028,6
692,3764,4
692,3126,8
692,3847,3
693,694,2
693,764,9
693,3761,14
693,3762,2
693,3217,7
693,3763,6
693,2184,3
693,3028,6
693,3764,4
693,3126,8
693,3847,3
694,878,5
694,879,2
694,887,2
694,880,2
694,888,2
694,858,2
694,882,2
694,1075,2
694,2299,2
694,2300,2
694,2301,2
694,2302,2
694,1491,2
694,2303,2
694,2304,2
694,2305,2
694,2306,2
694,2307,2
694,2308,2
694,2309,2
694,813,2
694,2310,2
694,2311,2
694,2312,2
694,2313,2
694,2314,2
694,1031,2
694,2315,2
694,2388,2
694,2546,2
694,3670,5
694,3671,5
694,3672,5
694,3673,5
694,3592,5
694,3674,5
694,3675,4
694,1287,5
694,3676,4
694,1163,5
694,3677,5
694,3678,5
694,1989,6
694,3679,4
694,3680,4
694,1182,5
694,3681,2
694,3682,4
694,3666,5
694,3683,5
694,3684,4
694,1168,4
694,2477,5
694,2459,2
694,2584,2
694,3689,2
694,949,4
694,1143,2
694,1171,2
694,4217,3
694,996,3
694,4218,3
694,3929,4
694,5319,2
694,5320,4
694,3781,3
694,5321,2
694,5322,3
694,5323,2
694,1560,3
694,2253,3
694,5357,2
694,1353,3
694,3426,3
694,5358,3
694,2276,2
694,5359,3
695,1819,2
696,1072,4
696,1073,4
696,1074,4
696,965,7
696,1075,4
696,1076,4
696,1096,3
696,1257,2
696,1258,2
696,1259,3
696,764,5
696,3071,2
696,2960,2
696,3072,4
696,1376,8
696,3068,2
696,2861,3
696,1019,4
696,1117,4
696,3652,2
696,3200,2
696,2246,4
696,2058,2
696,917,4
696,919,4
696,4857,6
696,4868,2
696,4869,7
696,4870,2
696,4871,7
696,4872,5
696,4155,7
696,4873,7
696,4874,4
696,4875,7
696,4876,2
696,4877,2
696,800,2
696,4878,2
697,698,3
697,699,2
697,1687,7
697,1688,7
697,1690,5
697,1691,3
697,1510,5
697,1698,6
697,760,5
697,1720,2
697,1721,3
697,4028,2
697,4029,2
697,4030,2
697,908,2
697,4031,2
697,858,2
697,4032,2
697,4033,2
697,4034,2
697,4035,2
697,4036,2
697,4037,2
697,4038,2
697,4039,2
697,4040,2
698,699,2
698,1910,2
698,1911,2
698,1255,2
698,3582,3
698,1401,2
698,2365,2
698,4451,2
699,1249,4
699,1213,4
699,1401,6
699,4809,6
699,4775,6
699,2365,6
699,3871,6
699,750,3
700,2182,5
700,1146,5
700,5185,5
700,2869,5
700,5186,5
703,704,2
704,715,11
704,2785,16
704,2791,4
704,2792,2
704,2787,4
704,2786,2
704,3018,12
704,1255,11
704,764,5
704,1530,8
704,924,9
704,1289,4
704,3333,4
705,2111,2
705,2112,2
705,2113,2
705,2114,2
705,2115,3
705,2116,2
705,2117,2
705,1460,3
705,2118,3
705,2119,2
705,1587,3
705,2120,2
705,2121,2
705,2122,3
705,2566,2
705,1146,2
705,4173,3
705,4174,3
705,917,3
705,840,2
706,707,3
706,708,3
706,709,2
706,2428,2
706,2429,2
706,2430,2
706,2431,2
706,2432,2
706,1324,2
706,2433,3
706,764,2
706,2672,2
706,863,2
706,4055,5
706,4056,5
706,934,5
706,3568,5
706,4057,4
706,4058,5
706,3935,5
706,3936,5
706,878,4
706,4065,4
706,2861,4
706,4500,6
706,5640,6
706,5641,5
706,5642,5
706,5643,5
706,5644,5
706,1359,4
706,5645,4
706,5646,2
707,1657,2
707,1658,5
707,1659,2
707,1660,3
707,1661,2
707,1124,2
707,2428,2
707,2429,2
707,2430,2
707,2431,2
707,2432,2
707,1324,2
707,2433,2
707,1827,2
707,2488,2
707,2489,2
707,1441,2
707,2490,2
707,2491,2
707,2492,2
707,2090,2
707,2493,2
707,2695,2
707,2696,2
708,709,2
708,764,2
708,2672,2
708,863,2
710,711,4
710,5618,3
710,5619,3
710,5620,3
711,2510,5
711,4208,2
711,4209,2
711,5115,4
711,3624,5
711,5116,5
711,5117,5
711,5118,3
711,5618,3
711,5619,3
711,5620,3
712,2952,3
712,2960,3
712,2970,2
712,2954,3
712,2961,3
712,2958,2
712,764,2
714,717,2
714,718,2
714,1506,2
714,1066,2
714,1517,2
714,1518,2
714,1519,2
715,2208,10
715,2570,4
715,2571,9
715,2572,9
715,2573,3
715,2574,9
715,2575,10
715,1389,9
715,1578,8
715,1729,3
715,1978,2
715,2785,10
715,3018,10
715,1255,9
715,764,4
715,1530,8
715,924,9
715,3205,2
715,3206,2
715,3008,2
715,3196,2
715,3009,2
715,3207,2
715,3208,2
717,718,2
718,1289,2
718,1307,2
718,4333,4
718,962,5
718,4335,2
718,4336,2
718,4339,2
718,2900,3
718,1769,5
718,4340,4
718,4341,6
718,767,4
718,768,6
718,3766,2
718,4394,2
718,4391,2
718,4571,3
718,4581,2
718,4126,2
720,721,2
723,1228,2
723,2478,2
723,3382,2
724,735,2
724,865,5
724,864,111
724,1413,2
724,928,4
724,1465,3
724,1619,7
724,1620,4
724,974,13
724,931,39
724,1641,2
724,962,2
724,1864,6
724,1232,2
724,917,9
724,919,2
724,2176,8
724,2177,7
724,2178,6
724,2203,4
724,2204,5
724,2205,7
724,2206,12
724,2207,5
724,2285,2
724,2286,8
724,2287,4
724,2340,2
724,2225,3
724,1762,2
724,2341,2
724,2342,3
724,2343,3
724,2344,3
724,2345,3
724,1359,4
724,1491,11
724,1865,10
724,813,7
724,1031,13
724,2347,7
724,2331,24
724,2739,9
724,983,2
724,814,2
724,2620,3
724,2776,4
724,2517,5
724,2777,4
724,914,2
724,2040,2
724,1550,3
724,2623,2
724,1030,2
724,1961,3
724,1924,2
724,2734,5
724,2812,3
724,2813,2
724,2814,2
724,2479,3
724,2477,2
724,990,2
724,3178,2
724,2685,2
724,3179,2
724,736,2
724,3180,2
724,3181,2
724,3182,2
724,1107,2
724,3082,2
724,1675,2
724,3224,5
724,3225,9
724,3226,7
724,3227,6
724,2616,8
724,3228,7
724,1456,9
724,1525,7
724,1770,8
724,3229,5
724,3300,2
724,1425,10
724,1138,7
724,2229,2
724,2861,6
724,1903,2
724,1904,3
724,836,2
724,3414,2
724,3408,3
724,2329,2
724,3523,2
724,1932,2
724,1376,2
724,1141,6
724,1656,2
724,811,6
724,3667,5
724,1443,3
724,1639,2
724,3937,5
724,4224,2
724,1253,2
724,4225,3
724,1587,2
724,4226,2
724,3570,2
724,4227,3
724,908,2
724,2746,4
724,1654,2
724,4381,3
724,4382,2
724,4403,3
724,2258,3
724,3273,2
724,1725,2
724,1863,2
724,2129,3
724,2914,2
724,1547,3
724,4757,14
724,4805,3
724,863,2
724,4975,2
724,5030,8
724,5031,8
724,5032,5
724,3685,14
724,5098,7
724,5061,2
724,877,2
724,4977,2
724,5103,10
724,5126,3
724,5127,4
724,1644,2
724,5173,8
724,5180,3
724,5181,4
724,5182,3
724,5305,4
724,5306,4
724,5307,4
724,1292,4
724,5308,3
724,4940,4
724,2270,4
724,5313,2
724,5314,2
725,737,2
726,727,4
726,728,5
726,755,3
726,758,2
727,728,16
727,754,6
727,755,10
727,920,2
727,758,6
727,921,7
727,991,2
728,754,9
728,755,15
728,758,11
728,803,2
728,920,2
728,921,10
728,991,4
729,730,3
729,731,2
730,731,2
732,3193,2
732,1355,2
732,3778,2
732,1095,2
733,734,3
733,735,7
733,2656,8
733,2654,10
733,2657,8
733,2652,10
733,1536,7
733,2653,9
733,2658,6
733,2668,2
733,1381,5
734,735,3
735,1794,7
735,1762,7
735,1632,7
735,1953,7
735,1633,7
735,1764,7
735,1983,5
735,1763,6
735,736,3
735,2591,4
735,1389,5
735,931,4
735,917,13
735,2608,4
735,5271,6
735,1381,13
735,5370,11
735,1087,8
735,1536,7
735,1677,9
735,882,9
735,1904,10
735,5371,7
735,5372,10
735,4452,2
735,974,2
735,1141,8
735,1649,2
735,5551,4
735,919,8
735,1143,5
736,959,9
736,960,9
736,961,8
736,1157,3
736,1487,3
736,1459,2
736,1460,9
736,809,2
736,778,2
736,1461,2
736,1462,2
736,1463,2
736,905,3
736,1464,2
736,1732,2
736,1777,2
736,1375,2
736,1053,3
736,766,2
736,1961,2
736,1951,2
736,1794,2
736,1762,2
736,1632,4
736,1953,3
736,1764,2
736,1992,2
736,2218,5
736,1497,5
736,1498,5
736,2214,3
736,1030,3
736,2215,3
736,2606,3
736,2592,4
736,2593,3
736,2594,3
736,2595,3
736,2596,3
736,2597,3
736,2598,3
736,2599,3
736,2600,3
736,2601,3
736,2602,3
736,2607,4
736,2603,3
736,2604,2
736,2605,3
736,931,3
736,990,2
736,3178,2
736,2685,2
736,3179,2
736,2225,3
736,3180,2
736,2342,2
736,2343,2
736,1864,2
736,3181,2
736,2344,2
736,2345,2
736,1359,2
736,3182,2
736,1107,2
736,3082,2
736,1550,3
736,3356,3
736,1494,4
736,3357,3
736,2863,3
736,3358,3
736,3359,3
736,3363,2
736,3364,2
736,3590,2
736,3877,2
736,3878,2
736,3879,2
736,3880,2
736,3881,2
736,3882,2
736,3883,2
736,949,2
736,3884,2
736,3885,2
736,3886,2
736,3887,2
736,3888,2
736,2642,2
736,4435,2
736,4404,2
736,4405,2
736,1087,4
736,4436,2
736,4437,2
736,4408,2
736,4409,2
736,5027,2
736,5028,2
736,1796,2
736,5029,2
736,930,2
736,5370,2
736,1677,2
736,882,2
736,1904,2
736,5371,2
736,5372,2
738,983,2
738,2058,2
738,2683,2
740,2226,2
740,1146,2
740,1416,2
741,742,3
741,743,3
741,744,2
741,745,3
742,743,3
742,744,2
742,745,3
743,744,2
743,745,3
743,4059,2
743,4478,2
743,3170,2
743,4428,2
743,2746,2
743,863,2
743,5152,2
743,5153,2
743,5148,2
743,5154,2
743,1546,2
743,3136,2
743,1536,2
743,5150,2
744,745,2
746,747,2
746,748,2
746,749,2
747,748,2
747,749,2
748,749,2
749,2734,4
749,2788,3
749,2789,3
749,1174,4
749,2810,2
749,2790,3
749,2622,3
749,1343,3
749,814,2
750,899,4
750,2938,7
750,2993,3
750,983,3
750,4747,3
750,1547,2
750,1249,3
750,1213,3
750,1401,4
750,4809,4
750,4775,4
750,2365,5
750,3871,4
752,815,3
752,816,3
752,817,2
752,818,2
752,819,2
752,820,3
752,821,3
752,822,2
752,823,3
752,824,3
752,825,3
752,807,3
752,841,2
752,842,2
752,843,2
752,2987,3
752,2385,3
752,2988,2
752,2989,5
752,764,4
752,2996,2
752,3017,2
752,3493,2
753,1103,2
753,4041,3
753,4042,3
753,4043,3
753,1546,4
753,1834,3
753,1695,3
753,4044,3
753,2980,3
753,4045,3
753,4046,3
753,1243,7
753,2755,2
753,1779,2
753,4050,2
753,4051,2
753,1408,6
753,2374,5
753,5629,4
753,4675,5
753,1242,2
753,5630,5
753,5631,3
753,5632,5
753,2033,5
754,755,6
754,758,7
754,803,2
754,991,4
754,921,5
755,758,8
755,991,3
755,921,8
757,1822,2
757,759,2
757,2920,2
757,2821,2
757,3198,2
757,3199,2
757,840,2
757,3200,2
757,1381,2
757,917,2
757,919,2
758,803,2
758,920,2
758,921,7
758,991,3
759,802,2
759,1822,4
759,2920,2
759,2821,2
759,3198,2
759,3199,2
759,840,2
759,3200,3
759,1381,2
759,917,3
759,919,2
759,3807,2
759,3077,3
759,2218,2
759,1839,4
759,2822,4
759,2823,4
760,761,3
760,762,2
760,763,2
760,1663,4
760,1664,5
760,1665,4
760,1666,4
760,1667,2
760,1668,2
760,1687,5
760,1510,4
760,1688,5
760,1690,4
760,1698,5
760,1691,2
760,1720,2
760,1721,3
760,4681,2
760,4682,2
760,2863,2
760,4683,2
761,762,2
761,763,2
761,1663,2
761,1664,2
761,1665,2
761,1666,2
762,763,3
762,826,3
763,826,2
764,771,2
764,765,4
764,772,2
764,773,2
764,766,4
764,767,5
764,768,5
764,769,4
764,770,4
764,786,2
764,779,3
764,780,2
764,781,14
764,782,3
764,783,3
764,784,3
764,785,2
764,2200,4
764,1019,4
764,2249,2
764,2250,2
764,1546,2
764,2251,5
764,2405,2
764,2403,2
764,2404,3
764,962,2
764,2775,4
764,2891,5
764,2897,2
764,2892,3
764,2893,6
764,2894,2
764,2898,2
764,2895,3
764,2896,3
764,2659,17
764,1401,2
764,2710,2
764,2908,2
764,2911,3
764,2934,2
764,2935,3
764,1994,2
764,2936,2
764,2952,12
764,2959,4
764,2960,15
764,2954,11
764,2963,2
764,2956,2
764,2972,4
764,2973,2
764,2958,4
764,2974,3
764,2970,2
764,2961,2
764,2939,2
764,2940,2
764,2941,2
764,2942,6
764,2944,6
764,2945,2
764,2946,2
764,1355,8
764,905,2
764,1832,4
764,1531,4
764,2987,2
764,2997,3
764,2385,2
764,2996,2
764,2989,6
764,2966,6
764,2948,3
764,2967,2
764,3008,3
764,3009,10
764,1460,5
764,2926,7
764,3017,2
764,1097,4
764,3003,2
764,3025,2
764,3027,2
764,3028,14
764,1797,3
764,3033,2
764,3034,3
764,2986,2
764,1209,4
764,3066,5
764,2951,3
764,3068,12
764,1695,4
764,1755,6
764,2718,7
764,3071,2
764,3072,4
764,3005,7
764,1376,2
764,2770,2
764,2861,3
764,3078,6
764,3079,2
764,3080,3
764,2421,4
764,3081,5
764,1792,5
764,3082,5
764,1530,4
764,2785,4
764,3018,5
764,1255,3
764,924,6
764,3099,3
764,3100,2
764,2298,15
764,3101,2
764,3102,2
764,3103,2
764,3104,2
764,3105,2
764,3106,2
764,2595,2
764,3107,2
764,3108,2
764,3109,2
764,3110,2
764,3111,2
764,3112,2
764,3113,2
764,3114,2
764,3115,2
764,2617,2
764,3116,2
764,3123,2
764,1124,3
764,2709,2
764,1796,13
764,3169,3
764,3121,2
764,863,3
764,3173,10
764,3174,3
764,3191,2
764,3192,2
764,3126,13
764,3217,4
764,2716,2
764,3314,5
764,2791,3
764,3324,2
764,3383,6
764,3387,5
764,3384,4
764,3405,2
764,2672,2
764,2023,2
764,3485,2
764,3486,2
764,2501,2
764,1461,3
764,3487,3
764,3488,3
764,3490,3
764,3491,2
764,3134,2
764,3690,4
764,3691,3
764,3701,5
764,2616,2
764,3746,5
764,3493,2
764,3761,7
764,3763,3
764,3764,2
764,2924,4
764,1449,11
764,3792,3
764,3803,2
764,1264,2
764,3821,2
764,3822,2
764,3823,5
764,3816,2
764,3817,2
764,3847,2
765,772,2
765,773,2
765,766,4
765,767,4
765,768,4
765,769,4
765,770,4
765,786,2
765,779,3
765,780,2
765,781,3
765,782,3
765,783,3
765,784,3
765,785,2
766,772,9
766,773,9
766,767,4
766,768,7
766,769,6
766,770,4
766,786,4
766,779,9
766,780,6
766,781,3
766,782,3
766,783,3
766,784,3
766,785,5
766,1215,3
766,1217,3
766,1218,2
766,1219,2
766,1220,3
766,1221,3
766,1222,3
766,1223,3
766,1225,2
766,1053,3
766,1226,3
766,840,2
766,1951,3
766,1961,2
766,1769,7
766,2861,9
766,4132,10
766,4168,4
766,4169,4
766,4008,4
766,4170,7
766,4171,4
767,772,2
767,773,2
767,774,2
767,768,9
767,769,4
767,770,4
767,786,2
767,779,3
767,780,2
767,781,3
767,782,3
767,783,3
767,784,3
767,785,2
767,3515,2
767,4333,4
767,962,4
767,4335,2
767,4336,2
767,4339,2
767,2900,3
767,1769,4
767,4340,3
767,4341,4
767,4361,2
767,4581,2
767,4126,2
767,4571,2
768,772,3
768,773,5
768,769,6
768,770,5
768,786,3
768,779,4
768,780,5
768,781,3
768,782,3
768,783,3
768,784,3
768,785,6
768,1769,9
768,3606,4
768,3607,2
768,3608,5
768,3611,2
768,3609,2
768,3610,2
768,3615,4
768,3616,4
768,3617,4
768,3618,2
768,3619,2
768,3620,2
768,4079,3
768,4080,3
768,4081,2
768,4077,3
768,4003,2
768,4084,2
768,858,2
768,3036,2
768,4082,3
768,4083,2
768,1222,2
768,4098,2
768,4126,5
768,4127,5
768,4128,3
768,4129,3
768,4130,2
768,4133,4
768,4135,2
768,4136,2
768,4134,3
768,4138,2
768,2861,3
768,4132,3
768,4171,2
768,4333,7
768,962,5
768,4334,2
768,4335,3
768,4336,3
768,4337,2
768,4338,2
768,4339,3
768,2900,3
768,4340,4
768,4341,6
768,4361,3
768,4362,2
768,4363,2
768,924,2
768,4391,3
768,3766,2
768,4394,2
768,4571,5
768,4578,2
768,4579,2
768,4580,2
768,4581,4
768,4582,2
768,4589,2
768,4590,2
768,4591,2
769,772,2
769,773,2
769,770,4
769,786,2
769,779,3
769,780,5
769,781,3
769,782,3
769,783,3
769,784,3
769,785,5
769,4132,3
769,1769,2
769,2861,2
769,4171,2
770,772,2
770,773,2
770,786,2
770,779,3
770,780,2
770,781,3
770,782,3
770,783,3
770,784,3
770,785,2
771,1736,3
771,1989,20
771,2477,3
771,3308,3
771,3309,3
771,2044,3
771,3310,3
771,3350,2
771,2393,15
771,3551,6
771,2402,5
771,3552,6
771,878,4
771,853,2
771,3576,10
771,3577,7
771,3578,8
771,3579,8
771,1161,10
771,1569,15
771,1571,3
771,3660,8
771,3574,9
771,3575,8
771,3580,7
771,3581,8
771,3666,5
771,2525,4
771,1183,2
771,3560,2
771,3694,2
771,3592,3
771,846,2
771,1454,2
771,3909,2
771,1681,2
771,1376,2
771,4434,2
771,4420,4
771,4421,5
771,1287,5
771,1324,3
771,4525,2
771,4526,5
771,4256,3
771,4527,5
771,4528,3
771,4529,2
771,4530,2
771,4531,5
771,4532,3
771,4533,3
771,3901,5
771,3788,4
771,3620,2
771,2461,2
771,4535,2
771,948,2
771,3658,2
771,1383,2
771,836,2
771,811,4
771,1413,2
771,4729,2
771,3325,2
771,1514,2
771,4730,2
771,4903,2
771,4909,2
771,1323,2
771,5327,3
771,5328,4
771,5329,5
771,5330,5
771,5333,3
771,3304,3
771,5431,2
771,5432,2
771,1075,2
771,1639,2
771,1331,2
771,868,2
771,5502,2
771,4709,2
771,5503,2
771,5504,2
771,968,2
772,773,9
772,786,2
772,779,6
772,4168,4
772,4169,4
772,4008,4
772,4170,7
772,1769,4
772,2861,6
772,4171,2
772,4132,7
773,786,3
773,779,6
773,4126,2
773,4127,3
773,4133,3
773,4135,2
773,4136,2
773,4134,3
773,4168,4
773,4169,4
773,4008,4
773,4170,7
773,1769,4
773,2861,6
773,4171,2
773,4132,7
775,776,2
775,777,2
775,778,2
776,777,2
776,778,2
777,778,2
777,1612,2
777,1613,2
777,1614,2
777,1615,2
777,1616,2
777,1461,2
778,1459,4
778,1460,4
778,809,6
778,1461,4
778,1462,5
778,1463,4
778,1464,4
778,1487,2
779,786,4
779,780,4
779,781,3
779,782,3
779,783,3
779,784,3
779,785,3
779,1769,5
779,2861,5
779,4132,6
779,4168,4
779,4169,4
779,4008,3
779,4170,5
779,4171,2
780,786,2
780,781,2
780,782,2
780,783,2
780,784,2
780,785,6
780,4131,2
780,4132,5
780,1769,4
780,2861,4
780,4171,2
781,786,2
781,782,3
781,783,3
781,784,3
781,785,2
781,2298,5
781,2924,5
781,2659,4
781,1449,9
781,3792,4
781,3816,3
781,3817,3
781,3821,2
781,3822,2
781,3823,5
781,3068,3
782,786,2
782,783,3
782,784,3
782,785,2
783,786,2
783,784,3
783,785,2
784,786,2
784,785,2
785,786,4
785,4126,3
785,4127,4
785,4128,2
785,4129,2
785,4131,2
785,4132,4
785,799,2
785,1769,3
785,2861,3
785,4171,2
786,4126,2
786,4127,2
786,2861,2
786,4132,2
788,789,2
788,790,2
788,791,2
789,790,2
789,791,2
790,791,2
790,1834,2
790,3378,2
790,1205,2
791,1546,2
791,1734,2
792,1547,2
793,794,2
793,795,2
794,795,8
794,1756,2
795,827,13
795,828,13
795,829,13
795,830,12
795,2251,13
795,2793,6
795,2794,6
795,2798,5
795,3239,4
795,1756,14
795,916,7
795,4463,3
795,4755,3
795,1547,7
795,4748,4
795,4756,2
795,3665,2
795,5478,3
796,1976,2
796,1977,2
796,1978,2
796,1050,6
796,1019,6
796,1020,6
796,1022,6
796,1991,3
796,1329,2
796,1580,2
796,1546,3
796,2555,2
796,2225,2
796,2556,2
796,2557,2
796,2558,2
796,2559,2
796,3388,2
796,3567,3
796,2331,2
796,2861,4
796,930,2
796,1792,2
796,4601,4
796,3132,4
796,4602,4
796,4603,2
796,4604,3
796,3131,3
796,4696,3
796,4763,2
796,4764,2
796,4765,2
796,4766,2
796,3087,2
796,4767,2
796,4768,2
796,1866,2
796,4769,2
796,3088,2
796,4770,2
796,850,2
796,4771,2
796,4772,2
796,3090,2
796,3705,2
796,1193,2
796,4593,2
796,2065,2
796,1116,2
796,4833,2
796,4834,2
796,4835,2
796,1803,2
796,1804,2
796,4836,2
796,4837,2
796,2980,2
796,4838,2
796,4697,2
796,3189,4
796,5584,4
796,5578,4
796,5585,4
796,5579,4
796,5580,4
796,1449,4
796,1930,4
796,5586,3
797,1350,12
797,1351,9
797,1353,12
797,1354,4
797,1210,4
797,2237,2
797,900,2
797,2253,8
797,1533,9
797,1534,8
797,2254,9
797,2276,7
797,2294,3
797,3118,3
797,3119,3
797,1855,3
797,3172,2
797,1814,3
797,2727,5
797,3533,2
797,3535,2
797,3536,2
797,3537,2
797,2729,3
797,3538,2
797,2731,3
797,3539,2
797,3540,2
797,2732,2
797,3541,2
797,1447,3
797,3543,2
797,2733,3
797,3006,2
797,4256,2
797,4257,2
797,1550,2
797,4193,2
797,934,6
797,899,3
797,4938,5
797,4244,2
797,4939,4
797,3121,8
797,3901,8
797,3788,8
797,4645,8
797,5272,6
797,5291,2
798,799,2
798,1452,6
798,1376,2
798,1453,6
798,1454,6
798,1455,5
798,1456,6
798,1457,6
798,1458,6
798,1480,4
798,865,2
798,1141,2
798,2358,2
798,2535,2
798,2906,2
798,949,2
798,2634,2
798,1770,2
798,1143,3
799,1348,4
799,1996,5
799,1228,12
799,2779,5
799,2780,5
799,2815,3
799,2816,2
799,2817,3
799,2818,8
799,2819,2
799,4313,5
799,4319,2
799,5407,2
799,5408,2
799,5409,2
799,5410,2
799,1576,2
799,5411,2
799,2079,2
800,4869,2
800,4876,2
800,4877,2
800,4871,2
800,965,2
800,4155,2
800,4873,2
800,4875,2
800,1110,2
800,963,2
800,1111,2
800,865,19
800,5212,17
800,1653,2
800,3069,3
800,886,16
800,962,5
800,934,4
800,5555,4
800,5553,14
800,2916,10
800,3789,14
800,5554,15
800,867,6
800,5120,4
800,5573,14
800,5574,16
800,2427,13
800,1005,7
800,2459,16
800,3706,10
800,5575,2
800,1451,10
800,971,3
800,5576,5
800,2368,2
800,2034,16
800,3871,9
800,5160,13
800,5577,2
800,2688,2
800,4275,6
800,5581,6
800,5582,5
800,949,5
800,2022,2
800,5590,2
800,2360,2
800,2539,4
801,4206,6
801,3802,4
801,1652,5
801,2132,6
801,2355,5
801,1143,7
801,917,8
801,4211,5
801,3801,4
801,4212,2
801,1982,2
804,1426,2
804,983,2
804,1832,2
804,1531,2
804,4305,2
804,4246,3
804,4845,4
804,4846,3
804,4847,3
804,4848,3
804,4849,3
804,2898,3
804,932,3
804,3498,3
804,4850,3
804,1809,3
804,4851,3
804,3404,3
804,1449,4
804,2665,3
804,4852,3
804,4853,4
804,2415,4
804,2539,3
804,4856,2
805,806,2
806,807,3
806,808,3
806,815,2
806,823,2
806,824,2
806,825,2
806,938,3
806,939,3
806,940,2
806,941,2
806,942,3
806,944,2
806,1116,2
806,1117,2
806,2750,2
806,2751,2
806,2752,3
806,2753,2
806,1834,3
806,2754,2
806,2755,2
806,2084,2
806,2756,2
806,2757,2
806,2758,2
806,1203,4
806,2890,4
806,2737,2
806,4895,2
806,4814,3
806,3379,2
806,4940,2
806,4941,3
806,3586,2
807,809,2
807,808,5
807,815,3
807,816,3
807,817,2
807,818,2
807,819,2
807,820,3
807,821,3
807,822,2
807,823,3
807,824,3
807,825,3
807,841,2
807,842,2
807,843,2
807,4901,2
807,4902,2
808,809,2
808,4901,2
808,4902,2
809,1459,4
809,1460,4
809,1461,4
809,1462,5
809,1463,4
809,1464,4
809,1487,2
809,4165,2
810,811,2
810,812,2
810,813,2
810,814,2
811,812,2
811,813,2
811,814,2
811,865,17
811,1002,4
811,1003,6
811,1004,3
811,948,10
811,1005,11
811,1006,5
811,1007,6
811,1008,5
811,1009,2
811,883,7
811,1010,5
811,1011,6
811,1012,2
811,1023,8
811,1024,11
811,1025,5
811,1026,4
811,1027,5
811,1081,2
811,1082,6
811,888,2
811,949,3
811,1770,2
811,1985,2
811,868,15
811,2538,2
811,2535,2
811,853,2
811,2536,3
811,2537,2
811,1323,2
811,878,3
811,882,3
811,884,2
811,969,2
811,1376,5
811,2826,2
811,2827,2
811,2828,2
811,1928,2
811,2829,2
811,2830,2
811,2831,2
811,2832,3
811,2833,2
811,2834,2
811,2835,2
811,2836,2
811,2837,2
811,2838,2
811,2839,2
811,2191,2
811,1455,2
811,2840,2
811,2841,2
811,2842,2
811,1727,2
811,2843,2
811,2844,2
811,2845,2
811,2846,2
811,2847,2
811,2848,2
811,2849,2
811,2850,2
811,2851,2
811,2852,2
811,2853,2
811,2854,2
811,2855,2
811,2856,2
811,2358,3
811,3218,11
811,3219,11
811,3223,3
811,3240,7
811,3069,2
811,3658,3
811,1110,3
811,1141,5
811,2776,2
811,1656,2
811,3667,4
811,1639,3
811,2036,2
811,864,9
811,3685,8
811,1174,4
811,895,6
811,1331,16
811,3908,6
811,1087,4
811,3914,2
811,3915,2
811,951,2
811,3741,2
811,4709,8
811,1383,2
811,836,3
811,1413,2
811,4729,2
811,3660,2
811,3325,2
811,1736,2
811,1514,2
811,4730,2
811,2861,2
811,877,4
811,4977,4
811,1143,2
811,5113,2
811,5064,2
811,5103,4
811,1653,3
811,3408,4
811,5098,3
811,5141,2
811,1979,3
811,1642,2
811,2130,4
811,5337,3
811,5338,3
811,931,4
811,917,4
811,5413,2
811,2376,2
811,3304,2
811,5431,2
811,3592,2
811,5432,2
811,1287,2
811,1075,8
811,5434,2
811,5436,3
811,2355,6
811,5414,5
811,2688,5
811,5437,2
811,5440,2
811,5439,2
811,5548,6
811,1437,2
811,5549,2
811,5505,3
811,5537,2
812,813,2
812,814,2
813,814,2
813,946,3
813,1425,15
813,1375,3
813,1481,5
813,1851,8
813,1852,3
813,1869,3
813,1870,3
813,2299,2
813,2300,2
813,2301,2
813,2302,2
813,1491,9
813,2303,2
813,2304,2
813,2305,2
813,2306,2
813,2307,2
813,2308,2
813,2309,2
813,2310,2
813,2311,2
813,2312,2
813,2313,2
813,2314,2
813,1031,11
813,2315,2
813,2353,2
813,2325,6
813,2326,3
813,2327,3
813,2328,3
813,1865,15
813,2255,3
813,2256,3
813,2329,3
813,2330,3
813,2331,14
813,931,7
813,2347,6
813,2422,2
813,982,3
813,864,3
813,2721,2
813,4343,9
813,4344,5
813,4345,3
813,4358,3
813,3360,6
813,4778,2
813,4779,3
813,4780,2
813,4782,2
813,4781,2
813,1859,2
813,4513,2
813,4915,2
814,909,2
814,911,2
814,2286,2
814,2768,5
814,2769,2
814,2734,3
814,1173,3
814,1174,3
814,1932,2
814,5157,3
814,5158,2
814,4931,7
814,5159,4
814,1884,2
814,5175,3
814,5187,2
814,5244,2
815,816,3
815,817,2
815,818,3
815,819,2
815,820,3
815,821,3
815,822,2
815,823,4
815,824,4
815,825,4
815,841,2
815,842,2
815,843,2
816,817,2
816,818,2
816,819,2
816,820,3
816,821,3
816,822,2
816,823,3
816,824,3
816,825,3
816,841,2
816,842,2
816,843,2
816,2074,2
816,2075,2
816,1067,2
817,818,2
817,819,2
817,820,2
817,821,2
817,822,2
817,823,2
817,824,2
817,825,2
818,819,2
818,820,2
818,821,2
818,822,2
818,823,3
818,824,3
818,825,3
819,820,2
819,821,2
819,822,2
819,823,2
819,824,2
819,825,2
820,821,3
820,822,2
820,823,3
820,824,3
820,825,3
820,841,2
820,842,2
820,843,2
821,822,12
821,823,3
821,824,3
821,825,3
821,841,2
821,842,2
821,843,2
821,1782,10
821,1783,10
821,1784,10
821,1785,10
821,1786,10
821,1787,10
821,1788,10
821,1789,10
821,1790,10
821,1791,9
821,1793,8
821,5215,5
821,5216,5
821,5217,7
821,1840,8
821,3185,8
821,894,7
821,2225,7
821,5218,7
821,1355,6
821,3590,8
821,1347,6
821,1797,7
821,5219,6
821,5231,5
821,5226,6
821,5232,6
821,5233,6
821,5227,6
821,4616,5
821,5235,5
821,5236,5
821,5239,4
821,5237,5
821,1309,4
821,3186,5
821,5240,4
822,823,2
822,824,2
822,825,2
822,1782,10
822,1783,10
822,1784,10
822,1785,10
822,1786,10
822,1787,10
822,1788,10
822,1789,10
822,1790,10
822,1791,9
822,1793,8
823,824,4
823,825,4
823,841,2
823,842,2
823,843,2
824,825,4
824,841,2
824,842,2
824,843,2
824,912,3
825,841,2
825,842,2
825,843,2
826,3771,3
827,828,13
827,829,13
827,830,6
827,2251,12
827,2793,6
827,2794,6
827,2798,5
827,1756,3
828,829,13
828,830,6
828,2251,12
828,2793,6
828,2794,6
828,2798,5
828,1756,3
829,830,6
829,2251,12
829,2793,6
829,2794,6
829,2798,5
829,1756,3
830,2798,5
830,2251,5
830,2793,3
830,2794,3
830,4755,2
830,1547,6
830,4748,3
830,4756,2
831,832,3
831,833,2
831,834,2
831,900,2
832,833,4
832,834,3
832,900,6
832,903,2
832,904,3
832,907,2
832,4149,2
833,834,3
833,900,3
833,904,2
834,900,2
835,836,2
835,837,2
836,838,2
836,837,2
836,839,4
836,2322,9
836,2629,14
836,2630,4
836,868,19
836,2638,3
836,3406,9
836,2253,10
836,3407,10
836,1814,10
836,3408,10
836,864,10
836,910,2
836,3413,2
836,3172,2
836,3944,2
836,3945,2
836,3946,2
836,3947,2
836,3948,2
836,3949,2
836,3950,2
836,3951,2
836,3952,2
836,3953,2
836,2330,2
836,1723,2
836,1856,2
836,3954,2
836,3955,2
836,3956,2
836,3957,2
836,3958,2
836,4594,5
836,4595,3
836,1331,11
836,4596,6
836,2293,2
836,1364,6
836,948,2
836,3658,2
836,1383,2
836,1413,2
836,4729,2
836,3660,2
836,3325,2
836,1736,2
836,1514,2
836,4730,2
836,5435,5
836,5436,4
836,1103,5
836,1075,2
836,2861,4
836,2369,5
836,4652,3
838,1018,2
838,1019,2
838,1020,2
838,1021,2
838,1022,2
838,2026,2
838,1290,2
838,5345,2
838,1006,2
838,5346,2
838,5347,2
838,5400,5
838,5412,3
838,5401,3
838,5402,2
839,2439,2
839,2440,2
839,2441,2
839,2442,2
839,1022,2
840,1018,2
840,1019,2
840,1020,2
840,1021,2
840,1022,2
840,1215,3
840,1217,3
840,1218,2
840,1219,2
840,1220,3
840,1222,3
840,1223,3
840,1225,2
840,1221,2
840,1053,2
840,1226,2
840,1375,3
840,1822,2
840,2920,2
840,2821,2
840,3198,2
840,3199,2
840,3200,2
840,1381,2
840,917,4
840,919,2
840,4173,2
840,4174,2
840,899,2
840,4971,2
840,905,2
840,1578,2
841,842,2
841,843,2
842,843,2
844,2800,2
844,875,2
844,1265,2
844,1137,2
844,3651,2
844,3200,2
844,1479,2
844,4118,2
844,4119,2
844,4120,2
844,3295,2
844,1961,6
844,4175,4
844,2812,6
844,4743,2
844,917,2
844,864,4
844,946,2
844,5583,2
844,2058,2
845,847,2
845,848,2
845,2030,2
846,905,2
846,3592,3
846,1053,2
846,3666,5
846,1183,6
846,3697,2
846,3560,3
846,2562,2
846,973,2
846,3694,4
846,1454,6
846,3696,4
846,3832,3
846,1163,4
846,2928,2
846,4367,2
846,3700,2
846,1164,2
846,4374,2
846,4375,2
846,1287,2
846,1324,2
847,848,2
850,1537,2
850,1538,2
850,1740,2
850,3365,2
850,1863,2
850,3647,2
850,3648,2
850,3649,2
850,1654,2
850,3088,4
850,2011,2
850,2156,2
850,1442,2
850,3200,2
850,3650,2
850,4763,2
850,4764,2
850,4765,2
850,4766,2
850,3087,2
850,4767,2
850,4768,2
850,1866,2
850,4769,2
850,2861,2
850,4770,2
850,4771,2
850,4772,2
850,3090,2
850,3705,2
850,1193,2
851,852,8
851,853,2
851,1607,2
851,2020,2
851,2021,2
851,1118,2
851,1119,2
851,2143,2
851,1576,2
852,853,2
852,1607,2
853,858,4
853,861,2
853,878,28
853,879,2
853,880,2
853,881,2
853,882,3
853,883,2
853,884,3
853,885,2
853,1952,2
853,2536,2
853,969,2
853,2861,3
853,1875,4
853,1874,2
853,4096,2
853,4147,2
853,4282,13
853,4283,13
853,4284,13
853,1157,13
853,4285,13
853,4286,13
853,1796,13
853,3637,13
858,892,11
858,1315,3
858,1316,5
858,1317,4
858,1318,3
858,1319,2
858,1320,2
858,1321,4
858,1322,3
858,1323,4
858,1324,5
858,1426,2
858,1594,3
858,1595,2
858,1596,2
858,1338,2
858,2208,2
858,1525,2
858,2519,3
858,2520,3
858,2521,3
858,2522,2
858,2527,2
858,2528,2
858,1256,3
858,3495,5
858,3496,6
858,3466,9
858,3497,4
858,2894,6
858,3498,6
858,3499,6
858,3500,3
858,4028,2
858,4029,2
858,4030,2
858,908,2
858,4031,2
858,4032,2
858,4033,2
858,4034,2
858,4035,2
858,4036,2
858,4037,2
858,4038,2
858,4039,2
858,4040,2
858,4084,2
858,3036,2
858,3897,2
858,4365,2
858,3704,2
858,4796,2
858,1704,2
858,2356,3
858,2357,2
858,3705,2
858,4363,5
858,4218,2
858,5398,3
858,2200,3
858,5399,3
858,4183,2
858,1377,2
858,5565,2
858,5572,2
860,1794,2
860,4908,2
863,963,3
863,964,2
863,965,2
863,966,2
863,967,2
863,968,2
863,867,5
863,1110,2
863,1610,2
863,1611,2
863,1522,5
863,1523,12
863,1525,9
863,1527,5
863,2087,2
863,2088,5
863,2089,5
863,2090,5
863,2091,4
863,1835,6
863,1005,3
863,1140,2
863,2713,2
863,1769,2
863,1401,8
863,3197,5
863,1174,2
863,2672,2
863,1938,3
863,3513,3
863,1558,3
863,2854,3
863,3808,2
863,4428,6
863,4429,3
863,4059,4
863,4370,3
863,4478,2
863,3170,4
863,2746,4
863,4479,4
863,4480,4
863,3625,3
863,2468,3
863,872,4
863,2506,3
863,3166,2
863,4487,3
863,1530,3
863,2375,2
863,4488,3
863,4356,2
863,2283,2
863,4773,2
863,4774,4
863,4775,4
863,4776,4
863,2365,4
863,3871,6
863,1331,2
863,864,2
863,2286,4
863,2784,2
863,5292,3
863,3724,3
863,5296,2
863,5293,2
863,2322,3
863,3344,3
863,5294,3
863,2763,3
863,1120,2
863,5295,3
863,3457,3
863,2331,3
863,1323,3
863,868,3
863,1857,2
864,865,5
864,868,2
864,928,2
864,929,2
864,1619,2
864,974,10
864,962,2
864,1864,3
864,1425,7
864,2286,4
864,2287,4
864,917,2
864,1141,10
864,2359,2
864,2354,2
864,2360,2
864,2361,2
864,980,2
864,1031,8
864,1491,7
864,1865,6
864,2347,5
864,2331,15
864,2739,8
864,931,17
864,2776,3
864,2777,2
864,2206,2
864,2040,2
864,1550,2
864,2623,2
864,1030,2
864,1961,6
864,1924,2
864,2734,2
864,2812,6
864,2813,2
864,2814,2
864,1376,6
864,2535,2
864,2518,2
864,3225,2
864,3226,2
864,2616,2
864,1456,2
864,1525,5
864,1770,3
864,1138,4
864,1401,2
864,2861,9
864,3370,3
864,3406,8
864,2253,9
864,3407,9
864,1814,9
864,3408,12
864,910,2
864,3172,2
864,1904,2
864,1146,2
864,3667,6
864,1443,2
864,1639,3
864,2036,2
864,3685,23
864,1174,2
864,1796,3
864,3937,5
864,4015,2
864,4016,2
864,4224,2
864,1253,2
864,4225,3
864,1587,2
864,4226,2
864,3570,2
864,4227,3
864,1084,5
864,1194,7
864,4321,7
864,4322,6
864,4323,7
864,899,4
864,4324,5
864,3633,7
864,4325,7
864,4326,5
864,4327,6
864,1197,7
864,4328,6
864,4329,5
864,4259,6
864,4330,7
864,4331,7
864,4332,7
864,4218,5
864,2284,7
864,4403,2
864,2746,3
864,1725,3
864,4381,2
864,4293,2
864,4707,5
864,2154,4
864,4714,2
864,2925,2
864,4213,2
864,4720,2
864,4175,2
864,2914,2
864,1547,2
864,4757,13
864,4793,2
864,3374,2
864,4794,2
864,4805,2
864,5030,6
864,5031,6
864,5032,5
864,5027,2
864,5029,2
864,930,2
864,5053,3
864,5054,3
864,1621,2
864,5098,12
864,5061,2
864,877,3
864,4977,3
864,5103,17
864,5109,2
864,5110,2
864,5126,4
864,5127,6
864,1644,2
864,1642,2
864,5173,7
864,5180,2
864,5181,2
864,5182,3
865,866,3
865,867,5
865,868,7
865,1002,4
865,1003,6
865,1004,3
865,948,7
865,1005,12
865,1006,5
865,1007,6
865,1008,5
865,1009,2
865,883,7
865,1010,6
865,1011,6
865,1012,2
865,1023,9
865,1024,5
865,1025,5
865,1026,4
865,1027,6
865,1081,2
865,1082,7
865,2034,3
865,888,2
865,1141,4
865,1174,3
865,1143,5
865,1323,2
865,2358,3
865,2535,2
865,2906,2
865,949,5
865,2634,2
865,1770,4
865,3621,3
865,3622,3
865,3623,3
865,1021,16
865,1175,3
865,1579,2
865,1176,2
865,2184,3
865,3585,2
865,3687,2
865,3858,2
865,885,2
865,3863,10
865,3864,12
865,4176,2
865,4636,2
865,1547,2
865,4637,2
865,4638,2
865,4639,2
865,3453,2
865,4640,2
865,4641,2
865,4642,2
865,4643,2
865,4644,2
865,4645,2
865,3457,2
865,3871,3
865,4898,5
865,4899,2
865,4900,2
865,1560,2
865,1022,2
865,5071,7
865,5072,12
865,3685,3
865,5103,3
865,5098,3
865,877,2
865,4977,2
865,3408,3
865,5141,2
865,5212,17
865,1653,2
865,2945,5
865,5245,9
865,5242,11
865,5246,6
865,5574,3
865,3119,2
865,5589,2
865,886,3
865,879,2
865,1446,2
865,2459,3
865,4275,3
865,1451,2
865,2589,2
866,867,2
866,950,3
866,1925,6
866,1986,2
866,1023,2
866,1932,3
866,2036,3
866,2544,2
866,879,2
866,887,2
866,2414,2
866,880,2
866,888,2
866,2545,2
866,2415,2
866,2358,3
866,2535,2
866,2129,4
866,2861,2
866,3661,3
866,1141,3
866,2766,2
866,3662,2
866,3663,2
866,3664,3
866,1143,2
866,1649,2
867,962,7
867,963,2
867,964,2
867,965,2
867,966,2
867,935,2
867,967,2
867,968,2
867,2034,8
867,2371,2
867,2372,2
867,2373,6
867,2427,6
867,4607,3
867,4183,4
867,4608,4
867,4501,4
867,4609,4
867,4610,4
867,4773,2
867,1401,4
867,4774,4
867,4775,4
867,4776,4
867,2365,4
867,3871,11
867,3069,2
867,886,10
867,934,2
867,5555,3
867,5553,5
867,2916,4
867,3789,6
867,5554,6
867,5120,2
867,2459,10
867,1451,7
867,949,6
867,5581,4
867,5573,4
867,5574,9
867,1005,5
867,5582,3
867,3706,3
867,5160,4
867,3119,2
867,5589,2
867,879,2
867,1446,2
867,4275,6
867,2589,2
867,1560,2
867,2539,2
867,5576,2
868,948,3
868,888,3
868,1082,5
868,949,3
868,1985,2
868,1559,2
868,2322,12
868,2629,15
868,2630,4
868,2638,4
868,1023,2
868,1005,3
868,1141,3
868,1143,2
868,2784,2
868,5292,2
868,3724,2
868,2286,2
868,5293,2
868,3344,2
868,5294,2
868,2763,2
868,1522,2
868,1120,2
868,5295,2
868,3457,2
868,2331,2
868,1323,2
868,5413,3
868,1110,2
868,1331,18
868,3304,2
868,5431,2
868,3592,2
868,5432,2
868,1287,2
868,1075,12
868,1639,2
868,5433,4
868,5434,2
868,4652,8
868,5435,10
868,2688,7
868,5436,11
868,1103,6
868,2861,5
868,1364,9
868,2369,8
868,2355,6
868,5414,5
868,5437,2
868,5440,2
868,5439,2
868,5441,2
868,5476,5
868,5477,10
868,5489,6
870,871,5
870,872,5
870,873,5
870,874,5
870,994,4
870,1923,4
870,1000,4
871,872,9
871,873,8
871,874,7
871,992,3
871,994,6
871,1000,8
871,1923,6
872,873,28
872,874,7
872,992,24
872,993,21
872,994,20
872,995,2
872,996,2
872,997,20
872,890,21
872,998,3
872,999,2
872,1000,23
872,1033,12
872,1034,2
872,1035,13
872,1036,2
872,1060,4
872,1066,2
872,1071,3
872,1077,2
872,1923,6
872,4477,2
872,3625,4
872,1530,3
872,4059,4
872,3552,2
872,1401,2
872,3170,3
872,4428,4
872,2746,3
872,2468,3
872,2506,3
872,3166,2
872,4487,3
872,4370,2
872,2375,2
872,4488,3
872,4356,2
872,4479,3
872,4480,3
872,2283,2
872,4933,6
872,4934,7
872,4935,6
872,1776,7
872,4936,6
872,2180,7
872,4937,3
872,4944,3
872,2179,2
873,874,7
873,992,22
873,993,20
873,994,20
873,995,2
873,996,2
873,997,20
873,890,20
873,998,3
873,999,2
873,1000,21
873,1033,12
873,1034,2
873,1035,13
873,1036,2
873,1060,4
873,1066,2
873,1071,3
873,1923,6
874,994,5
874,1923,6
874,1000,6
874,1401,3
874,2670,3
874,2671,3
874,1124,2
875,2626,2
875,2640,7
875,2800,13
875,2976,8
875,2978,3
875,1265,14
875,2977,2
875,3011,2
875,1598,10
875,2648,10
875,1066,6
875,3012,5
875,889,7
875,3013,9
875,2509,9
875,3015,3
875,2747,8
875,890,9
875,3014,8
875,1036,9
875,1132,4
875,1078,4
875,3023,2
875,1917,2
875,1329,2
875,3548,2
875,3550,2
875,2259,4
875,2647,2
876,4496,2
876,4497,3
876,4498,3
876,4499,3
876,3871,3
877,1141,2
877,3685,4
877,4977,4
877,5103,3
877,5098,2
877,3408,2
877,5141,2
878,879,2
878,880,2
878,881,2
878,882,3
878,883,2
878,884,3
878,885,2
878,1411,2
878,1412,2
878,1937,2
878,1938,2
878,969,2
878,3417,2
878,3418,2
878,1989,3
878,1874,3
878,1875,5
878,3514,9
878,2861,6
878,2585,2
878,4065,4
878,4055,4
878,4056,4
878,934,4
878,3568,4
878,4057,3
878,4058,4
878,3935,4
878,3936,4
878,4282,14
878,4283,14
878,4284,14
878,1157,14
878,4285,14
878,4286,14
878,1796,14
878,3637,14
878,4415,2
878,3592,2
878,1393,2
878,3985,2
878,1454,2
878,1163,2
878,3828,2
878,3666,2
878,4416,2
878,3596,2
878,3598,2
878,3308,2
878,3309,2
878,2044,2
878,3310,2
878,3929,6
878,5319,2
878,5320,4
878,3781,3
878,5321,2
878,5322,5
878,5323,2
878,1560,3
878,1443,2
878,5560,2
878,5561,2
879,886,4
879,887,4
879,880,7
879,881,2
879,888,4
879,882,4
879,883,2
879,884,3
879,885,2
879,2544,2
879,2414,3
879,1932,2
879,2545,2
879,2415,4
879,2546,2
879,3919,2
879,5574,2
879,3119,2
879,5589,2
879,1446,2
879,1005,2
879,2459,2
879,4275,2
879,1451,2
879,2589,2
879,2034,2
879,3871,2
880,886,2
880,887,4
880,888,4
880,882,3
880,883,2
880,884,3
880,885,2
880,2544,2
880,2414,3
880,1932,2
880,2545,2
880,2415,3
881,888,2
881,882,4
881,884,2
882,887,2
882,888,3
882,883,2
882,884,3
882,893,2
882,885,2
882,2536,2
882,2546,2
882,2415,2
882,3781,2
882,3741,2
882,949,2
882,1141,2
882,5370,9
882,1087,7
882,1536,7
882,1677,9
882,1904,9
882,5371,7
882,5372,9
882,4452,2
882,974,2
883,888,2
883,884,2
883,885,2
883,1002,4
883,1003,5
883,1004,3
883,948,4
883,1005,5
883,1006,5
883,1007,5
883,1008,5
883,1009,2
883,1010,6
883,1011,5
883,1023,4
883,1024,4
883,1025,4
883,1026,4
883,1027,5
883,1081,2
883,1174,2
883,2550,2
884,885,2
884,1141,3
884,4189,2
884,2367,2
885,888,3
885,890,2
885,2093,2
885,2094,2
885,2095,2
885,969,3
885,1985,2
885,1401,2
885,3621,2
885,3622,2
885,3623,2
885,3858,2
885,1021,2
885,3238,2
885,2437,3
885,5366,2
886,4464,2
886,3320,2
886,996,3
886,1006,2
886,4359,2
886,4465,2
886,4466,2
886,4467,2
886,4468,2
886,967,2
886,4469,2
886,2252,3
886,3696,3
886,1770,2
886,3069,3
886,962,7
886,934,4
886,5555,4
886,5553,14
886,2916,11
886,3789,14
886,5554,16
886,5120,5
886,5573,14
886,5574,21
886,2427,13
886,1446,3
886,1005,9
886,2459,21
886,3706,10
886,5575,3
886,1451,13
886,1776,2
886,971,3
886,5576,5
886,2368,2
886,2034,19
886,3871,11
886,5160,12
886,1027,2
886,2688,2
886,4275,10
886,2589,3
886,5581,6
886,5582,5
886,949,7
886,3119,2
886,5589,2
886,2022,2
886,1560,2
886,5590,2
886,1082,2
886,1437,2
886,5591,2
886,2360,2
886,2539,4
886,995,2
887,888,5
887,2414,4
887,2415,4
887,2544,2
887,1932,2
887,2545,2
888,948,2
888,949,2
888,1985,4
888,2093,2
888,2094,2
888,2095,2
888,969,2
888,2414,4
888,2415,4
888,2544,2
888,1932,2
888,2545,2
888,3444,2
888,2024,2
888,3445,2
888,3446,2
888,3447,2
888,3448,2
888,3449,2
888,3450,2
888,3451,2
888,908,2
888,1616,2
888,3452,2
888,3453,2
888,3454,2
888,1423,2
888,3455,2
888,3456,2
888,2036,2
888,2369,2
888,3457,2
889,890,9
889,3013,8
889,2976,5
889,2800,6
889,2509,8
889,2747,8
889,3014,8
889,1036,8
889,1265,7
889,1132,5
889,1598,4
889,2648,5
889,1066,2
889,3012,3
889,2640,4
889,3023,2
890,992,21
890,993,21
890,994,14
890,995,2
890,996,2
890,997,20
890,998,3
890,999,2
890,1000,15
890,1033,12
890,1034,2
890,1035,13
890,1036,12
890,1060,4
890,1066,4
890,1071,3
890,1077,2
890,1132,6
890,1171,3
890,1172,3
890,1179,3
890,1190,3
890,3013,10
890,2976,5
890,2800,7
890,2509,10
890,3015,2
890,2747,9
890,3014,9
890,1265,8
890,1598,5
890,2648,5
890,3012,3
890,2640,4
890,3023,3
890,1078,2
890,3024,2
892,1597,3
892,1598,3
892,1602,2
892,1603,2
892,1604,2
892,2519,3
892,2520,3
892,2521,3
892,2522,2
892,2527,2
892,2528,2
892,1256,3
892,3495,5
892,3496,6
892,3466,6
892,3497,4
892,2894,6
892,3498,6
892,3499,6
892,3500,3
893,990,4
893,1141,4
893,5033,2
893,1143,3
893,3913,3
893,3661,2
893,1445,2
893,4721,2
893,5050,2
893,5051,2
894,5215,5
894,5216,5
894,5217,7
894,1840,8
894,3185,8
894,2225,7
894,5218,8
894,1355,6
894,3590,8
894,1347,6
894,1797,7
894,5219,6
894,5226,6
894,5227,6
894,5231,5
894,5232,5
894,5233,5
894,4616,4
894,5235,4
894,5236,4
894,5239,4
894,5237,4
894,1309,4
894,3186,4
894,5240,4
895,1331,6
895,1087,4
895,3240,4
895,3914,2
895,3908,4
895,3915,2
896,4354,2
896,1550,2
896,5448,2
896,2486,2
896,2824,2
896,4259,2
896,5449,2
896,5450,2
896,2259,2
899,1052,3
899,1056,2
899,1057,2
899,1058,3
899,1059,4
899,1053,3
899,1195,2
899,1396,5
899,1198,2
899,1212,2
899,1394,3
899,1395,3
899,1456,3
899,1422,2
899,1572,4
899,1578,8
899,1740,6
899,1750,4
899,1751,4
899,1741,3
899,946,3
899,1754,2
899,1375,7
899,1196,4
899,1962,3
899,905,6
899,1902,3
899,1990,7
899,2938,5
899,1837,2
899,1794,4
899,3020,3
899,3021,4
899,3022,2
899,2993,2
899,3242,2
899,1867,3
899,3736,2
899,3737,3
899,3738,3
899,1768,2
899,3739,2
899,3707,3
899,3740,2
899,3755,2
899,3756,2
899,3757,2
899,2439,2
899,3758,2
899,3760,2
899,1084,3
899,1194,4
899,4321,4
899,4322,4
899,4323,4
899,4324,2
899,3633,4
899,4325,4
899,4326,3
899,4327,4
899,1197,5
899,2861,5
899,4328,3
899,4329,3
899,4259,4
899,4330,4
899,4331,5
899,4332,5
899,4218,3
899,2284,4
899,4108,2
899,4667,2
899,4677,2
899,4668,2
899,2195,2
899,4669,2
899,4678,2
899,2381,2
899,4674,2
899,4244,2
899,934,2
899,4938,2
899,4939,2
899,4971,5
900,903,2
900,904,4
900,906,3
900,907,4
900,2237,4
900,3505,2
900,3643,2
900,3556,2
900,1839,2
900,3644,2
900,3645,2
900,3646,2
900,4459,2
900,3605,3
900,5310,3
900,1439,2
900,1440,2
900,2331,2
900,5499,2
900,2213,2
900,5500,2
900,5501,2
900,4149,2
901,1313,2
901,1314,2
901,4176,2
901,4177,2
901,4178,2
901,4179,2
901,1933,2
901,2585,2
901,4180,2
901,4181,2
901,4182,2
901,4262,4
901,1053,9
901,4385,8
901,4059,2
901,1427,2
901,4388,4
901,4386,7
901,4389,4
901,4390,2
901,1133,3
901,4635,3
901,1514,3
902,1680,3
902,1902,2
902,3301,2
903,5396,2
903,4104,2
903,1525,2
903,917,2
904,905,2
905,1487,2
905,1578,3
905,1355,2
905,1796,2
905,1569,2
905,2928,5
905,3592,4
905,4367,5
905,1454,8
905,4398,2
905,1163,4
905,3835,4
905,3681,3
905,3682,3
905,1923,2
905,3598,5
905,1164,4
905,3833,2
905,4399,2
905,4400,3
905,4401,2
905,952,2
905,1413,2
905,3828,2
905,1183,4
905,3700,2
905,3696,2
905,3596,2
905,1287,3
905,3666,3
905,4375,2
905,1324,2
905,1542,2
905,2225,3
905,4517,2
905,4518,2
905,4519,2
905,4520,2
905,4521,2
905,3655,2
905,1375,2
905,4971,2
905,1708,2
905,4880,2
905,2127,2
905,1031,2
905,5055,2
905,1146,2
906,3505,2
906,3643,2
906,3556,2
906,1839,2
906,3644,2
906,3645,2
906,3646,2
908,1779,3
908,1780,3
908,1781,3
908,1136,3
908,1792,2
908,3156,2
908,3444,2
908,2024,2
908,3445,2
908,3446,2
908,3447,2
908,3448,2
908,3449,2
908,3450,2
908,3451,2
908,1616,2
908,3452,2
908,3453,2
908,3454,2
908,1423,2
908,3455,2
908,3456,2
908,2036,2
908,2369,2
908,3457,2
908,4028,2
908,4029,2
908,4030,4
908,4031,2
908,4032,2
908,4033,3
908,4034,2
908,4035,3
908,4036,3
908,4037,3
908,4038,2
908,4039,3
908,4040,2
908,2746,3
908,4381,3
909,910,3
909,1931,2
909,1932,2
909,1933,2
909,1934,2
910,1931,2
910,1932,2
910,1933,2
910,1934,2
910,2253,2
910,3407,2
910,1814,2
910,3408,2
911,1109,2
911,1110,4
911,963,4
911,1111,3
911,1112,4
911,1113,3
911,1114,2
911,964,2
911,965,2
911,966,2
911,1115,3
911,967,2
911,968,2
911,1175,2
914,915,2
914,1467,2
914,1565,3
914,1466,2
914,1468,2
914,1469,2
914,1566,2
914,1465,3
914,1871,8
914,1408,13
914,2479,2
914,1456,3
914,928,5
914,2062,4
914,2802,2
914,2803,4
914,3528,3
914,1264,2
914,1277,2
914,1253,2
914,4647,2
914,4648,2
914,1133,2
914,4649,2
914,1670,2
916,917,2
916,1085,2
916,1277,2
916,1278,2
916,1279,2
916,1280,2
916,1281,2
916,1053,2
916,1282,2
916,1283,2
916,1284,2
916,2364,2
916,2861,2
916,3374,5
916,1153,3
916,2606,2
916,1102,2
916,4142,2
916,4450,2
916,4453,2
916,1756,6
916,4463,2
917,1554,9
917,1557,6
917,1574,2
917,1575,4
917,1576,4
917,1908,5
917,1909,7
917,919,22
917,1924,2
917,1232,2
917,1979,5
917,1980,7
917,1981,2
917,1982,4
917,1987,5
917,979,2
917,2286,4
917,2288,4
917,2289,2
917,2591,4
917,1389,5
917,931,11
917,2608,4
917,2610,2
917,1654,6
917,2611,5
917,2612,4
917,2130,10
917,2620,4
917,2699,3
917,1674,3
917,1161,2
917,1174,3
917,1143,17
917,2821,3
917,2857,2
917,1381,3
917,1822,3
917,2920,3
917,3198,2
917,3199,2
917,3200,5
917,1839,2
917,3307,2
917,3516,2
917,1550,3
917,1961,4
917,2734,3
917,2329,3
917,1619,2
917,1117,4
917,3652,2
917,2246,4
917,2058,2
917,4104,5
917,4105,3
917,2004,3
917,4106,3
917,3666,3
917,4107,2
917,2424,2
917,4173,3
917,4175,2
917,4174,3
917,4206,6
917,3802,4
917,1652,5
917,2132,10
917,2355,5
917,4211,5
917,3801,4
917,4212,2
917,2812,2
917,3120,2
917,1642,3
917,5337,3
917,5338,3
917,5396,2
917,1525,2
917,1141,11
917,5397,3
917,1649,2
917,5551,4
919,1908,3
919,1909,2
919,1232,2
919,1979,2
919,1980,3
919,1981,2
919,1982,2
919,1987,2
919,979,2
919,1576,2
919,1822,2
919,2920,3
919,2821,2
919,3198,2
919,3199,2
919,3200,4
919,1381,2
919,1117,4
919,3652,2
919,2246,4
919,2058,2
919,1141,8
919,1649,2
919,5551,4
919,1143,5
920,921,2
921,991,4
922,923,2
922,924,2
923,924,2
924,1530,8
924,2785,9
924,3018,9
924,1255,8
924,1401,2
924,1124,3
924,3121,2
924,3195,2
924,1522,2
924,4139,2
924,4145,2
924,4361,2
924,4362,2
924,4363,2
925,926,8
925,927,8
925,975,5
925,976,2
925,1037,4
926,927,10
926,975,5
926,976,5
926,929,4
926,1032,2
926,1037,5
926,1051,2
926,1068,3
926,1502,4
926,972,11
926,2480,11
926,1686,11
926,1401,6
926,2365,6
927,975,5
927,976,4
927,929,3
927,1032,2
927,1037,5
927,1062,3
927,1054,5
927,2451,4
927,2452,5
927,2453,5
927,2454,5
927,2362,4
927,2455,4
927,2456,2
928,2229,39
928,2467,6
928,2479,24
928,1456,18
928,2781,3
928,2782,6
928,2062,4
928,3037,16
928,3038,14
928,3039,14
928,3040,16
928,2477,17
928,3041,15
928,2330,2
928,1277,19
928,4006,3
928,4023,2
928,1083,10
929,976,3
929,1069,2
929,2452,2
929,2454,2
929,2362,2
929,2385,2
929,2888,2
929,2899,2
929,3313,2
929,3299,2
930,931,9
930,1770,2
930,1254,2
930,1107,2
930,962,2
930,1984,2
930,4422,2
930,4423,2
930,4424,2
930,3956,2
930,5027,10
930,1087,7
930,5028,9
930,1796,7
930,5029,10
930,3370,2
931,1619,3
931,1620,3
931,974,5
931,1904,2
931,2176,2
931,2177,2
931,2178,2
931,2324,5
931,2325,17
931,2326,8
931,2327,8
931,2328,8
931,1865,16
931,2256,9
931,2329,8
931,2330,9
931,2331,25
931,2255,8
931,1425,16
931,2347,15
931,2350,3
931,2351,2
931,2352,2
931,2353,2
931,1481,2
931,2354,4
931,2355,4
931,1143,7
931,2365,5
931,2366,2
931,2591,4
931,1389,4
931,2608,3
931,1491,9
931,982,8
931,2722,2
931,2721,8
931,1031,10
931,3224,6
931,3225,8
931,3226,7
931,3227,6
931,2616,7
931,3228,6
931,1456,8
931,1525,7
931,1770,7
931,3229,4
931,3414,2
931,2746,2
931,1141,5
931,1675,10
931,4926,2
931,5027,8
931,1087,6
931,5028,8
931,1796,5
931,5029,8
931,5030,6
931,5031,6
931,5032,4
931,2777,3
931,5053,4
931,1376,2
931,3685,3
931,5056,2
931,5057,2
931,5103,2
931,5098,2
931,5127,2
931,1642,3
931,1979,3
931,2130,5
931,5337,3
931,5338,3
932,933,2
932,4246,3
932,4845,3
932,4846,3
932,4847,3
932,4848,3
932,4849,3
932,2898,3
932,3498,3
932,4850,3
932,1809,3
932,4851,3
932,3404,3
932,1449,3
932,2665,3
932,4852,3
932,4853,3
932,2415,3
932,2539,2
932,4856,2
933,2499,2
933,4392,5
933,4393,5
933,5041,4
933,5042,4
933,2482,4
934,935,3
934,3824,2
934,1141,2
934,2861,5
934,4055,5
934,4056,5
934,3568,5
934,4057,4
934,4058,5
934,3935,5
934,3936,5
934,4065,4
934,4938,6
934,4939,5
934,5422,3
934,5423,3
934,5424,3
934,1833,3
934,1787,3
934,4501,3
934,5425,3
934,5426,3
934,5444,2
934,5445,2
934,5446,2
934,3069,2
934,5555,2
934,5553,3
934,2916,2
934,3789,3
934,5554,3
934,5120,2
934,5573,2
934,5574,3
934,2427,2
934,2459,3
934,3706,2
934,1451,2
934,971,2
934,2368,2
934,2034,3
934,3871,2
934,5160,2
934,4275,2
935,962,2
935,3848,2
935,1209,3
935,1449,3
935,3850,3
935,3722,3
935,3851,3
935,3852,3
935,3853,3
935,3855,2
935,2659,2
936,937,2
938,939,3
938,940,2
938,941,2
938,942,3
938,944,2
939,940,2
939,941,2
939,942,3
939,944,2
940,942,2
941,942,2
942,944,2
943,1273,2
943,1270,2
943,1274,2
943,1275,2
943,2322,4
943,1972,2
943,3462,2
943,2889,3
943,4110,3
943,3299,3
943,3244,3
943,4565,3
943,4566,3
943,4567,2
943,1770,3
945,1404,2
946,1180,4
946,1181,4
946,1182,4
946,1194,3
946,1195,3
946,1196,4
946,1197,3
946,1198,3
946,1199,3
946,1200,2
946,1740,13
946,1754,10
946,1741,11
946,1632,2
946,2444,4
946,2212,2
946,983,2
946,1103,3
946,2058,30
946,1670,3
946,3326,2
946,2861,2
946,1053,11
946,4214,10
946,1361,11
946,4238,6
946,4239,8
946,1680,4
946,1146,9
946,1147,2
946,3605,2
946,1863,3
946,5090,3
946,5091,3
946,5092,3
946,4060,3
946,5161,3
946,3506,2
946,3507,2
946,3508,2
946,2653,2
946,5583,2
946,5602,9
947,1614,4
947,1618,4
947,1617,3
948,949,4
948,1002,2
948,1003,2
948,1004,2
948,1005,3
948,1006,2
948,1007,2
948,1008,2
948,1010,3
948,1011,2
948,1023,2
948,1027,2
948,1082,4
948,1770,2
948,1985,2
948,1141,2
948,2129,3
948,1143,2
948,1930,2
948,2726,2
948,3658,2
948,1383,2
948,1413,2
948,4729,2
948,3660,2
948,3325,2
948,1736,2
948,1514,2
948,4730,2
948,4709,2
949,1722,2
949,1310,2
949,1723,3
949,1082,4
949,1770,5
949,1107,2
949,2358,3
949,2535,3
949,1141,4
949,2906,2
949,2634,2
949,1143,4
949,2459,15
949,1289,2
949,3638,2
949,2538,3
949,1443,2
949,2584,2
949,3689,2
949,3688,2
949,3877,5
949,3878,5
949,3879,4
949,3880,4
949,3881,4
949,3882,5
949,3883,5
949,3884,4
949,3885,4
949,3886,4
949,3887,4
949,3888,5
949,2642,5
949,3741,2
949,1171,3
949,4140,2
949,2574,2
949,4275,3
949,4634,2
949,2423,2
949,3013,2
949,5536,2
949,3350,2
949,962,2
949,1451,7
949,5581,2
949,5573,5
949,5574,7
949,2427,5
949,1005,4
949,5582,2
949,3706,5
949,5553,5
949,3789,5
949,5554,6
949,2034,6
949,3871,5
949,5160,5
949,5590,2
949,5555,2
949,2916,3
949,5576,2
950,1925,2
950,1986,2
950,2258,3
950,4507,2
950,4508,2
950,4509,2
950,4510,2
950,4511,2
950,4512,2
950,1684,2
950,4514,2
950,4515,2
950,4516,2
951,1250,2
952,1183,2
952,4367,3
952,1454,3
952,1163,3
952,3835,3
952,3696,2
952,1164,2
952,2928,2
952,3592,2
952,3681,2
952,3682,2
952,1923,2
952,3598,2
952,4399,2
952,4400,2
952,4401,2
955,956,2
956,957,3
956,962,2
956,1807,2
956,4293,3
956,4797,2
956,4799,2
956,4800,2
957,4797,2
959,960,12
959,961,10
959,974,2
960,961,10
960,974,2
962,963,2
962,964,3
962,965,3
962,966,2
962,967,3
962,968,4
962,969,3
962,1109,2
962,1110,3
962,1294,2
962,1295,2
962,1296,2
962,1297,2
962,1298,3
962,1299,2
962,1300,2
962,1301,2
962,1302,2
962,1303,2
962,1304,2
962,1305,2
962,2024,10
962,1116,8
962,2025,9
962,1285,8
962,2026,10
962,1325,9
962,2027,8
962,2028,9
962,2029,8
962,1326,10
962,1349,8
962,1865,3
962,1401,4
962,1289,2
962,2688,2
962,2725,2
962,2562,3
962,2352,2
962,1491,2
962,1425,2
962,1031,2
962,2331,2
962,2991,2
962,2992,2
962,2482,2
962,1124,3
962,2539,3
962,2471,2
962,2864,2
962,2868,2
962,2869,2
962,3069,3
962,2182,5
962,4333,4
962,4335,2
962,4336,2
962,4339,2
962,2900,3
962,1769,4
962,4340,4
962,4341,5
962,4391,2
962,4571,3
962,4581,2
962,4126,2
962,1857,2
962,3000,2
962,5198,4
962,5199,4
962,5276,4
962,5200,4
962,5201,4
962,5202,4
962,5203,4
962,1502,4
962,5204,4
962,5277,4
962,5278,4
962,2334,4
962,5279,4
962,5205,4
962,2579,4
962,5206,4
962,5207,4
962,2332,4
962,2243,4
962,1447,4
962,5208,4
962,5209,4
962,5210,4
962,1254,4
962,5355,3
962,5356,3
962,5553,3
962,2916,5
962,3789,5
962,5554,5
962,5120,2
962,2459,7
962,1451,3
962,5581,3
962,5574,6
962,2427,4
962,5582,3
962,4275,5
962,2022,2
962,2034,4
962,3871,3
962,5573,3
962,5576,2
962,5160,3
962,1005,2
962,995,2
963,964,3
963,965,3
963,966,3
963,967,3
963,968,3
963,1109,2
963,1110,11
963,1111,5
963,1112,4
963,1113,3
963,1114,2
963,1115,3
963,1175,3
963,1415,2
963,3758,2
963,5120,5
963,3834,4
963,2184,2
963,5228,2
963,5229,2
964,965,3
964,966,3
964,967,3
964,968,3
964,1109,2
964,1110,2
964,1111,2
964,1112,2
964,1113,2
964,1114,2
964,1115,2
965,966,3
965,967,4
965,968,4
965,1072,6
965,1073,3
965,1074,3
965,1075,10
965,1076,3
965,1095,2
965,1096,5
965,1109,2
965,1110,2
965,1111,2
965,1112,2
965,1113,2
965,1114,2
965,1115,2
965,1510,7
965,1511,5
965,1512,8
965,1513,8
965,1514,7
965,1539,4
965,1540,3
965,1541,5
965,1542,4
965,1543,4
965,2079,4
965,2080,2
965,2081,2
965,2082,3
965,2083,3
965,2085,2
965,2383,2
965,2418,2
965,2483,5
965,2484,8
965,2485,7
965,2486,8
965,2487,8
965,2141,7
965,2142,8
965,2143,3
965,2494,2
965,3228,6
965,1449,7
965,1087,2
965,2659,2
965,3857,3
965,2742,3
965,4663,3
965,4664,3
965,1629,3
965,4665,3
965,4666,3
965,4673,2
965,1376,2
965,4857,2
965,4869,3
965,4876,2
965,4877,2
965,4871,3
965,4155,3
965,4873,3
965,4875,3
966,967,3
966,968,3
966,1109,2
966,1110,2
966,1111,2
966,1112,2
966,1113,2
966,1114,2
966,1115,2
967,968,7
967,1109,2
967,1110,2
967,1111,2
967,1112,2
967,1113,2
967,1114,2
967,1115,2
967,4464,2
967,3320,2
967,996,2
967,1006,3
967,4359,2
967,4465,2
967,4466,2
967,4467,2
967,4468,3
967,4469,2
967,2252,2
967,4475,2
967,5415,2
967,5416,4
967,5417,4
967,5418,2
967,2861,4
967,5421,3
967,5419,3
967,2319,3
967,5420,4
967,2374,2
967,5427,2
968,1109,2
968,1110,2
968,1111,2
968,1112,2
968,1113,2
968,1114,2
968,1115,2
968,969,2
968,1006,2
968,4468,2
968,1770,6
968,3696,2
968,4373,2
968,4471,3
968,1576,4
968,4474,4
968,3221,2
968,5415,2
968,5416,2
968,5417,2
968,5418,2
968,2861,2
968,2319,2
968,5420,2
968,5495,2
968,4709,4
968,1989,2
968,3304,2
968,5502,3
968,5503,3
968,5504,2
969,1186,3
969,1169,7
969,1170,5
969,1187,2
969,1188,4
969,1189,4
969,2093,2
969,2094,2
969,2095,2
969,1985,2
969,2471,2
969,2582,2
969,2609,2
969,1171,5
969,4273,5
969,4301,5
969,4302,5
969,1334,4
969,1389,4
969,4303,5
969,4311,4
969,4308,2
969,4306,2
969,4307,2
969,2574,2
969,3901,3
969,5297,3
969,5304,2
969,1454,2
969,5298,2
969,2376,2
969,3197,4
969,5521,2
969,5502,2
969,3631,2
969,4709,2
971,2368,2
971,3501,3
971,3502,3
971,3503,3
971,3504,3
971,5573,2
971,5574,3
971,2427,2
971,1005,2
971,2459,3
971,3706,2
971,5575,2
971,3789,2
971,2034,3
971,5160,2
971,2688,2
971,5553,2
971,5554,2
972,1401,8
972,2480,16
972,2481,3
972,1686,16
972,2365,8
972,1502,4
972,1068,2
973,1183,2
973,3694,2
973,3592,2
973,1454,2
973,3666,2
974,1157,2
974,1619,4
974,1620,4
974,2739,8
974,2776,2
974,4417,2
974,3463,2
974,3464,2
974,4453,2
974,4798,2
974,2861,2
974,5230,3
974,1381,2
974,3590,3
974,5370,2
974,1087,2
974,1536,2
974,1677,2
974,1904,2
974,5371,2
974,5372,2
975,1037,3
976,1032,2
979,1980,2
979,1987,2
979,1576,2
980,1376,3
980,2535,2
981,3316,2
981,3317,2
981,3318,2
981,3319,2
982,983,2
982,1912,2
982,1913,2
982,1914,2
982,1194,2
982,1915,2
982,1916,2
982,1196,2
982,1087,2
982,1197,2
982,1491,8
982,2325,7
982,1865,8
982,2721,7
982,1031,9
982,2347,7
982,2331,9
982,1425,6
982,2861,2
982,5031,2
983,1013,3
983,1049,3
983,1124,2
983,2444,6
983,2445,6
983,1103,10
983,2447,2
983,2446,10
983,2061,4
983,2058,8
983,2560,7
983,2561,4
983,2564,2
983,3045,2
983,3046,2
983,3047,2
983,3048,2
983,3049,2
983,3050,2
983,3051,2
983,3052,2
983,2569,2
983,3053,2
983,3054,2
983,3055,2
983,3056,2
983,3057,2
983,3058,2
983,3059,2
983,3060,2
983,3061,2
983,3062,2
983,3063,2
983,3064,2
983,3065,2
983,1133,2
983,2054,2
983,1426,2
983,1832,2
983,1531,2
983,4305,2
983,1401,2
983,2525,6
983,1569,8
983,1678,4
983,4736,4
983,4737,2
983,4738,5
983,4742,3
983,2861,2
983,3969,12
983,996,11
983,1685,12
983,4963,2
983,2022,3
984,985,3
984,986,3
985,986,3
988,1548,2
988,1546,3
990,2685,4
990,2686,2
990,1864,4
990,2687,2
990,3178,2
990,3179,2
990,2225,2
990,3180,2
990,2342,2
990,2343,2
990,3181,2
990,2344,2
990,2345,2
990,1359,2
990,3182,2
990,1107,2
990,3082,2
990,1141,2
990,5033,2
990,1143,2
992,993,21
992,994,15
992,995,2
992,996,2
992,997,20
992,998,3
992,999,2
992,1000,18
992,1033,12
992,1034,2
992,1035,13
992,1036,2
992,1060,4
992,1066,2
992,1071,3
992,1077,2
993,994,14
993,995,2
993,996,2
993,997,20
993,998,3
993,999,2
993,1000,15
993,1033,12
993,1034,2
993,1035,13
993,1036,2
993,1060,4
993,1066,2
993,1071,3
993,1077,2
994,995,2
994,996,2
994,997,14
994,998,3
994,999,2
994,1000,21
994,1047,2
994,1033,8
994,1066,2
994,1035,9
994,1071,3
994,1060,2
994,1923,5
995,996,2
995,997,2
995,998,2
995,999,2
995,1000,2
995,5574,2
995,2459,2
995,4275,2
995,2916,2
995,5554,2
996,997,2
996,998,2
996,999,2
996,1000,2
996,1685,14
996,3696,3
996,4217,6
996,4218,6
996,4220,2
996,4221,4
996,4223,3
996,1780,3
996,2022,4
996,4464,2
996,3320,2
996,1006,2
996,4359,2
996,4465,2
996,4466,2
996,4467,2
996,4468,2
996,4469,2
996,2252,3
996,1055,2
996,2613,2
996,3969,13
996,4963,2
996,5273,2
996,5274,2
996,5275,2
996,4513,2
997,998,3
997,999,2
997,1000,14
997,1033,12
997,1034,2
997,1035,13
997,1036,2
997,1060,4
997,1066,2
997,1071,3
998,999,2
998,1000,3
999,1000,2
1000,1047,2
1000,1033,8
1000,1066,2
1000,1035,9
1000,1071,3
1000,1077,2
1000,1060,2
1000,1923,6
1001,1424,10
1001,1450,2
1001,2823,7
1001,5287,3
1001,5288,4
1001,5303,2
1002,1003,4
1002,1004,3
1002,1005,4
1002,1006,4
1002,1007,4
1002,1008,4
1002,1009,2
1002,1010,4
1002,1011,4
1002,1023,3
1002,1024,3
1002,1025,3
1002,1026,3
1002,1027,3
1003,1004,3
1003,1005,6
1003,1006,5
1003,1007,6
1003,1008,5
1003,1009,2
1003,1010,5
1003,1011,6
1003,1023,5
1003,1024,5
1003,1025,5
1003,1026,4
1003,1027,5
1003,1081,2
1004,1005,3
1004,1006,3
1004,1007,3
1004,1008,3
1004,1009,2
1004,1010,3
1004,1011,3
1004,1023,2
1004,1024,2
1004,1025,2
1004,1026,2
1004,1027,2
1005,1006,5
1005,1007,6
1005,1008,5
1005,1009,2
1005,1010,5
1005,1011,6
1005,1023,9
1005,1024,6
1005,1025,5
1005,1026,4
1005,1027,5
1005,1081,2
1005,1082,3
1005,1174,2
1005,1141,3
1005,5053,2
1005,2359,2
1005,1639,2
1005,5160,8
1005,2376,2
1005,5573,7
1005,5574,9
1005,2427,7
1005,1446,3
1005,2459,9
1005,3706,5
1005,5575,2
1005,1451,7
1005,3789,7
1005,5576,4
1005,2034,9
1005,3871,7
1005,5581,3
1005,5582,3
1005,5553,5
1005,5554,6
1005,3119,2
1005,5589,2
1005,4275,3
1005,2589,2
1005,2916,4
1005,2539,2
1006,1007,5
1006,1008,5
1006,1009,2
1006,1010,5
1006,1011,5
1006,1023,4
1006,1024,4
1006,1025,4
1006,1026,4
1006,1027,4
1006,1081,2
1006,4464,2
1006,3320,2
1006,4359,2
1006,4465,3
1006,4466,2
1006,4467,2
1006,4468,4
1006,4469,2
1006,2252,2
1006,1770,2
1006,4475,2
1006,4650,2
1006,1141,2
1006,2450,3
1006,4655,2
1006,4651,3
1006,2141,3
1006,4654,3
1006,4656,2
1006,4652,3
1006,5345,2
1006,5346,2
1006,5347,2
1007,1008,5
1007,1009,2
1007,1010,5
1007,1011,6
1007,1023,5
1007,1024,5
1007,1025,5
1007,1026,4
1007,1027,5
1007,1081,2
1008,1009,2
1008,1010,5
1008,1011,5
1008,1023,4
1008,1024,4
1008,1025,4
1008,1026,4
1008,1027,4
1008,1081,2
1009,1010,2
1009,1011,2
1010,1011,5
1010,1023,4
1010,1024,5
1010,1025,4
1010,1026,4
1010,1027,5
1010,1081,2
1011,1023,5
1011,1024,5
1011,1025,5
1011,1026,4
1011,1027,5
1011,1081,2
1011,3742,3
1011,3743,3
1011,3744,3
1011,3745,3
1013,1049,4
1013,1063,2
1014,1015,2
1014,1016,4
1014,1017,2
1014,1018,4
1014,1019,4
1014,1020,4
1014,1021,4
1014,1022,4
1015,1016,2
1015,1018,2
1015,1019,2
1015,1020,2
1015,1021,2
1015,1022,2
1016,1017,2
1016,1018,4
1016,1019,4
1016,1020,4
1016,1021,4
1016,1022,4
1017,1018,4
1017,1019,4
1017,1020,4
1017,1021,4
1017,1022,4
1018,1019,8
1018,1020,8
1018,1021,8
1018,1022,8
1018,1045,2
1018,1046,3
1018,1064,2
1019,1020,20
1019,1021,12
1019,1022,22
1019,1045,2
1019,1046,3
1019,1050,14
1019,1064,2
1019,1332,2
1019,1333,3
1019,1334,3
1019,1388,2
1019,1389,2
1019,1991,4
1019,2198,2
1019,2199,3
1019,1739,4
1019,2200,3
1019,2201,4
1019,2202,3
1019,2210,2
1019,1222,2
1019,2157,2
1019,2246,3
1019,2886,2
1019,2887,2
1019,2888,2
1019,2889,2
1019,1203,2
1019,2890,2
1019,1376,2
1019,2770,2
1019,3068,2
1019,2861,3
1019,3072,3
1019,3388,2
1019,4715,2
1019,4716,2
1019,1230,3
1019,5019,2
1019,5020,2
1019,3084,2
1019,2441,2
1019,5021,2
1019,5022,2
1019,5023,3
1019,5024,2
1020,1021,12
1020,1022,21
1020,1045,2
1020,1046,3
1020,1050,12
1020,1064,2
1020,1337,2
1020,1370,3
1020,1338,2
1020,1369,5
1020,1103,5
1020,1371,3
1020,1372,3
1020,1030,4
1020,1373,4
1020,1378,4
1020,1377,3
1020,1379,3
1020,1387,2
1020,1991,4
1020,2441,3
1020,5022,2
1020,5023,3
1020,5024,2
1020,3864,2
1021,1022,15
1021,1045,2
1021,1046,3
1021,1050,4
1021,1064,2
1021,1776,2
1021,3621,3
1021,3622,3
1021,3623,3
1021,3858,2
1021,3863,9
1021,3865,2
1021,3864,14
1021,5019,2
1021,5020,2
1021,3084,2
1021,2441,3
1021,5021,2
1021,5022,3
1021,5023,4
1021,5024,3
1021,2945,6
1021,5242,12
1021,5245,9
1021,5071,6
1021,5072,11
1021,5246,6
1022,1045,2
1022,1046,3
1022,1050,14
1022,1064,2
1022,1991,5
1022,2439,2
1022,2440,2
1022,2441,5
1022,2442,2
1022,5019,2
1022,5020,2
1022,3084,2
1022,5021,2
1022,5022,3
1022,5023,4
1022,5024,3
1022,2945,2
1022,5242,2
1022,3864,3
1023,1024,5
1023,1025,5
1023,1026,4
1023,1027,5
1023,1081,2
1023,1082,2
1024,1025,5
1024,1026,4
1024,1027,5
1024,1081,2
1024,1356,2
1024,1357,2
1024,1353,2
1024,1355,2
1024,1354,2
1024,5538,4
1024,4709,10
1024,5548,7
1024,1437,2
1024,5549,2
1024,5505,3
1024,5537,4
1024,5493,2
1024,5518,2
1025,1026,4
1025,1027,5
1025,1081,2
1026,1027,4
1026,1081,2
1027,1081,2
1027,5574,2
1027,2459,2
1027,1451,2
1027,2034,2
1028,1029,7
1028,1030,2
1028,1712,2
1028,1713,2
1028,3837,4
1028,4482,6
1028,4483,4
1028,4484,4
1028,4485,3
1028,3358,4
1028,4486,6
1028,1911,3
1028,1509,4
1028,1154,2
1029,1030,2
1029,1712,2
1029,1713,2
1029,2659,4
1029,3837,5
1029,4482,9
1029,4483,5
1029,4484,7
1029,4485,3
1029,3358,4
1029,4486,7
1029,1911,4
1029,1509,4
1029,1154,3
1029,3861,2
1029,4172,2
1030,1337,2
1030,1370,3
1030,1338,2
1030,1369,4
1030,1103,4
1030,1371,3
1030,1372,3
1030,1373,3
1030,1378,3
1030,1377,2
1030,1379,2
1030,2214,7
1030,2215,7
1030,1786,3
1030,2216,3
1030,2040,2
1030,2287,2
1030,1550,3
1030,2623,2
1030,1961,2
1030,1924,2
1030,2734,2
1030,2812,2
1030,2813,2
1030,2814,2
1031,2299,2
1031,2300,2
1031,2301,2
1031,2302,2
1031,1491,22
1031,2303,2
1031,2304,2
1031,2305,2
1031,2306,2
1031,2307,2
1031,2308,2
1031,2309,2
1031,2310,2
1031,2311,2
1031,2312,2
1031,2313,2
1031,2314,2
1031,2315,2
1031,2370,2
1031,1865,19
1031,2331,24
1031,2325,9
1031,2721,8
1031,2347,12
1031,1425,12
1031,2725,2
1031,2562,2
1031,2352,2
1031,1481,2
1031,1138,7
1031,3362,3
1031,4882,4
1031,1708,8
1031,5055,10
1031,1901,5
1031,1706,4
1031,2127,5
1031,4880,2
1031,1705,4
1033,1034,2
1033,1035,11
1033,1036,2
1033,1066,2
1033,1071,2
1033,1060,3
1034,1035,2
1034,1036,2
1035,1036,2
1035,1071,3
1035,1060,3
1036,3013,10
1036,2976,5
1036,2800,7
1036,2509,10
1036,3015,2
1036,2747,9
1036,3014,9
1036,1265,8
1036,1132,5
1036,1598,5
1036,2648,6
1036,1066,2
1036,3012,3
1036,2640,4
1036,3023,2
1036,1078,2
1036,3024,2
1036,2647,2
1038,1039,6
1038,1040,3
1038,1041,4
1038,1042,6
1038,1043,5
1038,1065,4
1039,1040,3
1039,1041,4
1039,1042,6
1039,1043,5
1039,1065,4
1040,1041,2
1040,1042,3
1040,1043,2
1041,1042,4
1041,1043,3
1041,1065,2
1042,1043,5
1042,1065,4
1043,1065,4
1044,3592,3
1044,3836,3
1044,1454,3
1044,1287,3
1044,3696,2
1044,3666,3
1044,2160,3
1044,3833,3
1044,4369,2
1044,1163,2
1044,3828,2
1044,4395,2
1044,2291,2
1044,4396,2
1045,1046,2
1048,2253,3
1048,5357,3
1048,3172,3
1048,2762,3
1048,5360,3
1048,1814,3
1048,5361,3
1048,5362,3
1048,1353,3
1048,3426,3
1048,5363,3
1048,5358,3
1048,2276,3
1048,5359,2
1049,1063,2
1049,2218,5
1050,1158,2
1050,1159,2
1050,1160,2
1050,1161,2
1050,1162,2
1050,1991,4
1050,3959,2
1050,3960,2
1050,3961,2
1050,3962,2
1050,3963,2
1050,3964,2
1050,2079,2
1050,5019,2
1050,5020,2
1050,3084,2
1050,2441,2
1050,5021,2
1050,5022,2
1050,5023,3
1050,5024,2
1052,1456,2
1052,1422,2
1052,1547,3
1052,4807,2
1052,4808,2
1052,1213,3
1053,1056,2
1053,1057,2
1053,1058,3
1053,1059,2
1053,1104,12
1053,1215,4
1053,1217,4
1053,1218,3
1053,1219,3
1053,1220,4
1053,1221,4
1053,1222,9
1053,1223,4
1053,1224,2
1053,1225,3
1053,1226,4
1053,1087,6
1053,1085,3
1053,1277,3
1053,1278,3
1053,1279,3
1053,1280,3
1053,1281,3
1053,1282,3
1053,1283,3
1053,1284,3
1053,1285,3
1053,1828,2
1053,1829,3
1053,1830,2
1053,1394,14
1053,1395,14
1053,1898,7
1053,1899,7
1053,1396,15
1053,1900,10
1053,1901,8
1053,1905,2
1053,1560,5
1053,1559,2
1053,2460,5
1053,1327,5
1053,2461,5
1053,2462,5
1053,2463,5
1053,2464,2
1053,2465,6
1053,2466,5
1053,2473,2
1053,2645,5
1053,1150,9
1053,2646,3
1053,3788,8
1053,3889,5
1053,3890,6
1053,3892,2
1053,4214,10
1053,1361,9
1053,4238,6
1053,4239,8
1053,4262,4
1053,4385,10
1053,4386,7
1053,4059,2
1053,1427,2
1053,4388,4
1053,4389,5
1053,4390,2
1053,1157,6
1053,4404,7
1053,4405,6
1053,4406,5
1053,4407,5
1053,4408,7
1053,4409,7
1053,4410,4
1053,4411,5
1053,4417,3
1053,4431,2
1053,4435,2
1053,4436,2
1053,4437,2
1053,3621,3
1053,5086,4
1053,5087,3
1053,5088,4
1053,5089,3
1054,2451,5
1054,2452,6
1054,2453,6
1054,2454,6
1054,2362,5
1054,2455,4
1054,2456,2
1055,2613,2
1055,1311,2
1055,2614,2
1056,1058,2
1056,1059,2
1057,1058,2
1058,1059,2
1059,1918,9
1059,1919,4
1059,1920,9
1059,1921,8
1059,1196,2
1066,1506,2
1066,1517,2
1066,1518,2
1066,1519,2
1066,1461,2
1066,3011,2
1066,1598,6
1066,2976,4
1066,2800,6
1066,2648,6
1066,1265,6
1066,3012,4
1066,1132,2
1066,3013,2
1066,2509,2
1066,2747,2
1066,3014,2
1066,2640,2
1066,4986,3
1066,4987,3
1066,4988,3
1066,4989,3
1066,4990,3
1066,4991,3
1066,5000,2
1067,2074,5
1067,2075,5
1067,2096,3
1067,2097,2
1067,2098,3
1067,2099,3
1067,2100,3
1067,2101,3
1067,1460,4
1067,2102,3
1067,2103,4
1067,2104,4
1067,2105,4
1067,2106,4
1067,2107,4
1067,2108,3
1067,2109,4
1067,2110,4
1067,2126,3
1067,2729,2
1068,2480,3
1068,1686,3
1071,2626,6
1071,2640,5
1071,1598,2
1071,1182,2
1072,1073,4
1072,1074,4
1072,1075,4
1072,1076,4
1072,1095,2
1072,1096,6
1072,4663,3
1072,4664,3
1072,1629,3
1072,4665,3
1072,4666,3
1072,4673,2
1073,1074,4
1073,1075,4
1073,1076,4
1073,1096,3
1074,1075,4
1074,1076,4
1074,1096,3
1075,1076,4
1075,1096,3
1075,1215,2
1075,1216,2
1075,1087,2
1075,1291,2
1075,1292,2
1075,1293,2
1075,2136,5
1075,2137,6
1075,2138,6
1075,2139,6
1075,2140,6
1075,2141,13
1075,2142,9
1075,2143,9
1075,2144,5
1075,1770,3
1075,2159,5
1075,2160,2
1075,2483,5
1075,2484,7
1075,2485,7
1075,2486,7
1075,2487,7
1075,4538,6
1075,4539,7
1075,3757,7
1075,4201,2
1075,4540,6
1075,2797,2
1075,2688,13
1075,1331,17
1075,5414,8
1075,3304,3
1075,1287,3
1075,5428,2
1075,5431,2
1075,3592,2
1075,5413,2
1075,5432,2
1075,1639,2
1075,5433,4
1075,5434,2
1075,4652,3
1075,5435,4
1075,5436,7
1075,1103,2
1075,2861,2
1075,1364,3
1075,2369,3
1075,2355,6
1075,5437,4
1075,5438,3
1075,4300,2
1075,5440,2
1075,5439,2
1075,5442,2
1076,1096,3
1078,2064,2
1078,2647,3
1078,2648,4
1078,2649,2
1078,2259,4
1078,2800,2
1078,1265,4
1078,3013,2
1078,1917,2
1078,2509,2
1078,3015,2
1078,3024,2
1078,2130,3
1078,4052,11
1078,4053,10
1078,3811,11
1078,3812,12
1078,2585,11
1078,3813,11
1078,4064,8
1078,5605,2
1078,1980,2
1078,2022,2
1078,1377,2
1080,4420,2
1080,4421,2
1080,4262,2
1080,4386,2
1082,1770,2
1082,1141,2
1082,1143,2
1082,2459,3
1082,5574,2
1082,5575,2
1082,2916,2
1082,1437,2
1082,5591,2
1082,5554,2
1083,2479,3
1083,2229,6
1084,1194,5
1084,4321,5
1084,4322,5
1084,4323,5
1084,4324,4
1084,3633,5
1084,4325,5
1084,4326,5
1084,4327,5
1084,1197,5
1084,2861,5
1084,4328,5
1084,4329,5
1084,4259,5
1084,4330,5
1084,4331,5
1084,4332,5
1084,4218,5
1084,2284,5
1085,1086,2
1085,1087,5
1085,1088,7
1085,1089,6
1085,1090,3
1085,1091,6
1085,1092,3
1085,1093,5
1085,1128,3
1085,1277,3
1085,1278,3
1085,1279,3
1085,1280,3
1085,1281,3
1085,1282,3
1085,1283,3
1085,1284,3
1086,1087,2
1086,1088,2
1086,1089,2
1086,1090,2
1086,1091,2
1086,1092,2
1086,1093,2
1087,1088,5
1087,1089,5
1087,1090,4
1087,1091,6
1087,1092,4
1087,1093,5
1087,1128,3
1087,1215,3
1087,1220,2
1087,1222,2
1087,1244,2
1087,1245,2
1087,1246,3
1087,1247,2
1087,1248,2
1087,1216,2
1087,1291,2
1087,1292,2
1087,1293,2
1087,1912,3
1087,1913,3
1087,1914,2
1087,1194,3
1087,1915,3
1087,1916,3
1087,1196,3
1087,1197,3
1087,1198,2
1087,2659,3
1087,1449,3
1087,1227,2
1087,3717,2
1087,2745,2
1087,3718,2
1087,3720,2
1087,3721,2
1087,3892,2
1087,3788,3
1087,3857,2
1087,3240,4
1087,1331,4
1087,3914,2
1087,3908,3
1087,4435,2
1087,4404,2
1087,4405,2
1087,4436,2
1087,4437,2
1087,4408,2
1087,4409,2
1087,5027,8
1087,5028,8
1087,1796,6
1087,5029,8
1087,3370,3
1087,5370,8
1087,1536,7
1087,1677,7
1087,1904,8
1087,5371,5
1087,5372,8
1087,1769,2
1087,4928,2
1088,1089,6
1088,1090,3
1088,1091,6
1088,1092,3
1088,1093,5
1088,1128,3
1088,4240,2
1088,1141,2
1088,4232,2
1088,2359,2
1089,1090,3
1089,1091,6
1089,1092,3
1089,1093,5
1089,1128,3
1090,1091,5
1090,1092,5
1090,1093,3
1090,1128,2
1091,1092,5
1091,1093,5
1091,1128,3
1091,3856,2
1091,3987,4
1091,1408,4
1091,2995,4
1091,1536,3
1091,2221,4
1091,4027,2
1092,1093,3
1092,1128,2
1093,1128,3
1094,1099,2
1094,1100,2
1094,1101,2
1094,1102,2
1094,1103,2
1095,1096,2
1095,1548,3
1096,4663,3
1096,4664,3
1096,1629,3
1096,4665,3
1096,4666,3
1096,4673,2
1097,3001,3
1097,3002,5
1097,2891,5
1097,2659,15
1097,3003,2
1097,3005,13
1097,3042,4
1097,2910,4
1097,3043,5
1097,3044,2
1097,3034,3
1097,3383,5
1097,3384,4
1097,3387,3
1098,2495,2
1098,2496,2
1098,2497,2
1098,2498,2
1098,2499,2
1098,2500,2
1098,2005,2
1098,2501,2
1098,2502,2
1098,2503,2
1098,1242,2
1098,1243,2
1098,2504,2
1099,1100,3
1099,1101,3
1099,1102,2
1099,1103,3
1099,1121,2
1099,1122,2
1100,1101,2
1100,1102,2
1100,1103,3
1100,1121,2
1100,1122,2
1100,3604,2
1101,1102,2
1101,1103,2
1101,1757,3
1102,1103,2
1102,2606,2
1103,1121,2
1103,1122,2
1103,1127,2
1103,1337,2
1103,1370,3
1103,1338,2
1103,1369,7
1103,1371,4
1103,1372,3
1103,1373,4
1103,1378,4
1103,1377,5
1103,1385,3
1103,1379,5
1103,1386,2
1103,1387,2
1103,1408,3
1103,2444,8
1103,2445,6
1103,2447,2
1103,2446,10
1103,2061,4
1103,2058,9
1103,1794,2
1103,2560,7
1103,2561,4
1103,2564,2
1103,4280,3
1103,4281,2
1103,2055,2
1103,5046,2
1103,5047,2
1103,5048,2
1103,1546,2
1103,2718,2
1103,2223,2
1103,2858,2
1103,5049,2
1103,5435,6
1103,5436,5
1103,2861,5
1103,1364,6
1103,2369,5
1103,1331,6
1103,4652,4
1103,5441,2
1104,1800,2
1104,1801,2
1104,1802,3
1104,1394,8
1104,1395,8
1104,1898,7
1104,1899,7
1104,1396,9
1104,1900,10
1104,1901,8
1104,1905,2
1104,1560,5
1104,1941,2
1104,1942,2
1105,1106,2
1107,1770,3
1107,3178,2
1107,2685,2
1107,3179,2
1107,2225,2
1107,3180,2
1107,2342,2
1107,2343,2
1107,1864,2
1107,3181,2
1107,2344,2
1107,2345,2
1107,1359,2
1107,3182,2
1107,3082,2
1109,1110,3
1109,1111,2
1109,1112,2
1109,1113,2
1109,1114,2
1109,1115,2
1110,1111,5
1110,1112,4
1110,1113,3
1110,1114,2
1110,1115,3
1110,1175,5
1110,1579,3
1110,2734,2
1110,1415,2
1110,3758,2
1110,5120,5
1110,3834,4
1110,2184,2
1110,5228,2
1110,5229,2
1111,1112,3
1111,1113,2
1111,1114,2
1111,1115,2
1112,1113,3
1112,1114,2
1112,1115,3
1112,1175,2
1113,1114,2
1113,1115,3
1114,1115,2
1116,1117,2
1116,2024,7
1116,2025,7
1116,1285,9
1116,2026,9
1116,1325,8
1116,2027,7
1116,2028,8
1116,2029,7
1116,1326,10
1116,1349,10
1116,1865,2
1116,4593,2
1116,4601,2
1116,2065,2
1116,4833,2
1116,3131,2
1116,3132,2
1116,4834,2
1116,4835,2
1116,4602,2
1116,1803,2
1116,1804,2
1116,4696,2
1116,4836,2
1116,4837,2
1116,2980,2
1116,4838,2
1116,4697,2
1117,3652,2
1117,3200,2
1117,2246,4
1117,2058,2
1117,1276,3
1117,1270,4
1117,4859,3
1117,4860,2
1117,4861,2
1117,4862,2
1117,4501,2
1117,2890,2
1118,1119,8
1118,2020,2
1118,2021,2
1119,2020,2
1119,2021,2
1120,1846,2
1120,1847,2
1120,1430,2
1120,1848,2
1120,3521,2
1120,3522,2
1120,2784,2
1120,5292,2
1120,3724,2
1120,2286,2
1120,5293,2
1120,2322,2
1120,3344,2
1120,5294,2
1120,2763,2
1120,1522,2
1120,5295,2
1120,3457,2
1120,2331,2
1120,1323,2
1121,1122,2
1124,1926,2
1124,2390,2
1124,3098,3
1124,1608,2
1124,2482,4
1124,3121,4
1124,3138,2
1124,3139,2
1124,3195,2
1125,1632,2
1125,3322,5
1125,1731,3
1125,1795,2
1125,4786,3
1125,4787,4
1125,4788,4
1126,5299,2
1126,5300,2
1126,5301,2
1126,5004,2
1126,5302,2
1126,1734,2
1127,1287,2
1132,3013,5
1132,1598,4
1132,2976,4
1132,2800,4
1132,2509,5
1132,2747,5
1132,3014,5
1132,2648,5
1132,1265,5
1132,3012,3
1132,2640,4
1132,3023,2
1133,1669,5
1133,1670,7
1133,1671,5
1133,1401,2
1133,2701,2
1133,2702,2
1133,2703,2
1133,2704,2
1133,2705,2
1133,2054,4
1133,3409,2
1133,2055,2
1133,4635,3
1133,1514,3
1133,4647,2
1133,4648,2
1133,4649,2
1133,1253,2
1135,1136,2
1136,1779,3
1136,1780,3
1136,1781,3
1136,1792,2
1137,3651,2
1137,3200,3
1137,1479,2
1137,1401,2
1138,1491,7
1138,1865,6
1138,2331,8
1138,1425,3
1138,2575,2
1138,2355,2
1138,5537,2
1138,4380,2
1138,4709,2
1138,3656,2
1140,2126,2
1140,2711,5
1140,2709,5
1140,2259,6
1140,2128,2
1140,2985,2
1140,3070,7
1140,5465,2
1141,1142,4
1141,1143,45
1141,1621,3
1141,1622,5
1141,1638,3
1141,1639,18
1141,1640,3
1141,1643,2
1141,1642,4
1141,1644,2
1141,2359,7
1141,2354,2
1141,2360,2
1141,2361,5
1141,2358,7
1141,2367,5
1141,2365,6
1141,2517,2
1141,2518,4
1141,1174,2
1141,2129,14
1141,2624,4
1141,2625,3
1141,1546,2
1141,2535,3
1141,2906,2
1141,2634,2
1141,1770,2
1141,2366,6
1141,3421,2
1141,3422,5
1141,3436,3
1141,3661,6
1141,2766,2
1141,3662,2
1141,2036,3
1141,3663,2
1141,3664,3
1141,1649,4
1141,1376,6
1141,3667,9
1141,2861,5
1141,4019,2
1141,1968,2
1141,4020,2
1141,4230,2
1141,4231,3
1141,4232,4
1141,4233,3
1141,4234,4
1141,4235,2
1141,4236,2
1141,4237,2
1141,4240,3
1141,4653,2
1141,2450,3
1141,4651,3
1141,2141,3
1141,4654,3
1141,4652,3
1141,4655,2
1141,4656,2
1141,4723,2
1141,4564,4
1141,2355,2
1141,2998,2
1141,5033,2
1141,3913,3
1141,1445,2
1141,4721,2
1141,5050,2
1141,5051,2
1141,5053,20
1141,4827,2
1141,3799,2
1141,2369,2
1141,5054,9
1141,3685,8
1141,5056,2
1141,5057,2
1141,5060,3
1141,4212,2
1141,1761,5
1141,1653,2
1141,1650,2
1141,1232,2
1141,4977,2
1141,4189,3
1141,5142,2
1141,5256,2
1141,5257,2
1141,1987,3
1141,5397,3
1141,5551,4
1142,4230,2
1142,4231,3
1142,4232,3
1142,4233,2
1142,4234,3
1142,4235,2
1142,4236,2
1142,4237,2
1143,1621,2
1143,1622,5
1143,1638,4
1143,1639,10
1143,1640,3
1143,1643,3
1143,1644,2
1143,1642,4
1143,1652,6
1143,2354,4
1143,2355,9
1143,2365,7
1143,2366,9
1143,2368,3
1143,2369,2
1143,2518,2
1143,1174,4
1143,1323,2
1143,2129,4
1143,1554,3
1143,2699,2
1143,1674,2
1143,1161,2
1143,2358,4
1143,2535,2
1143,2906,2
1143,2634,2
1143,1770,2
1143,3423,2
1143,3421,2
1143,3422,6
1143,3436,4
1143,3661,3
1143,2766,2
1143,3662,2
1143,2036,2
1143,3663,2
1143,3664,2
1143,2861,3
1143,3913,3
1143,4019,2
1143,1968,2
1143,4020,2
1143,4206,6
1143,3802,4
1143,2132,6
1143,4211,4
1143,3801,3
1143,4212,3
1143,2359,2
1143,4564,2
1143,5033,2
1143,1376,2
1143,5053,6
1143,3685,2
1143,5056,2
1143,5057,2
1143,5059,2
1143,1987,3
1143,5397,3
1143,5551,3
1146,1147,29
1146,1567,3
1146,1834,2
1146,2339,2
1146,1911,2
1146,2346,2
1146,2567,2
1146,2566,2
1146,3347,2
1146,3348,4
1146,1836,2
1146,2211,2
1146,2226,3
1146,1416,2
1146,4202,2
1146,4203,2
1146,1763,2
1146,5161,8
1146,5163,10
1146,5164,6
1146,5165,8
1146,5166,8
1146,5167,8
1146,5168,3
1146,4967,7
1146,5169,5
1146,5170,2
1146,5172,2
1146,2182,5
1146,5185,5
1146,2869,5
1146,5186,5
1146,5190,3
1146,3361,2
1146,2549,3
1146,5191,3
1146,5192,3
1146,4656,3
1146,5193,3
1146,5334,13
1146,5341,4
1146,1600,6
1146,5342,4
1146,5343,3
1146,1326,4
1146,1797,4
1146,1440,5
1147,2335,2
1147,1567,3
1147,2336,2
1147,1834,3
1147,1432,2
1147,2339,2
1147,1911,3
1147,2346,2
1147,3348,3
1147,4202,2
1147,4203,2
1147,1763,2
1147,5163,5
1147,5164,4
1147,5165,5
1147,5166,5
1147,5167,5
1147,5168,2
1147,4967,5
1147,5161,4
1147,5169,3
1147,5334,11
1147,5341,4
1148,1149,2
1148,1150,2
1148,1151,2
1149,1150,2
1149,1151,2
1150,1151,5
1150,1239,2
1150,1240,3
1150,2645,5
1150,1222,5
1150,2646,3
1150,3920,4
1150,3921,4
1150,3922,4
1150,3923,4
1150,1988,4
1150,3551,4
1150,2746,4
1150,3465,4
1150,3924,4
1150,3925,2
1150,3926,4
1150,3552,4
1150,1709,5
1150,3927,4
1150,4024,3
1150,4025,2
1150,4123,3
1150,4124,2
1150,4183,6
1150,1530,4
1150,4942,6
1150,4943,6
1150,2486,4
1150,5317,4
1150,4432,2
1150,5318,2
1150,3696,2
1150,2376,3
1150,1331,5
1150,1722,3
1150,1559,2
1150,4374,2
1150,3197,2
1150,5557,2
1150,5558,2
1150,2329,2
1151,1239,2
1151,1240,3
1152,1153,2
1153,3374,4
1153,3990,2
1153,3991,2
1153,3992,2
1153,3993,2
1154,4482,4
1154,4486,2
1154,1509,2
1154,3861,2
1154,4172,3
1154,2659,3
1154,4500,2
1155,2891,2
1155,2894,2
1155,2659,2
1156,2213,2
1156,1977,2
1156,5564,2
1156,5501,2
1157,1165,2
1157,1166,4
1157,1167,2
1157,1360,13
1157,1361,12
1157,1362,11
1157,1390,13
1157,2187,2
1157,2188,2
1157,2189,2
1157,2190,2
1157,2191,2
1157,2192,2
1157,2193,2
1157,4282,16
1157,4283,17
1157,4284,17
1157,4285,17
1157,4286,17
1157,1796,17
1157,3637,17
1157,4404,5
1157,4405,4
1157,4406,5
1157,4407,5
1157,4408,5
1157,4409,5
1157,4410,4
1157,4411,5
1157,4417,3
1157,4431,2
1158,1159,3
1158,1160,2
1158,1161,2
1158,1162,3
1158,1183,2
1158,1184,2
1159,1160,2
1159,1161,2
1159,1162,3
1159,1183,2
1159,1184,2
1160,1161,2
1160,1162,2
1161,1162,2
1161,1554,2
1161,2699,2
1161,1674,2
1161,1174,2
1161,3574,10
1161,2393,11
1161,3575,9
1161,3576,17
1161,3577,8
1161,3578,8
1161,3579,9
1161,1569,17
1161,3580,8
1161,1571,4
1161,1989,5
1161,3581,9
1161,3660,6
1161,2994,2
1161,2402,2
1161,2525,6
1161,4576,5
1161,1987,6
1162,1183,2
1162,1184,2
1163,1164,14
1163,1183,25
1163,1454,31
1163,3670,5
1163,3671,5
1163,3672,5
1163,3673,5
1163,3592,19
1163,3674,5
1163,3675,4
1163,1287,17
1163,3676,4
1163,3677,5
1163,3678,5
1163,1989,6
1163,3679,4
1163,3680,4
1163,1182,5
1163,3681,8
1163,3682,8
1163,3666,20
1163,3683,5
1163,3684,4
1163,1168,4
1163,2477,5
1163,1855,3
1163,3827,7
1163,3828,21
1163,3829,4
1163,1399,7
1163,3696,11
1163,1923,6
1163,2413,2
1163,3831,3
1163,3598,18
1163,3832,2
1163,3833,10
1163,3596,14
1163,4367,11
1163,4368,5
1163,4369,4
1163,3835,7
1163,4366,2
1163,3836,2
1163,4395,2
1163,2291,2
1163,2160,4
1163,4396,3
1163,2928,7
1163,4398,2
1163,4399,2
1163,4400,6
1163,4401,2
1163,4402,3
1163,3700,7
1163,4413,2
1163,1413,2
1163,1393,6
1163,4414,3
1163,4415,5
1163,3985,2
1163,4416,3
1163,4418,2
1163,4419,3
1163,1324,7
1163,4426,2
1163,4427,4
1163,4430,6
1163,3986,6
1163,4374,3
1163,1722,2
1163,5596,2
1163,4318,2
1163,1436,3
1163,5597,2
1163,4982,3
1163,5598,2
1163,1653,2
1163,2915,3
1163,3784,2
1163,5599,3
1164,1183,8
1164,4367,10
1164,4368,3
1164,1454,13
1164,4369,2
1164,3828,7
1164,3835,5
1164,3696,2
1164,3592,8
1164,1287,3
1164,3682,3
1164,4373,2
1164,3666,6
1164,2160,3
1164,3833,5
1164,1324,3
1164,2928,8
1164,4398,2
1164,3681,2
1164,3598,5
1164,4400,3
1164,4413,2
1164,1393,5
1164,4414,3
1164,3596,4
1164,4419,2
1164,1399,2
1164,4415,5
1164,4427,2
1164,3985,2
1166,1360,3
1166,1390,3
1166,1361,2
1166,1362,3
1167,1308,9
1168,3670,4
1168,3671,4
1168,3672,4
1168,3673,4
1168,3592,4
1168,3674,4
1168,3675,4
1168,1287,4
1168,3676,4
1168,3677,4
1168,3678,4
1168,1989,4
1168,3679,4
1168,3680,4
1168,1182,4
1168,3682,4
1168,3666,4
1168,3683,4
1168,3684,4
1168,2477,4
1169,1170,12
1169,1186,4
1169,1187,2
1169,1188,4
1169,1189,4
1169,2582,2
1169,2609,3
1169,3776,3
1169,2006,2
1169,3941,3
1169,5241,2
1169,4686,3
1169,1491,2
1169,5280,2
1169,5281,2
1169,1794,2
1170,1186,4
1170,1188,3
1170,1189,3
1170,2609,2
1170,5241,2
1170,4686,3
1170,1491,2
1170,5280,2
1170,5281,2
1170,1794,2
1171,1172,6
1171,1178,2
1171,1179,4
1171,1190,3
1171,3779,2
1171,1406,2
1171,4140,2
1171,2574,3
1171,2459,4
1171,4273,6
1171,4274,2
1171,4301,5
1171,4302,5
1171,1334,4
1171,1389,4
1171,4303,5
1171,4310,2
1171,4311,4
1171,4308,2
1171,4306,2
1171,4307,2
1171,3901,3
1172,1178,2
1172,1179,4
1172,1190,3
1173,1174,7
1173,2768,3
1173,5244,4
1173,5622,2
1173,5623,2
1173,1936,2
1174,1175,2
1174,1329,2
1174,1554,2
1174,2699,3
1174,1674,3
1174,2734,6
1174,1343,5
1174,2788,3
1174,2789,3
1174,2810,3
1174,2790,3
1174,2622,3
1174,2768,3
1174,5244,4
1174,5622,2
1174,5623,2
1174,1936,2
1175,1176,3
1175,1177,2
1175,1579,10
1175,1329,3
1175,1705,3
1175,1706,3
1175,1707,3
1175,1708,3
1175,1709,3
1175,1710,3
1175,2734,3
1175,3585,3
1175,3687,2
1175,2212,2
1175,4568,2
1175,4569,2
1175,4570,2
1175,1725,2
1175,5002,2
1176,1579,2
1176,3585,2
1176,3687,2
1178,1179,2
1179,1190,3
1180,1181,4
1180,1182,4
1180,1194,3
1180,1195,3
1180,1196,3
1180,1197,3
1180,1198,3
1180,1199,3
1180,1200,2
1181,1182,4
1181,1194,3
1181,1195,5
1181,1196,4
1181,1197,3
1181,1198,5
1181,1199,3
1181,1200,2
1181,1201,2
1181,1211,2
1181,1212,2
1182,1194,3
1182,1195,3
1182,1196,3
1182,1197,3
1182,1198,3
1182,1199,3
1182,1200,2
1182,1598,3
1182,2626,3
1182,3670,5
1182,3671,5
1182,3672,5
1182,3673,5
1182,3592,5
1182,3674,5
1182,3675,4
1182,1287,5
1182,3676,4
1182,3677,5
1182,3678,5
1182,1989,5
1182,3679,4
1182,3680,4
1182,3681,2
1182,3682,4
1182,3666,5
1182,3683,5
1182,3684,4
1182,2477,5
1182,4088,8
1182,4089,8
1182,4090,7
1182,4091,8
1182,4092,5
1182,1639,4
1182,4093,6
1182,2355,8
1182,4094,2
1182,4150,6
1182,4151,6
1182,4152,2
1182,4153,2
1182,1426,3
1182,1376,3
1182,5259,2
1182,5260,3
1182,5261,3
1182,5262,3
1182,5263,3
1182,2408,3
1182,5264,3
1182,5559,2
1183,1184,2
1183,1185,2
1183,1191,2
1183,1454,31
1183,1576,2
1183,3693,2
1183,3697,2
1183,3560,2
1183,3694,3
1183,3592,12
1183,1399,4
1183,3696,5
1183,3666,13
1183,1287,7
1183,3700,9
1183,1559,3
1183,1989,2
1183,3681,4
1183,3832,3
1183,3833,3
1183,1393,5
1183,3985,3
1183,3986,4
1183,4367,10
1183,4368,4
1183,4369,2
1183,3828,11
1183,3835,6
1183,4402,2
1183,4396,2
1183,4415,4
1183,4416,2
1183,3596,9
1183,3598,9
1183,4400,4
1183,2928,6
1183,3682,2
1183,4430,6
1183,1324,4
1183,4427,3
1183,4374,3
1183,1722,2
1183,4375,2
1186,1187,2
1186,1188,2
1186,1189,2
1186,4686,2
1186,1491,2
1186,5280,2
1186,5281,2
1187,1188,2
1187,1189,2
1188,1189,4
1193,2673,2
1193,2674,2
1193,2675,2
1193,2676,2
1193,2677,2
1193,1752,2
1193,2678,2
1193,1685,2
1193,1246,2
1193,2679,2
1193,2680,2
1193,3088,3
1193,4412,2
1193,4763,2
1193,4764,2
1193,4765,2
1193,4766,2
1193,3087,2
1193,4767,2
1193,4768,2
1193,1866,2
1193,4769,2
1193,2861,2
1193,4770,2
1193,4771,2
1193,4772,2
1193,3090,2
1193,3705,2
1194,1195,5
1194,1196,6
1194,1197,13
1194,1198,8
1194,1199,3
1194,1200,2
1194,1207,2
1194,1394,2
1194,1395,2
1194,1396,2
1194,1912,3
1194,1913,4
1194,1914,3
1194,1915,3
1194,1916,4
1194,4321,7
1194,4322,6
1194,4323,7
1194,4324,5
1194,3633,7
1194,4325,7
1194,4326,5
1194,4327,6
1194,2861,6
1194,4328,6
1194,4329,5
1194,4259,6
1194,4330,7
1194,4331,7
1194,4332,7
1194,4218,5
1194,2284,7
1195,1196,4
1195,1197,3
1195,1198,9
1195,1199,4
1195,1200,2
1195,1201,2
1195,1211,2
1195,1212,5
1195,1394,3
1195,1395,3
1195,1396,4
1195,1397,2
1196,1197,6
1196,1198,5
1196,1199,3
1196,1200,2
1196,1201,2
1196,1912,3
1196,1913,4
1196,1914,2
1196,1915,3
1196,1916,3
1197,1198,4
1197,1199,3
1197,1200,2
1197,1207,2
1197,1912,3
1197,1913,3
1197,1914,2
1197,1915,3
1197,1916,3
1197,4321,7
1197,4322,6
1197,4323,7
1197,4324,6
1197,3633,8
1197,4325,8
1197,4326,6
1197,4327,6
1197,2861,7
1197,4328,6
1197,4329,6
1197,4259,7
1197,4330,8
1197,4331,9
1197,4332,9
1197,4218,6
1197,2284,8
1197,4352,2
1198,1199,4
1198,1200,2
1198,1201,2
1198,1211,4
1198,1212,5
1198,1394,3
1198,1395,3
1198,1396,4
1198,1397,2
1198,1795,2
1198,1796,2
1198,1366,2
1198,3340,2
1198,2391,2
1198,5367,2
1198,5368,2
1199,1200,2
1201,1488,3
1201,1489,4
1201,1490,4
1201,1491,4
1201,1492,4
1201,1221,4
1201,1493,3
1201,1309,3
1201,1494,4
1201,1495,3
1201,1496,3
1201,1497,4
1201,1498,4
1201,1499,4
1201,1500,3
1201,1501,3
1201,1418,2
1201,1502,4
1201,1503,4
1201,1504,4
1201,1505,4
1201,1528,3
1201,1529,2
1201,1550,2
1201,1551,2
1201,1552,2
1203,1626,3
1203,1627,3
1203,1628,3
1203,1629,3
1203,1630,3
1203,2886,2
1203,2887,2
1203,2888,2
1203,2889,2
1203,2890,7
1203,1598,3
1203,4814,4
1203,4815,2
1203,4816,2
1203,3698,2
1203,4817,2
1203,2737,2
1203,4895,2
1203,3379,2
1203,4940,2
1203,4941,3
1203,3586,2
1204,1969,3
1204,1970,3
1204,1971,3
1204,1972,3
1204,1973,3
1204,1974,3
1204,1975,3
1204,3475,3
1204,3476,6
1204,3477,5
1204,3478,4
1204,3479,4
1204,3480,4
1204,3481,3
1204,3482,4
1204,2861,4
1204,3483,6
1204,1242,3
1204,4554,2
1204,4555,2
1204,4556,2
1204,4557,2
1204,4558,2
1204,4559,2
1204,4560,2
1204,1546,4
1204,4660,5
1204,3323,3
1205,3493,2
1205,2888,4
1205,1734,4
1205,2385,2
1205,2899,3
1205,1972,2
1205,4059,2
1205,4370,2
1205,3170,2
1205,2746,2
1205,2468,2
1205,4356,2
1205,1834,2
1205,3378,2
1206,1266,16
1206,1448,2
1206,1449,13
1206,1872,7
1206,1536,5
1206,1432,8
1206,1873,5
1206,1874,12
1206,1875,6
1206,1876,5
1206,1877,8
1206,1878,5
1206,1963,6
1206,1964,6
1206,1965,3
1206,1966,6
1206,1967,5
1206,2495,5
1206,2873,5
1206,2874,5
1206,2884,2
1206,4068,4
1206,4069,4
1206,4070,4
1206,4071,3
1206,4072,4
1206,4073,3
1206,5447,3
1206,2746,3
1206,5453,2
1206,5454,2
1206,5455,2
1206,5527,3
1206,2700,2
1206,3529,3
1206,5528,3
1206,2227,2
1206,2731,3
1208,4374,3
1208,1989,5
1208,1331,5
1209,1509,2
1209,2745,2
1209,2659,8
1209,1449,6
1209,2741,2
1209,2893,3
1209,2251,3
1209,3405,3
1209,3848,3
1209,3849,2
1209,3850,5
1209,3851,4
1209,3852,4
1209,3853,4
1209,3722,4
1209,3855,2
1210,1563,2
1210,1350,4
1210,1533,4
1210,3118,4
1210,3119,4
1210,1855,4
1210,1814,4
1210,1534,4
1210,2294,2
1210,2253,3
1210,3172,2
1210,1353,3
1210,2276,2
1210,1354,3
1211,1212,2
1212,1394,2
1212,1395,2
1212,1396,3
1212,1397,2
1213,1401,6
1213,1249,5
1213,4809,6
1213,4775,5
1213,2365,5
1213,3871,5
1213,4945,3
1213,4946,3
1213,2191,3
1213,4947,3
1213,4948,3
1213,4949,3
1213,4950,3
1213,4951,3
1214,1252,2
1215,1216,3
1215,1217,5
1215,1218,4
1215,1219,4
1215,1220,6
1215,1221,4
1215,1222,5
1215,1223,5
1215,1224,2
1215,1225,4
1215,1226,4
1215,1291,2
1215,1292,2
1215,1293,2
1216,1220,2
1216,1291,2
1216,1292,2
1216,1293,2
1217,1218,4
1217,1219,4
1217,1220,5
1217,1221,4
1217,1222,5
1217,1223,5
1217,1224,2
1217,1225,4
1217,1226,4
1218,1219,4
1218,1220,4
1218,1221,3
1218,1222,4
1218,1223,4
1218,1224,2
1218,1225,4
1218,1226,3
1219,1220,4
1219,1221,3
1219,1222,4
1219,1223,4
1219,1224,2
1219,1225,4
1219,1226,3
1220,1221,4
1220,1222,5
1220,1223,5
1220,1224,2
1220,1225,4
1220,1226,4
1221,1222,4
1221,1223,4
1221,1224,2
1221,1225,3
1221,1226,4
1221,1488,3
1221,1489,4
1221,1490,4
1221,1491,4
1221,1492,4
1221,1493,3
1221,1309,3
1221,1494,4
1221,1495,3
1221,1496,3
1221,1497,4
1221,1498,4
1221,1499,4
1221,1500,3
1221,1501,3
1221,1418,2
1221,1502,4
1221,1503,4
1221,1504,4
1221,1505,4
1221,1528,3
1221,1529,2
1221,1550,2
1221,1551,2
1221,1552,2
1222,1223,5
1222,1224,2
1222,1225,4
1222,1226,4
1222,2157,4
1222,2158,2
1222,2246,2
1222,2645,7
1222,2646,3
1222,4098,2
1222,4082,2
1222,4077,2
1222,2900,3
1222,2147,2
1222,4928,2
1222,2259,2
1222,4929,2
1222,5005,9
1222,5006,9
1222,5007,11
1222,3611,2
1222,5008,11
1223,1224,2
1223,1225,4
1223,1226,4
1224,1225,2
1224,1226,2
1224,4629,2
1224,4789,2
1224,4790,2
1225,1226,3
1227,3717,8
1227,2745,9
1227,3718,8
1227,3719,3
1227,3720,8
1227,3721,7
1227,2659,4
1227,3875,2
1227,3876,3
1228,2778,2
1228,2779,6
1228,2780,5
1228,2815,4
1228,2816,2
1228,2817,5
1228,2818,10
1228,2819,3
1228,2860,2
1228,4313,5
1228,4319,2
1228,2478,2
1228,3382,2
1229,1230,2
1230,3339,2
1230,3388,2
1230,4715,2
1230,4716,2
1231,1232,2
1231,1233,2
1231,1234,2
1231,1235,2
1232,1233,2
1232,1234,2
1232,1235,6
1232,1979,2
1232,1980,2
1232,1981,2
1232,1982,2
1232,5053,2
1232,1639,2
1232,5654,3
1232,5649,3
1232,5650,3
1232,5651,3
1232,5652,3
1232,5648,2
1232,5656,2
1233,1234,2
1233,1235,2
1233,4583,2
1233,4584,2
1233,4585,2
1233,4586,2
1233,4587,2
1233,4588,2
1234,1235,2
1235,2008,3
1235,2009,3
1235,2010,3
1235,2011,3
1235,2012,3
1235,1442,3
1235,2013,3
1235,2014,2
1235,2015,3
1235,2016,3
1235,2017,3
1235,1568,3
1235,5648,4
1235,5649,5
1235,4574,2
1235,3160,2
1235,5650,5
1235,5651,5
1235,5652,5
1235,5653,2
1235,5654,4
1235,5655,2
1235,5656,3
1236,1311,2
1236,3374,2
1237,2232,2
1238,2384,2
1239,1240,2
1241,1242,2
1241,1243,2
1242,1243,9
1242,2495,4
1242,2496,2
1242,2497,2
1242,2498,2
1242,2499,2
1242,2500,2
1242,2005,2
1242,2501,2
1242,2502,2
1242,2503,2
1242,2504,2
1242,2876,2
1242,2877,2
1242,2878,2
1242,2879,2
1242,2880,2
1242,1834,4
1242,4041,3
1242,4042,2
1242,4043,2
1242,1695,3
1242,1779,3
1242,4044,2
1242,2980,3
1242,4045,2
1242,4046,3
1242,4554,2
1242,4555,2
1242,4556,2
1242,3476,2
1242,4557,2
1242,4558,2
1242,4559,2
1242,3483,2
1242,4560,2
1242,2374,2
1242,5629,2
1242,4675,2
1242,1408,2
1242,5630,2
1242,5632,2
1242,2033,2
1243,2495,4
1243,2496,2
1243,2497,2
1243,2498,2
1243,2499,2
1243,2500,2
1243,2005,2
1243,2501,2
1243,2502,2
1243,2503,2
1243,2504,2
1243,2876,2
1243,2877,2
1243,2878,2
1243,2879,2
1243,2880,2
1243,4041,2
1243,4042,2
1243,4043,2
1243,1546,2
1243,1834,2
1243,2755,3
1243,1695,2
1243,1779,2
1243,4050,2
1243,4044,2
1243,4051,2
1243,2980,2
1243,4045,2
1243,4046,2
1243,2374,5
1243,5629,4
1243,4675,5
1243,1408,5
1243,5630,5
1243,5631,3
1243,5632,5
1243,2033,5
1244,1245,4
1244,1246,4
1244,1247,3
1244,1248,2
1244,1260,2
1245,1246,4
1245,1247,3
1245,1248,2
1245,1260,2
1246,1247,4
1246,1248,2
1246,1260,2
1246,2673,2
1246,2674,2
1246,2675,2
1246,2676,2
1246,2677,2
1246,1752,2
1246,2678,2
1246,1685,2
1246,2679,2
1246,2680,2
1247,1248,2
1249,4541,13
1249,4542,6
1249,4543,11
1249,4474,12
1249,4544,5
1249,4550,3
1249,4551,7
1249,1547,14
1249,4806,2
1249,4444,4
1249,1401,5
1249,4809,6
1249,4775,5
1249,2365,5
1249,3871,5
1250,1734,3
1250,5174,2
1250,1389,2
1253,1825,3
1253,1826,2
1253,1827,2
1253,1797,2
1253,3241,3
1253,1375,2
1253,3242,3
1253,3243,2
1253,3244,3
1253,3245,3
1253,3246,2
1253,3247,2
1253,3248,3
1253,3249,3
1253,4224,2
1253,4225,2
1253,1587,2
1253,4226,2
1253,1864,2
1253,3570,2
1253,4227,2
1253,3423,3
1253,2366,2
1253,3422,3
1253,5148,3
1253,5149,2
1253,1546,3
1253,3136,3
1253,5224,2
1254,1263,3
1254,5198,6
1254,5199,6
1254,2182,6
1254,5200,6
1254,5201,6
1254,5202,6
1254,5203,5
1254,1502,6
1254,5204,6
1254,2334,6
1254,5205,6
1254,2579,6
1254,5206,6
1254,5207,6
1254,1447,6
1254,5208,6
1254,5209,6
1254,5210,6
1254,5276,4
1254,5277,4
1254,5278,4
1254,5279,5
1254,2332,4
1254,2243,5
1254,5326,2
1254,5355,3
1254,5356,3
1255,1910,2
1255,1911,2
1255,2283,2
1255,2785,12
1255,3018,11
1255,2023,3
1255,1530,7
1255,2952,2
1255,2151,2
1255,3231,2
1255,3232,2
1255,3028,2
1255,2791,2
1255,2716,2
1255,3128,2
1255,2876,3
1255,2495,3
1255,3341,2
1255,3342,3
1255,3343,3
1255,3344,4
1255,3345,3
1255,2968,2
1255,3346,2
1256,1738,2
1256,2298,2
1256,2771,2
1256,3495,2
1256,3496,3
1256,3466,3
1256,3497,2
1256,2894,3
1256,3498,3
1256,3499,3
1256,3863,2
1257,1258,2
1257,1259,2
1258,1259,3
1259,4659,2
1261,1262,2
1261,1263,3
1261,1268,2
1262,1263,3
1263,1264,3
1264,1546,3
1264,2219,2
1264,3136,2
1264,1408,2
1264,2718,2
1264,3746,2
1264,4041,2
1264,4042,2
1264,4043,2
1264,1834,2
1264,1695,2
1264,1779,2
1264,4044,2
1264,2980,2
1264,4045,2
1264,4046,2
1265,2976,9
1265,2977,2
1265,2640,5
1265,3011,2
1265,1598,8
1265,2800,12
1265,2648,9
1265,3012,5
1265,3013,8
1265,2509,8
1265,3015,2
1265,2747,7
1265,3014,7
1265,3023,2
1265,3024,2
1265,4700,2
1265,4701,3
1265,4702,2
1265,4703,2
1266,1872,5
1266,1536,6
1266,1432,2
1266,1873,5
1266,1874,5
1266,1875,5
1266,1449,8
1266,1876,5
1266,1877,2
1266,1878,5
1266,2495,4
1266,2873,4
1266,2874,4
1266,4068,3
1266,4069,3
1266,4070,3
1266,4071,3
1266,4072,3
1266,4073,3
1266,1839,2
1266,1965,4
1266,5447,2
1266,5453,2
1266,5454,2
1266,2746,2
1266,5455,2
1266,5527,4
1266,2700,3
1266,3529,3
1266,5528,4
1266,3404,2
1266,2227,2
1266,2731,3
1269,1270,3
1269,1271,2
1269,1678,2
1270,1272,5
1270,1273,2
1270,1276,7
1270,1271,18
1270,1274,2
1270,1275,2
1270,1286,5
1270,1679,2
1270,1678,5
1270,3074,4
1270,3075,3
1270,3076,4
1270,3077,4
1270,4219,2
1270,4357,2
1270,3693,2
1270,4859,7
1270,4860,2
1270,4861,2
1270,4862,2
1270,4863,4
1270,4501,2
1271,1272,4
1271,1276,4
1271,1679,2
1271,1678,3
1271,3074,3
1271,3075,3
1271,3076,3
1271,3077,3
1271,4219,2
1271,1286,2
1271,4357,2
1271,3693,3
1271,4859,5
1271,4863,3
1272,3074,4
1272,3075,3
1272,3076,4
1272,3077,4
1273,1274,2
1273,1275,2
1274,1275,2
1276,4859,4
1276,4863,3
1277,1278,3
1277,1279,3
1277,1280,3
1277,1281,3
1277,1282,3
1277,1283,3
1277,1284,3
1277,2229,14
1277,2479,6
1277,2782,3
1277,4006,3
1277,4023,2
1278,1279,3
1278,1280,3
1278,1281,3
1278,1282,3
1278,1283,3
1278,1284,3
1279,1280,3
1279,1281,3
1279,1282,3
1279,1283,3
1279,1284,3
1279,4451,2
1279,4758,2
1280,1281,3
1280,1282,3
1280,1283,3
1280,1284,3
1281,1282,3
1281,1283,3
1281,1284,3
1282,1283,3
1282,1284,3
1283,1284,3
1284,4229,2
1285,2024,8
1285,2025,8
1285,2026,10
1285,1325,9
1285,2027,9
1285,2028,10
1285,2029,9
1285,1326,11
1285,1349,8
1286,4219,2
1286,1678,2
1287,1322,2
1287,1323,4
1287,1324,16
1287,2412,2
1287,3670,5
1287,3671,5
1287,3672,5
1287,3673,5
1287,3592,14
1287,3674,6
1287,3675,4
1287,3676,4
1287,3677,5
1287,3678,5
1287,1989,6
1287,3679,6
1287,3680,4
1287,3681,6
1287,3682,5
1287,3666,24
1287,3683,5
1287,3684,4
1287,2477,5
1287,1454,13
1287,3700,3
1287,3696,8
1287,1855,3
1287,3827,5
1287,3828,8
1287,3829,4
1287,1399,2
1287,1923,4
1287,3830,3
1287,3831,3
1287,3598,4
1287,3836,4
1287,3835,3
1287,2191,2
1287,3833,5
1287,1722,2
1287,4375,7
1287,4374,2
1287,2160,3
1287,4369,2
1287,4395,2
1287,2291,2
1287,4396,2
1287,4402,2
1287,4426,2
1287,4368,2
1287,4427,3
1287,3596,4
1287,4367,2
1287,4419,2
1287,4430,2
1287,4441,3
1287,4442,3
1287,4443,2
1287,4446,3
1287,4447,2
1287,4448,3
1287,4449,2
1287,4909,3
1287,1726,3
1287,4932,2
1287,3304,2
1287,1331,3
1287,5431,2
1287,5432,2
1287,1639,2
1289,1307,2
1289,1401,2
1289,3220,2
1289,3333,4
1290,2026,9
1290,1326,9
1290,2864,5
1290,2182,7
1290,2866,6
1290,2867,5
1290,1461,6
1290,2868,5
1290,2869,6
1290,2870,4
1290,2871,6
1290,2875,6
1290,1733,6
1291,1292,2
1291,1293,2
1292,1293,2
1292,2162,2
1292,2163,2
1292,2164,2
1292,2165,2
1292,2166,2
1292,2167,2
1292,5305,5
1292,5306,4
1292,5307,4
1292,2861,5
1292,5308,4
1292,4940,4
1292,2270,5
1292,5313,2
1292,5314,2
1294,1295,2
1294,1296,2
1294,1297,2
1294,1298,2
1294,1299,2
1294,1300,2
1294,1301,2
1294,1302,2
1294,1303,2
1294,1304,2
1294,1305,2
1295,1296,2
1295,1297,2
1295,1298,2
1295,1299,2
1295,1300,2
1295,1301,2
1295,1302,2
1295,1303,2
1295,1304,2
1295,1305,2
1296,1297,2
1296,1298,2
1296,1299,2
1296,1300,2
1296,1301,2
1296,1302,2
1296,1303,2
1296,1304,2
1296,1305,2
1297,1298,2
1297,1299,2
1297,1300,2
1297,1301,2
1297,1302,2
1297,1303,2
1297,1304,2
1297,1305,2
1298,1299,2
1298,1300,2
1298,1301,9
1298,1302,9
1298,1303,2
1298,1304,2
1298,1305,2
1298,1590,5
1298,1521,6
1298,1591,5
1298,1522,5
1298,1523,6
1298,1592,5
1298,1525,7
1298,1593,5
1298,1527,5
1298,1526,3
1298,4258,2
1299,1300,2
1299,1301,2
1299,1302,2
1299,1303,2
1299,1304,2
1299,1305,2
1300,1301,2
1300,1302,2
1300,1303,2
1300,1304,2
1300,1305,2
1301,1302,10
1301,1303,2
1301,1304,2
1301,1305,2
1301,1590,6
1301,1521,7
1301,1591,6
1301,1522,6
1301,1523,7
1301,1592,6
1301,1525,8
1301,1593,6
1301,1526,4
1301,1527,5
1302,1303,2
1302,1304,2
1302,1305,2
1302,1590,7
1302,1521,7
1302,1591,7
1302,1522,7
1302,1523,8
1302,1592,7
1302,1525,9
1302,1593,7
1302,1526,5
1302,1527,6
1303,1304,2
1303,1305,2
1304,1305,2
1306,1429,2
1306,1430,2
1309,1488,2
1309,1489,3
1309,1490,3
1309,1491,3
1309,1492,3
1309,1493,3
1309,1494,3
1309,1495,3
1309,1496,3
1309,1497,3
1309,1498,3
1309,1499,3
1309,1500,2
1309,1501,2
1309,1418,2
1309,1502,3
1309,1503,3
1309,1504,3
1309,1505,3
1309,1528,2
1309,1529,2
1309,1572,2
1309,1553,3
1309,4616,4
1309,5235,4
1309,5236,4
1309,5215,4
1309,5216,4
1309,5231,4
1309,5217,4
1309,5239,4
1309,1840,4
1309,3185,4
1309,5237,4
1309,5226,4
1309,5232,4
1309,2225,4
1309,5233,4
1309,5218,4
1309,3186,4
1309,1355,4
1309,3590,4
1309,1347,4
1309,1797,4
1309,5240,4
1309,5219,4
1309,5227,4
1310,1722,2
1310,1723,2
1310,3183,2
1310,2698,2
1310,3916,2
1310,3917,2
1310,3918,2
1311,1993,2
1311,1548,2
1311,2613,2
1311,3374,2
1312,1391,2
1312,1893,2
1313,1314,5
1314,1327,3
1315,1316,5
1315,1317,2
1315,1318,3
1315,1319,2
1315,1320,2
1315,1321,2
1315,1322,3
1315,1323,5
1315,1324,5
1316,1317,4
1316,1318,4
1316,1319,2
1316,1320,3
1316,1321,4
1316,1322,4
1316,1323,6
1316,1324,7
1316,1367,2
1317,1318,2
1317,1319,2
1317,1320,2
1317,1321,3
1317,1322,2
1317,1323,3
1317,1324,4
1318,1320,3
1318,1321,3
1318,1322,4
1318,1323,3
1318,1324,4
1318,1367,2
1319,1323,2
1319,1324,2
1320,1321,2
1320,1322,3
1320,1323,2
1320,1324,3
1320,1367,2
1321,1322,3
1321,1323,3
1321,1324,4
1322,1323,3
1322,1324,4
1322,1367,2
1322,1863,2
1322,1327,2
1322,2145,2
1322,2146,2
1322,2169,2
1323,1324,8
1323,2534,2
1323,2331,4
1323,3666,3
1323,4909,3
1323,2784,2
1323,5292,3
1323,3724,3
1323,5296,2
1323,2286,3
1323,5293,2
1323,2322,3
1323,3344,3
1323,5294,3
1323,2763,3
1323,1522,2
1323,5295,3
1323,3457,3
1323,1857,2
1324,1367,2
1324,2428,2
1324,2429,2
1324,2430,2
1324,2431,2
1324,2432,2
1324,2433,2
1324,3836,2
1324,3835,3
1324,3681,2
1324,3592,3
1324,1454,8
1324,4375,8
1324,3696,2
1324,4373,2
1324,4376,2
1324,3666,16
1324,2160,2
1324,3833,2
1324,4367,3
1324,4419,2
1324,4426,2
1324,4368,2
1324,4427,3
1324,3828,4
1324,3596,4
1324,4430,2
1324,4441,3
1324,4442,4
1324,4443,2
1324,4446,3
1324,4447,2
1324,4448,4
1324,3831,2
1324,4449,3
1324,2349,2
1324,3598,2
1324,4909,2
1325,1326,9
1325,2024,9
1325,2025,9
1325,2026,10
1325,2027,9
1325,2028,10
1325,2029,9
1325,1349,8
1325,1865,2
1326,1733,17
1326,1734,2
1326,2024,9
1326,2025,7
1326,2026,29
1326,2027,8
1326,2028,9
1326,2029,8
1326,1349,9
1326,1865,2
1326,2864,14
1326,2182,18
1326,2865,3
1326,2866,5
1326,2867,13
1326,1461,5
1326,2868,14
1326,2869,15
1326,2870,6
1326,2871,14
1326,2875,16
1326,2881,4
1326,3665,2
1326,3899,5
1326,3900,4
1326,3901,3
1326,3788,3
1326,3902,5
1326,3870,2
1326,4112,3
1326,4113,2
1326,4114,2
1326,5121,2
1326,5122,2
1326,1600,4
1326,5342,4
1326,5343,3
1326,1797,3
1326,1440,4
1326,5238,3
1327,1863,2
1327,2145,2
1327,2146,2
1327,1394,5
1327,2460,4
1327,1395,5
1327,1396,5
1327,2461,4
1327,2462,5
1327,2463,4
1327,2464,2
1327,2465,5
1327,2466,5
1327,2473,2
1327,5066,2
1327,5067,2
1327,5068,2
1328,1331,3
1328,4754,2
1328,3827,2
1329,1579,3
1329,2791,2
1329,2768,2
1329,1924,2
1329,2734,4
1329,1598,2
1329,2648,2
1329,3028,2
1329,1639,2
1329,2355,2
1329,2575,2
1331,1364,13
1331,3240,6
1331,3908,6
1331,3914,2
1331,3915,2
1331,4594,7
1331,4595,5
1331,4596,6
1331,2293,2
1331,4754,2
1331,3827,2
1331,3696,7
1331,2376,4
1331,1722,12
1331,5413,3
1331,1559,4
1331,4374,13
1331,3197,2
1331,2688,11
1331,5414,7
1331,3304,3
1331,5428,2
1331,5431,2
1331,3592,2
1331,5432,2
1331,1639,2
1331,5433,4
1331,5434,2
1331,4652,8
1331,5435,10
1331,5436,12
1331,2861,5
1331,2369,8
1331,2355,5
1331,5437,4
1331,5438,3
1331,4300,2
1331,5440,2
1331,5439,2
1331,5441,2
1331,5442,2
1331,5451,4
1331,1560,7
1331,5457,4
1331,1341,3
1331,3836,3
1331,2191,2
1331,1369,2
1331,1989,5
1331,1954,3
1331,5466,2
1331,5467,2
1331,1855,3
1331,5470,3
1331,5468,3
1331,5469,3
1332,1333,2
1332,1334,2
1333,1334,3
1333,1388,2
1333,1389,2
1334,1388,4
1334,1389,7
1334,2459,2
1334,1783,2
1334,4242,2
1334,4243,2
1334,3788,2
1334,4273,4
1334,4301,5
1334,4302,4
1334,4303,5
1334,4310,2
1334,4311,3
1334,4308,2
1334,3901,2
1337,1338,3
1337,1369,2
1338,1343,2
1338,1369,3
1338,1377,2
1338,2208,2
1338,1525,2
1339,4611,2
1339,4612,2
1341,1345,2
1341,1722,3
1341,5451,2
1341,3696,3
1343,1584,3
1343,1585,3
1343,1586,3
1343,1587,3
1343,1588,3
1343,1589,3
1343,1625,2
1343,2734,5
1343,2788,4
1343,2789,4
1343,2790,4
1343,2622,4
1343,2810,3
1347,1797,6
1347,3213,2
1347,3214,2
1347,3215,2
1347,3216,2
1347,5215,5
1347,5216,5
1347,5217,6
1347,1840,6
1347,3185,6
1347,2225,6
1347,5218,6
1347,1355,6
1347,3590,6
1347,5219,5
1347,4616,4
1347,5235,4
1347,5236,4
1347,5231,4
1347,5239,4
1347,5237,4
1347,5226,4
1347,5232,4
1347,5233,4
1347,3186,4
1347,5240,4
1347,5227,4
1349,2024,7
1349,2025,7
1349,2026,9
1349,2027,8
1349,2028,8
1349,2029,8
1349,1865,2
1350,1351,9
1350,1352,2
1350,1353,13
1350,1354,4
1350,1814,5
1350,2253,8
1350,1533,10
1350,1534,9
1350,2254,9
1350,2276,7
1350,2294,3
1350,3118,4
1350,3119,4
1350,1855,4
1350,3172,2
1351,1353,9
1351,2253,5
1351,1533,6
1351,1534,5
1351,2254,8
1351,2276,5
1352,1353,2
1353,1356,10
1353,1357,2
1353,1358,2
1353,1355,15
1353,1354,6
1353,1814,25
1353,1815,2
1353,2253,34
1353,1533,9
1353,1534,9
1353,2254,9
1353,2276,15
1353,2294,3
1353,2316,2
1353,1792,6
1353,2154,2
1353,3118,3
1353,3119,3
1353,1855,3
1353,3172,6
1353,3424,7
1353,3425,4
1353,3426,21
1353,3427,6
1353,3428,6
1353,3429,7
1353,3430,5
1353,3431,4
1353,3432,5
1353,2948,3
1353,3461,2
1353,4670,5
1353,4671,5
1353,4684,4
1353,4755,10
1353,1547,13
1353,4495,2
1353,4867,3
1353,5357,6
1353,5358,8
1353,5359,6
1353,2762,4
1353,5360,6
1353,5361,3
1353,5362,4
1353,5363,5
1353,5369,2
1353,5460,2
1353,5461,2
1353,5462,3
1354,1356,3
1354,1357,2
1354,1358,2
1354,1355,3
1354,2248,3
1354,2294,2
1354,2253,3
1354,1533,3
1354,3118,3
1354,3119,3
1354,1855,3
1354,3172,2
1354,1814,4
1354,2276,2
1354,1534,3
1354,3426,2
1354,3736,3
1354,3737,3
1354,1902,3
1354,3738,3
1354,1768,3
1354,1572,3
1354,3739,3
1354,3707,3
1354,3740,3
1355,1356,10
1355,1357,2
1355,1358,2
1355,2292,2
1355,1792,16
1355,2154,2
1355,2939,7
1355,2940,7
1355,2941,7
1355,2942,15
1355,2943,6
1355,2944,15
1355,2945,7
1355,2966,12
1355,2947,4
1355,2967,2
1355,2946,6
1355,2950,5
1355,2990,2
1355,1460,4
1355,2926,11
1355,3078,11
1355,3066,9
1355,3080,7
1355,2421,9
1355,3081,10
1355,3082,10
1355,2948,6
1355,3099,3
1355,3100,2
1355,2298,2
1355,3101,2
1355,3102,2
1355,3103,2
1355,3104,2
1355,3105,2
1355,3106,2
1355,2595,2
1355,3107,2
1355,3108,2
1355,3109,2
1355,2960,2
1355,3110,2
1355,2954,2
1355,3111,2
1355,3112,2
1355,3113,2
1355,3114,2
1355,3115,2
1355,2617,2
1355,2989,2
1355,3116,2
1355,3424,7
1355,3425,4
1355,3426,9
1355,3427,6
1355,3428,6
1355,3429,7
1355,3430,5
1355,3431,4
1355,3432,5
1355,3461,2
1355,4616,5
1355,4670,4
1355,4684,4
1355,4671,4
1355,3189,2
1355,5215,5
1355,5216,5
1355,5217,6
1355,1840,6
1355,3185,6
1355,2225,6
1355,5218,6
1355,3590,6
1355,1797,5
1355,5219,5
1355,5235,4
1355,5236,4
1355,5231,4
1355,5239,4
1355,5237,4
1355,5226,4
1355,5232,4
1355,5233,4
1355,3186,4
1355,5240,4
1355,5227,4
1356,1357,2
1356,1358,2
1356,1792,5
1356,2154,2
1356,3424,6
1356,3425,4
1356,3426,8
1356,3427,6
1356,3428,6
1356,3429,6
1356,3430,4
1356,3431,3
1356,3432,4
1356,2948,2
1356,3461,2
1359,1757,2
1359,1758,2
1359,1759,2
1359,2225,3
1359,1762,2
1359,2341,2
1359,2342,3
1359,2343,3
1359,1864,3
1359,2344,3
1359,2345,3
1359,3178,2
1359,2685,2
1359,3179,2
1359,3180,2
1359,3181,2
1359,3182,2
1359,3082,2
1359,3242,3
1359,4562,3
1359,2863,3
1359,4563,3
1359,3775,3
1359,1751,2
1359,4500,4
1359,5640,4
1359,5641,4
1359,5642,4
1359,5643,4
1359,5644,4
1359,5645,4
1360,1361,12
1360,1362,11
1360,1390,13
1361,1362,11
1361,1390,12
1361,4214,9
1361,4238,6
1361,4239,7
1362,1390,11
1363,1375,3
1363,1365,5
1363,1366,3
1363,1384,3
1364,5435,9
1364,5436,8
1364,2861,5
1364,2369,8
1364,5433,2
1364,4652,7
1364,5441,2
1365,1366,11
1365,1375,13
1365,1384,4
1366,1375,8
1366,1383,2
1366,1384,3
1366,1795,2
1366,1796,2
1366,3340,2
1368,3305,2
1369,1370,3
1369,1371,4
1369,1372,3
1369,1373,4
1369,1378,4
1369,1377,7
1369,1379,7
1369,1380,2
1369,1381,2
1369,1382,2
1369,1385,3
1369,1386,2
1369,1387,2
1369,4374,2
1370,1371,3
1370,1372,3
1370,1373,3
1370,1378,2
1370,1379,2
1371,1372,3
1371,1373,3
1371,1385,2
1371,1379,3
1371,1377,2
1371,1378,2
1372,1373,3
1372,1378,2
1372,1379,2
1373,1378,3
1373,1379,3
1373,1377,2
1373,1387,2
1375,1383,2
1375,1384,3
1375,1481,2
1375,1425,5
1375,1807,3
1375,1808,3
1375,1844,2
1375,1845,2
1375,2004,5
1375,2523,2
1375,2524,2
1375,2525,3
1375,1469,2
1375,2526,2
1375,1601,2
1375,2635,2
1375,3241,3
1375,3242,3
1375,3243,2
1375,3244,3
1375,3245,2
1375,3246,2
1375,3247,2
1375,3248,3
1375,3249,3
1375,4971,7
1375,1578,6
1375,1870,2
1375,1869,3
1375,4343,8
1375,3360,8
1375,4358,3
1375,1860,2
1375,5315,2
1375,1587,2
1375,5316,2
1376,1452,2
1376,1453,2
1376,1454,2
1376,1455,2
1376,1456,2
1376,1457,2
1376,1458,2
1376,2535,5
1376,2359,2
1376,2518,2
1376,1927,2
1376,1685,2
1376,3068,2
1376,2861,2
1376,3072,2
1376,2776,2
1376,1656,2
1376,3667,5
1376,1639,3
1376,2036,2
1376,3685,3
1376,4857,6
1376,4868,2
1376,4869,5
1376,4870,2
1376,4871,5
1376,4872,5
1376,4155,5
1376,4873,5
1376,4874,4
1376,4875,5
1376,4878,2
1376,5053,5
1376,2365,2
1376,5054,2
1376,1426,3
1376,5259,2
1376,5260,3
1376,5261,3
1376,5262,3
1376,5263,3
1376,2408,3
1376,5264,3
1376,5559,2
1377,1378,3
1377,1379,6
1377,1380,2
1377,1381,2
1377,1382,2
1377,1385,2
1377,1386,2
1377,1927,3
1377,5390,2
1377,5391,4
1377,5392,4
1377,5328,4
1377,5393,3
1377,1391,4
1377,4257,4
1377,3336,2
1377,1399,2
1377,4183,2
1377,3466,3
1377,5565,3
1377,5609,2
1377,5605,4
1377,1980,4
1377,5606,2
1377,2064,2
1377,2648,2
1377,1559,2
1377,2022,2
1377,2130,2
1378,1379,3
1378,1387,2
1379,1380,2
1379,1381,2
1379,1382,2
1379,1385,3
1379,1386,2
1379,1387,2
1380,1381,2
1380,1382,2
1381,1382,2
1381,1600,2
1381,2783,2
1381,1822,2
1381,2920,2
1381,2821,2
1381,3198,2
1381,3199,2
1381,3200,2
1381,1794,2
1381,3590,9
1381,5230,11
1381,5271,6
1383,3658,2
1383,1413,2
1383,4729,2
1383,3660,2
1383,3325,2
1383,1736,2
1383,1514,2
1383,4730,2
1383,1408,5
1383,2861,5
1383,4993,2
1383,4994,4
1383,3241,2
1383,5001,4
1383,4026,2
1383,5036,2
1383,5037,3
1383,2984,2
1383,5038,2
1383,5039,3
1388,1389,2
1388,2459,3
1388,1783,3
1388,4242,3
1388,4243,3
1388,3788,3
1389,1955,3
1389,1956,3
1389,1957,4
1389,1958,3
1389,1959,4
1389,1960,2
1389,1479,4
1389,1997,2
1389,1998,2
1389,1999,3
1389,2000,2
1389,2001,2
1389,2002,2
1389,2208,11
1389,2570,4
1389,2571,10
1389,2572,10
1389,2573,3
1389,2574,11
1389,1578,10
1389,2575,10
1389,1729,2
1389,1978,3
1389,2591,4
1389,2608,4
1389,4273,4
1389,4301,5
1389,4302,4
1389,4303,5
1389,4310,2
1389,4311,3
1389,4308,2
1389,3901,2
1389,5171,2
1389,3836,2
1389,5174,2
1389,1734,2
1391,1893,2
1391,1927,3
1391,5390,2
1391,5391,4
1391,5392,4
1391,5328,4
1391,5393,3
1391,4257,4
1391,3336,2
1391,1399,2
1393,1434,2
1393,1435,2
1393,3985,4
1393,4415,4
1393,3592,5
1393,1454,5
1393,3828,2
1393,1399,2
1393,3666,5
1393,4416,2
1393,3596,5
1393,3598,5
1393,2928,3
1393,4367,3
1394,1395,33
1394,1396,33
1394,1397,2
1394,1898,6
1394,1899,7
1394,1900,7
1394,1901,8
1394,1560,4
1394,1905,10
1394,1902,3
1394,2460,5
1394,2461,7
1394,2462,5
1394,2463,13
1394,2464,2
1394,2465,6
1394,2466,5
1394,2472,2
1394,2473,2
1394,2474,2
1394,2475,2
1394,4161,2
1394,4162,2
1394,4163,2
1394,2723,2
1394,4164,9
1394,4185,5
1394,4196,3
1394,4197,3
1394,4198,2
1394,4207,3
1395,1396,34
1395,1397,2
1395,1898,6
1395,1899,7
1395,1900,7
1395,1901,8
1395,1560,4
1395,1905,10
1395,1902,3
1395,2460,5
1395,2461,7
1395,2462,5
1395,2463,13
1395,2464,2
1395,2465,6
1395,2466,5
1395,2472,2
1395,2473,2
1395,2474,2
1395,2475,2
1395,4161,2
1395,4162,2
1395,4163,2
1395,2723,2
1395,4164,9
1395,4185,5
1395,4196,3
1395,4197,3
1395,4198,2
1395,4207,3
1396,1397,2
1396,1898,6
1396,1899,7
1396,1900,8
1396,1901,8
1396,1905,11
1396,1560,5
1396,1559,2
1396,1902,3
1396,2460,5
1396,2461,7
1396,2462,5
1396,2463,13
1396,2464,2
1396,2465,6
1396,2466,5
1396,1962,2
1396,2472,2
1396,2473,2
1396,2474,2
1396,2475,2
1396,4161,3
1396,4162,3
1396,4163,3
1396,2723,3
1396,4164,10
1396,4185,5
1396,4196,3
1396,4197,3
1396,4198,2
1396,4207,3
1396,3810,2
1396,5403,2
1396,1750,2
1396,5404,2
1396,5405,2
1399,1400,2
1399,3592,3
1399,1454,5
1399,3696,2
1399,3666,3
1399,1855,2
1399,3827,2
1399,3828,3
1399,3829,2
1399,1923,2
1399,4415,2
1399,4419,2
1399,3833,2
1399,4430,2
1399,5311,2
1399,3517,2
1399,5312,2
1399,1927,3
1399,1685,2
1399,5391,2
1399,5392,2
1399,5328,2
1399,4257,2
1399,3837,2
1399,3336,2
1399,3304,2
1399,5538,2
1399,4709,3
1399,3569,2
1399,1982,2
1401,2197,2
1401,1530,7
1401,2480,8
1401,2481,2
1401,1686,8
1401,2365,20
1401,1502,2
1401,2670,3
1401,2671,3
1401,2701,2
1401,2702,2
1401,2703,2
1401,2704,2
1401,2705,2
1401,2698,2
1401,2907,2
1401,3121,2
1401,2717,2
1401,2787,2
1401,1523,2
1401,4059,4
1401,3170,2
1401,2746,2
1401,2468,3
1401,4371,2
1401,4372,2
1401,3625,2
1401,4428,2
1401,2506,2
1401,4488,2
1401,4633,3
1401,4632,3
1401,4773,2
1401,4774,4
1401,4775,11
1401,4776,4
1401,3871,12
1401,4809,8
1401,3856,2
1401,5364,2
1401,5366,2
1406,2574,2
1406,5062,2
1406,5063,9
1406,2861,9
1406,5065,2
1406,5064,9
1406,5178,7
1406,3238,7
1406,5179,6
1406,5102,6
1408,1871,8
1408,1943,2
1408,1944,2
1408,1945,2
1408,1946,2
1408,1947,2
1408,1948,2
1408,1949,2
1408,1950,2
1408,2803,3
1408,3528,3
1408,2995,5
1408,3987,4
1408,1536,9
1408,2221,4
1408,3241,7
1408,4027,2
1408,4026,4
1408,4572,3
1408,4573,2
1408,4574,2
1408,4575,2
1408,1731,3
1408,2861,5
1408,4993,3
1408,4994,4
1408,5001,4
1408,5036,2
1408,5037,3
1408,2984,2
1408,5038,2
1408,5039,3
1408,5040,7
1408,1542,2
1408,5048,2
1408,1546,2
1408,2718,2
1408,2223,2
1408,2858,2
1408,5049,2
1408,2374,5
1408,5629,4
1408,4675,5
1408,5630,5
1408,5631,3
1408,5632,5
1408,2033,5
1409,1410,2
1413,2928,2
1413,3592,2
1413,4367,2
1413,1454,2
1413,3835,2
1413,3681,2
1413,3682,2
1413,4400,2
1413,3658,2
1413,4729,2
1413,3660,2
1413,3325,2
1413,1736,2
1413,1514,2
1413,4730,2
1416,2226,2
1416,1687,2
1416,2801,4
1416,4296,4
1416,1699,4
1416,4314,2
1416,2311,4
1416,4315,2
1416,4316,2
1416,4317,2
1416,4353,3
1416,4489,2
1418,1489,2
1418,1490,2
1418,1491,2
1418,1492,2
1418,1493,2
1418,1494,2
1418,1495,2
1418,1496,2
1418,1497,2
1418,1498,2
1418,1499,2
1418,1500,2
1418,1501,2
1418,1502,2
1418,1503,2
1418,1504,2
1418,1505,2
1420,4709,2
1421,1819,2
1421,2861,2
1421,4553,2
1422,1572,2
1423,2565,4
1423,2619,3
1423,2036,3
1423,3444,2
1423,2024,2
1423,3445,2
1423,3446,2
1423,3447,2
1423,3448,2
1423,3449,2
1423,3450,2
1423,3451,2
1423,1616,2
1423,3452,2
1423,3453,2
1423,3454,2
1423,3455,2
1423,3456,2
1423,2369,2
1423,3457,2
1424,1450,2
1424,2823,7
1425,1481,3
1425,1851,15
1425,1852,7
1425,1859,7
1425,1860,3
1425,1869,5
1425,2255,6
1425,2256,6
1425,2325,12
1425,1865,22
1425,2330,5
1425,2347,13
1425,2331,22
1425,2324,3
1425,2326,4
1425,2327,4
1425,2328,4
1425,2329,4
1425,2350,3
1425,2351,2
1425,2352,3
1425,1870,2
1425,2422,2
1425,1491,11
1425,2721,5
1425,2725,2
1425,2562,2
1425,4343,12
1425,4344,6
1425,4345,5
1425,4358,7
1425,3360,8
1425,4778,6
1425,4779,6
1425,4780,6
1425,4781,6
1425,4782,6
1425,4513,6
1425,5030,5
1425,5031,5
1425,5032,3
1425,2777,2
1426,3701,3
1426,3702,4
1426,2775,3
1426,3703,3
1426,2408,9
1426,1832,2
1426,1531,2
1426,4305,2
1426,5259,2
1426,5260,3
1426,5261,3
1426,5262,3
1426,5263,3
1426,5264,3
1426,5559,2
1427,4059,3
1427,4385,2
1427,4388,2
1427,4386,2
1427,4389,2
1428,2583,3
1428,2584,5
1428,2585,2
1428,2639,2
1428,2913,2
1428,2915,15
1428,3796,18
1428,3797,41
1428,3798,11
1428,3799,19
1428,2575,24
1428,3804,18
1428,1560,3
1428,1559,3
1428,3805,9
1428,3642,14
1428,1736,4
1428,3814,5
1428,3815,8
1428,3819,3
1428,3820,2
1428,3846,2
1428,4440,14
1428,1729,13
1428,5069,2
1428,5070,13
1428,2535,14
1428,2221,4
1429,1430,2
1430,1846,2
1430,1847,2
1430,1848,2
1432,1872,4
1432,1536,2
1432,1873,8
1432,1874,8
1432,1875,2
1432,1449,8
1432,1876,2
1432,1877,8
1432,1878,2
1432,1963,6
1432,1964,6
1432,1965,2
1432,1966,6
1432,1967,5
1432,2335,2
1432,2336,2
1432,1834,2
1432,1911,2
1432,2384,3
1432,2385,3
1432,1530,3
1432,2386,3
1432,2269,2
1432,2387,3
1432,2425,2
1432,3334,2
1432,3335,2
1434,1435,2
1436,2373,2
1436,4166,2
1436,4167,2
1436,5596,2
1436,4318,2
1436,5597,2
1436,3828,2
1436,4982,3
1436,5598,2
1436,1653,2
1436,2915,3
1436,3784,2
1436,5599,3
1436,3596,2
1436,3598,3
1437,5548,3
1437,4709,3
1437,5549,3
1437,5505,2
1437,5574,2
1437,2459,2
1437,5575,2
1437,2916,2
1437,5591,2
1437,5554,2
1438,2322,2
1439,1440,6
1439,5309,2
1439,5310,3
1439,2331,2
1440,5309,2
1440,5310,4
1440,2331,2
1440,1600,5
1440,5342,4
1440,5343,3
1440,1797,4
1440,5348,4
1440,2221,2
1440,5349,2
1440,4294,2
1441,1827,2
1441,2488,2
1441,2489,2
1441,2490,2
1441,2491,2
1441,2492,2
1441,2090,2
1441,2493,2
1442,2008,3
1442,2009,3
1442,2010,3
1442,2011,5
1442,2012,3
1442,2013,3
1442,2014,2
1442,2015,3
1442,2016,3
1442,2017,3
1442,1568,3
1442,1863,2
1442,3647,2
1442,3648,2
1442,3649,2
1442,1654,2
1442,3088,2
1442,2156,2
1442,3200,2
1442,3650,2
1443,1794,2
1443,1795,2
1443,1798,2
1443,3638,4
1443,2538,2
1443,3363,2
1443,4882,2
1443,1706,2
1443,4883,2
1443,4992,2
1443,1726,2
1443,3929,2
1443,5322,2
1443,5560,2
1443,3514,2
1443,5561,2
1444,5626,3
1444,5627,4
1445,3661,2
1445,4721,2
1445,5050,2
1445,5051,2
1445,3913,2
1446,5574,3
1446,2459,3
1446,1451,3
1446,2034,3
1446,3871,3
1446,3119,2
1446,5589,2
1446,4275,2
1446,2589,2
1447,2727,3
1447,3533,2
1447,3535,2
1447,3536,2
1447,3537,2
1447,3538,2
1447,3539,2
1447,3540,2
1447,2732,2
1447,3541,2
1447,3543,2
1447,3006,2
1447,4257,2
1447,5198,6
1447,5199,6
1447,2182,6
1447,5200,6
1447,5201,6
1447,5202,6
1447,5203,5
1447,1502,6
1447,5204,6
1447,2334,6
1447,5205,6
1447,2579,6
1447,5206,6
1447,5207,6
1447,5208,6
1447,5209,6
1447,5210,6
1447,5276,4
1447,5277,4
1447,5278,4
1447,5279,5
1447,2332,4
1447,2243,5
1447,5326,2
1447,5355,3
1447,5356,3
1448,1449,7
1448,2644,2
1448,2659,2
1448,4884,2
1448,4885,3
1448,4886,3
1448,4887,3
1448,4888,3
1448,2199,3
1448,4889,3
1448,3437,3
1448,4890,3
1448,5452,2
1449,1872,11
1449,1536,5
1449,1873,5
1449,1874,11
1449,1875,5
1449,1876,5
1449,1877,8
1449,1878,5
1449,1963,6
1449,1964,6
1449,1965,7
1449,1966,6
1449,1967,5
1449,2644,3
1449,2742,4
1449,2659,17
1449,1809,4
1449,2741,2
1449,3210,3
1449,2065,4
1449,1839,6
1449,3211,3
1449,3212,5
1449,3036,3
1449,2700,9
1449,3385,2
1449,3386,3
1449,2924,13
1449,3404,9
1449,3722,5
1449,2298,4
1449,3792,4
1449,3816,3
1449,3817,3
1449,3821,2
1449,3822,2
1449,3823,5
1449,3068,2
1449,3848,4
1449,3849,3
1449,3850,6
1449,3851,5
1449,3852,5
1449,3853,5
1449,3854,2
1449,3855,2
1449,3857,3
1449,3860,2
1449,3861,4
1449,3862,4
1449,3866,3
1449,3867,2
1449,3872,2
1449,2501,2
1449,3228,6
1449,4246,4
1449,4536,2
1449,4537,5
1449,4548,3
1449,4657,2
1449,4845,5
1449,4846,3
1449,4854,2
1449,4847,3
1449,4848,3
1449,4849,3
1449,2898,3
1449,3498,4
1449,4850,3
1449,4851,3
1449,2665,4
1449,4852,3
1449,4855,2
1449,4853,4
1449,2415,5
1449,2539,4
1449,4856,2
1449,5099,8
1449,5100,5
1449,3005,3
1449,5213,5
1449,5214,4
1449,2227,2
1449,2731,3
1449,1930,6
1449,5578,6
1449,5579,6
1449,5580,6
1449,3189,5
1449,5584,4
1449,5585,5
1449,5586,4
1451,2589,3
1451,2459,16
1451,5566,2
1451,5573,11
1451,5574,14
1451,2427,9
1451,3706,9
1451,3789,9
1451,5576,5
1451,2368,2
1451,2034,14
1451,3871,9
1451,5160,10
1451,5553,10
1451,2916,7
1451,5554,10
1451,5581,4
1451,5582,3
1451,3119,2
1451,5589,2
1451,4275,4
1451,5590,2
1451,5555,3
1451,2539,3
1452,1453,7
1452,1454,6
1452,1455,5
1452,1456,7
1452,1457,7
1452,1458,7
1452,1480,4
1453,1454,6
1453,1455,5
1453,1456,7
1453,1457,7
1453,1458,7
1453,1480,4
1454,1455,5
1454,1456,6
1454,1457,6
1454,1458,6
1454,1480,4
1454,3693,2
1454,3697,2
1454,3560,2
1454,3694,3
1454,3592,18
1454,3696,6
1454,3666,19
1454,3700,9
1454,1559,3
1454,1989,2
1454,3681,5
1454,4367,12
1454,4368,4
1454,4369,3
1454,3828,15
1454,3835,8
1454,1722,3
1454,3836,3
1454,4375,5
1454,4374,4
1454,3682,5
1454,4376,2
1454,2160,4
1454,3833,8
1454,4395,2
1454,2291,2
1454,4396,3
1454,2928,8
1454,4398,2
1454,1923,2
1454,3598,11
1454,4399,2
1454,4400,5
1454,4401,2
1454,4402,2
1454,4415,6
1454,3985,3
1454,4416,3
1454,3596,10
1454,4426,2
1454,4427,4
1454,4419,2
1454,4430,6
1454,4414,2
1454,3986,5
1454,3832,2
1454,5297,2
1454,5304,2
1455,1456,6
1455,1457,5
1455,1458,5
1455,1480,3
1455,2826,2
1455,2827,2
1455,2828,2
1455,1928,2
1455,2829,2
1455,2830,2
1455,2831,2
1455,2832,2
1455,2833,2
1455,2834,2
1455,2835,2
1455,2836,2
1455,2837,2
1455,2838,2
1455,2839,2
1455,2191,2
1455,2840,2
1455,2841,2
1455,2842,2
1455,1727,2
1455,2843,2
1455,2844,2
1455,2845,2
1455,2846,2
1455,2847,2
1455,2848,2
1455,2849,2
1455,2850,2
1455,2851,2
1455,2852,2
1455,2853,2
1455,2854,2
1455,2855,2
1455,2856,2
1456,1457,7
1456,1458,7
1456,1480,4
1456,2229,13
1456,2479,10
1456,2781,3
1456,3224,6
1456,3225,10
1456,3226,8
1456,3227,6
1456,2616,9
1456,3228,7
1456,1525,8
1456,1770,8
1456,3229,4
1456,3300,2
1456,3755,3
1456,3759,2
1456,3757,3
1456,2439,3
1456,3758,3
1456,3760,3
1456,3756,3
1456,2476,3
1456,5614,7
1456,5615,5
1456,3559,5
1457,1458,7
1457,1480,4
1458,1480,4
1459,1460,4
1459,1461,4
1459,1462,4
1459,1463,4
1459,1464,4
1459,1487,2
1460,1461,4
1460,1462,4
1460,1463,4
1460,1464,4
1460,1487,2
1460,2096,3
1460,2097,2
1460,2098,3
1460,2099,3
1460,2100,3
1460,2101,3
1460,2074,4
1460,2102,3
1460,2103,4
1460,2104,4
1460,2075,4
1460,2105,4
1460,2106,4
1460,2107,4
1460,2108,3
1460,2109,4
1460,2110,4
1460,2124,2
1460,2112,2
1460,2113,2
1460,2114,2
1460,2115,3
1460,2116,2
1460,2117,2
1460,2118,3
1460,2119,2
1460,1587,5
1460,2120,2
1460,2121,2
1460,2122,3
1460,2126,3
1460,2592,7
1460,2593,6
1460,2594,6
1460,2595,7
1460,2596,6
1460,2597,6
1460,2598,6
1460,2599,6
1460,2600,6
1460,2601,6
1460,2602,6
1460,2603,5
1460,2604,5
1460,2605,6
1460,2606,5
1460,2607,6
1460,2617,3
1460,2926,4
1460,3066,3
1460,2942,3
1460,2944,3
1460,3078,3
1460,3100,2
1460,2298,3
1460,3101,2
1460,3102,2
1460,3103,2
1460,3104,2
1460,3105,2
1460,3106,2
1460,3107,2
1460,3108,2
1460,3109,2
1460,2960,4
1460,3110,2
1460,2954,2
1460,3111,2
1460,3112,2
1460,2966,2
1460,3113,2
1460,3114,2
1460,2421,2
1460,3115,2
1460,3081,2
1460,1792,3
1460,2989,2
1460,3116,2
1460,3099,2
1460,3082,2
1460,4156,2
1460,4157,2
1460,4923,2
1460,3487,2
1460,4924,2
1461,1462,4
1461,1463,4
1461,1464,4
1461,1487,2
1461,1612,2
1461,1613,2
1461,1614,2
1461,1615,2
1461,1616,2
1461,2864,3
1461,2182,5
1461,2026,6
1461,2866,5
1461,2867,3
1461,2868,3
1461,2869,4
1461,2870,3
1461,2871,4
1461,2875,5
1461,1733,4
1461,3484,4
1461,3485,5
1461,3486,5
1461,2501,5
1461,3126,2
1461,3487,7
1461,3488,7
1461,3028,4
1461,3489,3
1461,3490,7
1461,3491,6
1462,1463,4
1462,1464,4
1462,1487,2
1462,2155,2
1462,5270,2
1462,4345,2
1463,1464,4
1463,1487,2
1464,1487,2
1464,1929,2
1464,2889,4
1464,4968,4
1464,4969,4
1464,2989,3
1465,1467,2
1465,1466,2
1465,1468,2
1465,1469,2
1466,1467,3
1466,1468,3
1466,1469,3
1466,1565,2
1466,1566,2
1466,1569,2
1467,1468,3
1467,1469,3
1467,1565,2
1467,1566,2
1467,1569,3
1467,1654,2
1467,2525,2
1468,1469,3
1468,1565,2
1468,1566,2
1469,1565,2
1469,1566,2
1469,2523,2
1469,2524,2
1469,2525,2
1469,2526,2
1471,1472,2
1471,1473,2
1471,1474,2
1471,1475,2
1471,1476,2
1471,1477,2
1471,1478,2
1471,1479,2
1472,1473,2
1472,1474,2
1472,1475,2
1472,1476,2
1472,1477,2
1472,1478,2
1472,1479,2
1473,1474,2
1473,1475,2
1473,1476,2
1473,1477,2
1473,1478,2
1473,1479,2
1474,1475,2
1474,1476,2
1474,1477,2
1474,1478,2
1474,1479,2
1475,1476,2
1475,1477,2
1475,1478,2
1475,1479,2
1476,1477,2
1476,1478,2
1476,1479,2
1476,2469,2
1477,1478,2
1477,1479,2
1478,1479,2
1479,1955,3
1479,1956,3
1479,1957,4
1479,1958,3
1479,1959,4
1479,1960,2
1479,1997,2
1479,1998,2
1479,1999,2
1479,2000,2
1479,2001,2
1479,2002,2
1479,3651,2
1479,3200,2
1481,2325,2
1481,1865,4
1481,2331,3
1481,4343,2
1482,1483,2
1482,1484,2
1482,1485,2
1482,1486,2
1483,1484,2
1483,1485,2
1483,1486,2
1484,1485,2
1484,1486,2
1485,1486,2
1488,1489,3
1488,1490,3
1488,1491,3
1488,1492,3
1488,1493,2
1488,1494,3
1488,1495,2
1488,1496,2
1488,1497,3
1488,1498,3
1488,1499,3
1488,1500,2
1488,1501,2
1488,1502,3
1488,1503,3
1488,1504,3
1488,1505,3
1488,1528,2
1488,1550,2
1488,1551,2
1488,1552,2
1489,1490,4
1489,1491,4
1489,1492,4
1489,1493,3
1489,1494,4
1489,1495,3
1489,1496,3
1489,1497,4
1489,1498,4
1489,1499,4
1489,1500,3
1489,1501,3
1489,1502,4
1489,1503,4
1489,1504,4
1489,1505,4
1489,1528,3
1489,1529,2
1489,1550,2
1489,1551,2
1489,1552,2
1490,1491,4
1490,1492,4
1490,1493,3
1490,1494,4
1490,1495,3
1490,1496,3
1490,1497,4
1490,1498,4
1490,1499,4
1490,1500,3
1490,1501,3
1490,1502,4
1490,1503,4
1490,1504,4
1490,1505,4
1490,1528,3
1490,1529,2
1490,1550,2
1490,1551,2
1490,1552,2
1491,1492,4
1491,1493,3
1491,1494,4
1491,1495,3
1491,1496,3
1491,1497,4
1491,1498,4
1491,1499,4
1491,1500,3
1491,1501,3
1491,1502,4
1491,1503,4
1491,1504,4
1491,1505,4
1491,1528,3
1491,1529,2
1491,1550,2
1491,1551,2
1491,1552,2
1491,2299,2
1491,2300,2
1491,2301,2
1491,2302,2
1491,2303,2
1491,2304,2
1491,2305,2
1491,2306,2
1491,2307,2
1491,2308,2
1491,2309,2
1491,2310,2
1491,2311,2
1491,2312,2
1491,2313,2
1491,2314,2
1491,2315,2
1491,2325,9
1491,1865,18
1491,2721,7
1491,2347,11
1491,2331,20
1491,2725,2
1491,2562,2
1491,2352,2
1491,1924,2
1491,2734,3
1491,2736,2
1491,2769,2
1491,4686,2
1491,5280,2
1491,5281,2
1492,1493,3
1492,1494,4
1492,1495,3
1492,1496,3
1492,1497,4
1492,1498,4
1492,1499,4
1492,1500,3
1492,1501,3
1492,1502,4
1492,1503,4
1492,1504,4
1492,1505,4
1492,1528,3
1492,1529,2
1492,1550,2
1492,1551,2
1492,1552,2
1492,5254,2
1492,3077,2
1492,5255,2
1493,1494,3
1493,1495,3
1493,1496,3
1493,1497,3
1493,1498,3
1493,1499,3
1493,1500,2
1493,1501,2
1493,1502,3
1493,1503,3
1493,1504,3
1493,1505,3
1493,1528,2
1493,1529,2
1494,1495,3
1494,1496,3
1494,1497,8
1494,1498,8
1494,1499,4
1494,1500,3
1494,1501,3
1494,1502,4
1494,1503,4
1494,1504,4
1494,1505,4
1494,1528,3
1494,1529,2
1494,1550,5
1494,1551,2
1494,1552,2
1494,3356,3
1494,2218,3
1494,3357,3
1494,2863,3
1494,3358,3
1494,3359,3
1494,3363,2
1494,3364,2
1495,1496,3
1495,1497,3
1495,1498,3
1495,1499,3
1495,1500,2
1495,1501,2
1495,1502,3
1495,1503,3
1495,1504,3
1495,1505,3
1495,1528,2
1495,1529,2
1496,1497,3
1496,1498,3
1496,1499,3
1496,1500,2
1496,1501,2
1496,1502,3
1496,1503,3
1496,1504,3
1496,1505,3
1496,1528,2
1496,1529,2
1497,1498,10
1497,1499,4
1497,1500,3
1497,1501,3
1497,1502,4
1497,1503,4
1497,1504,4
1497,1505,4
1497,1528,3
1497,1529,2
1497,1550,5
1497,1551,2
1497,1552,2
1497,2218,5
1497,3356,3
1497,3357,3
1497,2863,3
1497,3358,3
1497,3359,3
1497,3363,2
1497,3364,2
1497,1839,2
1497,1831,4
1497,4844,3
1498,1499,4
1498,1500,3
1498,1501,3
1498,1502,4
1498,1503,4
1498,1504,4
1498,1505,4
1498,1528,3
1498,1529,2
1498,1550,5
1498,1551,2
1498,1552,2
1498,2218,5
1498,3356,3
1498,3357,3
1498,2863,3
1498,3358,3
1498,3359,3
1498,3363,2
1498,3364,2
1499,1500,3
1499,1501,3
1499,1502,4
1499,1503,4
1499,1504,4
1499,1505,4
1499,1528,3
1499,1529,2
1499,1550,2
1499,1551,2
1499,1552,2
1500,1501,3
1500,1502,3
1500,1503,3
1500,1504,3
1500,1505,3
1500,1528,2
1501,1502,3
1501,1503,3
1501,1504,3
1501,1505,3
1501,1528,2
1502,1503,4
1502,1504,4
1502,1505,4
1502,1528,3
1502,1529,2
1502,1550,2
1502,1551,2
1502,1552,2
1502,2480,4
1502,1686,4
1502,2365,2
1502,5198,6
1502,5199,6
1502,2182,6
1502,5200,6
1502,5201,6
1502,5202,6
1502,5203,5
1502,5204,6
1502,2334,6
1502,5205,6
1502,2579,6
1502,5206,6
1502,5207,6
1502,5208,6
1502,5209,6
1502,5210,6
1502,5276,4
1502,5277,4
1502,5278,4
1502,5279,5
1502,2332,4
1502,2243,5
1502,5326,2
1502,5355,3
1502,5356,3
1503,1504,4
1503,1505,4
1503,1528,3
1503,1529,2
1503,1550,2
1503,1551,2
1503,1552,2
1504,1505,4
1504,1528,3
1504,1529,2
1504,1550,2
1504,1551,2
1504,1552,2
1505,1528,3
1505,1529,2
1505,1550,2
1505,1551,2
1505,1552,2
1506,1507,3
1506,1517,2
1506,1518,2
1506,1519,2
1509,3837,4
1509,4482,4
1509,4483,4
1509,4484,4
1509,4485,3
1509,3358,4
1509,4486,4
1509,1911,3
1509,2374,2
1510,1511,5
1510,1512,6
1510,1513,7
1510,1514,6
1510,1539,3
1510,1540,3
1510,1541,5
1510,1542,3
1510,1543,3
1510,1687,5
1510,1688,5
1510,1698,5
1510,1690,3
1510,1720,2
1510,1721,2
1511,1512,5
1511,1513,5
1511,1514,4
1511,1541,3
1511,1542,2
1511,1543,2
1512,1513,7
1512,1514,6
1512,1539,3
1512,1540,2
1512,1541,4
1512,1542,4
1512,1543,4
1513,1514,7
1513,1539,4
1513,1540,3
1513,1541,5
1513,1542,4
1513,1543,4
1514,1539,4
1514,1540,3
1514,1541,5
1514,1542,4
1514,1543,4
1514,3325,3
1514,4635,3
1514,3658,2
1514,4729,2
1514,3660,2
1514,1736,2
1514,4730,2
1515,1516,11
1515,2746,3
1515,3572,4
1515,2861,2
1516,2746,3
1516,3572,4
1516,2861,2
1517,1518,2
1517,1519,2
1518,1519,2
1520,1521,5
1520,1522,8
1520,1523,7
1520,1524,7
1520,1525,8
1520,1526,7
1520,1527,7
1521,1522,13
1521,1523,14
1521,1524,7
1521,1525,15
1521,1526,11
1521,1527,12
1521,1544,2
1521,1549,2
1521,1590,5
1521,1591,5
1521,1592,5
1521,1593,5
1522,1523,20
1522,1524,9
1522,1525,30
1522,1526,21
1522,1527,18
1522,1544,2
1522,1549,2
1522,1555,2
1522,1556,4
1522,1590,8
1522,1591,8
1522,1592,8
1522,1593,8
1522,1610,2
1522,1611,2
1522,1623,2
1522,1835,8
1522,2767,2
1522,2322,3
1522,4777,5
1522,4784,2
1522,2784,2
1522,5292,2
1522,3724,2
1522,2286,2
1522,5293,2
1522,3344,2
1522,5294,2
1522,2763,2
1522,5295,2
1522,3457,2
1522,2331,2
1523,1524,8
1523,1525,40
1523,1526,17
1523,1527,19
1523,1544,2
1523,1549,2
1523,1558,4
1523,1590,7
1523,1591,7
1523,1592,7
1523,1593,7
1523,1610,2
1523,1611,2
1523,2087,2
1523,2088,6
1523,2089,6
1523,2090,6
1523,2091,5
1523,1835,13
1523,2767,2
1523,1938,3
1523,3513,3
1523,3197,3
1523,2854,3
1523,3808,2
1523,3907,6
1523,2585,7
1523,2636,2
1524,1525,9
1524,1526,8
1524,1527,8
1525,1526,34
1525,1527,18
1525,1544,2
1525,1549,2
1525,1555,2
1525,1556,3
1525,1590,8
1525,1591,8
1525,1592,8
1525,1593,12
1525,1610,2
1525,1611,2
1525,1623,3
1525,2087,2
1525,2088,6
1525,2089,6
1525,2090,6
1525,2091,5
1525,2208,3
1525,1601,7
1525,2627,5
1525,1835,28
1525,2628,7
1525,2631,2
1525,2636,7
1525,2767,2
1525,3224,5
1525,3225,8
1525,3226,7
1525,3227,5
1525,2616,7
1525,3228,6
1525,1770,9
1525,3229,4
1525,3513,7
1525,3907,6
1525,2585,7
1525,3973,2
1525,4015,2
1525,4016,2
1525,4268,7
1525,4277,2
1525,4278,6
1525,4279,6
1525,3421,7
1525,4364,14
1525,4679,5
1525,4680,2
1525,3197,2
1525,4777,5
1525,4784,2
1525,4927,10
1525,5396,2
1525,4104,2
1526,1527,13
1526,1544,2
1526,1555,2
1526,1556,3
1526,1590,4
1526,1591,4
1526,1592,4
1526,1593,6
1526,1623,3
1526,2767,2
1526,1835,8
1526,4268,3
1526,4278,2
1526,4279,2
1526,3421,2
1526,3513,4
1526,2636,2
1526,4679,3
1526,4364,3
1526,4777,4
1526,4927,2
1527,1544,2
1527,1549,2
1527,1555,2
1527,1556,2
1527,1558,4
1527,1590,6
1527,1591,7
1527,1592,7
1527,1593,7
1527,1610,2
1527,1611,2
1527,1835,4
1527,1938,3
1527,3513,3
1527,3197,3
1527,2854,3
1527,3808,2
1528,1529,2
1528,1550,2
1528,1551,2
1528,1552,2
1530,2384,3
1530,2385,3
1530,2386,3
1530,1873,3
1530,2269,2
1530,2387,3
1530,2785,8
1530,3018,8
1530,4477,2
1530,3625,2
1530,4059,3
1530,3552,2
1530,4487,2
1530,4370,2
1530,3170,2
1530,4428,2
1530,2746,2
1530,4488,2
1530,4356,2
1530,4479,2
1530,4480,2
1530,4633,2
1530,4183,4
1530,4942,4
1530,4943,4
1530,2486,3
1531,1832,10
1531,1833,2
1531,4305,2
1533,1534,10
1533,2253,8
1533,2254,7
1533,2276,5
1533,2294,3
1533,3118,4
1533,3119,4
1533,1855,4
1533,1814,4
1533,3172,2
1534,2253,8
1534,2254,6
1534,2276,5
1534,3118,4
1534,3119,4
1534,1855,4
1534,1814,5
1534,2294,2
1534,3172,2
1536,1872,5
1536,1873,5
1536,1874,5
1536,1875,5
1536,1876,5
1536,1877,2
1536,1878,5
1536,2511,3
1536,2656,6
1536,2654,15
1536,2657,14
1536,2652,13
1536,2653,16
1536,2658,11
1536,2662,2
1536,2667,2
1536,2668,3
1536,2669,2
1536,3124,2
1536,2861,2
1536,3506,3
1536,3507,3
1536,3508,3
1536,3987,3
1536,2995,4
1536,2221,3
1536,3241,2
1536,1677,8
1536,4228,2
1536,2227,3
1536,4574,2
1536,5040,5
1536,5152,2
1536,5153,2
1536,5148,2
1536,5154,2
1536,1546,2
1536,3136,2
1536,5150,2
1536,5370,7
1536,1904,7
1536,5371,5
1536,5372,7
1536,5490,2
1536,1705,4
1536,4883,4
1536,2307,4
1536,1654,4
1536,2633,2
1536,5483,4
1536,5188,4
1536,5491,3
1536,5492,2
1536,5485,4
1536,5484,2
1536,2731,3
1537,1538,3
1539,1540,3
1539,1541,3
1539,1542,3
1539,1543,3
1540,1541,3
1540,1542,2
1540,1543,2
1541,1542,3
1541,1543,3
1542,1543,4
1542,2225,2
1542,4517,3
1542,4518,2
1542,4519,2
1542,4520,2
1542,4521,2
1542,3655,3
1542,5040,2
1545,1546,4
1546,1547,10
1546,2072,5
1546,2073,3
1546,2084,4
1546,2086,2
1546,2250,5
1546,2225,2
1546,1580,3
1546,2555,2
1546,2556,2
1546,2557,2
1546,2558,2
1546,2559,2
1546,2718,3
1546,2624,2
1546,2625,2
1546,2919,4
1546,3136,25
1546,3163,4
1546,3164,15
1546,3175,4
1546,3176,2
1546,3177,3
1546,3184,3
1546,3188,5
1546,3190,3
1546,4041,4
1546,4042,3
1546,4043,3
1546,1834,7
1546,1695,4
1546,4044,3
1546,2980,4
1546,4045,3
1546,4046,4
1546,4049,2
1546,2755,4
1546,1779,3
1546,4050,2
1546,4051,2
1546,4660,4
1546,3323,3
1546,3657,2
1546,1734,2
1546,4744,2
1546,5048,2
1546,2223,2
1546,2858,2
1546,5049,2
1546,5148,6
1546,5149,2
1546,5150,4
1546,5151,2
1546,5152,2
1546,5153,2
1546,5154,2
1547,2072,2
1547,2919,3
1547,1927,2
1547,2925,3
1547,2535,2
1547,1685,2
1547,3136,5
1547,3164,3
1547,3184,2
1547,3190,2
1547,2624,2
1547,4731,2
1547,2914,2
1547,4365,2
1547,4755,13
1547,4748,5
1547,4756,2
1547,4802,2
1547,4806,4
1547,4444,6
1547,4807,2
1547,4808,2
1547,2613,2
1547,2253,13
1547,1814,12
1547,3426,4
1547,4495,2
1548,2005,3
1548,1862,2
1548,2337,2
1548,2562,2
1548,2338,2
1548,2232,3
1550,1551,2
1550,1552,2
1550,2211,2
1550,2040,3
1550,2287,2
1550,2623,2
1550,1961,4
1550,1924,3
1550,2734,6
1550,2812,2
1550,2813,2
1550,2814,2
1550,2329,5
1550,2811,2
1550,3356,3
1550,2218,3
1550,3357,3
1550,2863,3
1550,3358,3
1550,3359,3
1550,3516,2
1550,2286,3
1550,2073,2
1550,4354,3
1550,3930,2
1550,5448,2
1550,2486,2
1550,2824,2
1550,4259,2
1550,5449,2
1550,5450,2
1550,2259,2
1550,1977,2
1551,1552,2
1553,5247,2
1553,5221,2
1553,5248,2
1553,3463,2
1553,4417,2
1553,5234,2
1553,5249,2
1553,5250,2
1553,5251,2
1553,3464,2
1553,5223,2
1553,5252,2
1553,3200,2
1553,4453,2
1553,5253,2
1554,1557,6
1554,1574,2
1554,1575,4
1554,1576,2
1554,2699,2
1554,1674,2
1555,1556,2
1556,1623,2
1557,1574,2
1557,1575,4
1557,1576,4
1558,1938,3
1558,3513,3
1558,3197,3
1558,1835,3
1558,2854,3
1558,3808,2
1559,1701,2
1559,1715,2
1559,1702,3
1559,1703,2
1559,1704,3
1559,1717,2
1559,1719,2
1559,1714,2
1559,2575,4
1559,1989,2
1559,3796,3
1559,3797,3
1559,3804,2
1559,3798,2
1559,3799,2
1559,3805,2
1559,1980,3
1559,2546,2
1559,1722,4
1559,4374,5
1559,2376,2
1559,5609,2
1559,5605,2
1559,5606,2
1559,2064,2
1559,2648,2
1560,1701,2
1560,1714,2
1560,1702,2
1560,1717,2
1560,1900,5
1560,1898,4
1560,1899,4
1560,1901,4
1560,2575,4
1560,3796,3
1560,3797,3
1560,3804,3
1560,3798,3
1560,3799,3
1560,3805,2
1560,3929,3
1560,5321,2
1560,5322,3
1560,5323,2
1560,5320,3
1560,3781,2
1560,1722,4
1560,4374,7
1560,3696,3
1560,5457,2
1560,1989,2
1560,5574,2
1560,2459,2
1560,4275,2
1560,2034,2
1560,3871,2
1561,1562,3
1563,1564,2
1565,1566,2
1568,2008,3
1568,2009,3
1568,2010,3
1568,2011,3
1568,2012,3
1568,2013,3
1568,2014,2
1568,2015,3
1568,2016,3
1568,2017,3
1568,4545,2
1569,1570,2
1569,1571,5
1569,1654,3
1569,2525,38
1569,2994,12
1569,3574,10
1569,2393,22
1569,3575,9
1569,3576,17
1569,3577,8
1569,3578,13
1569,3579,9
1569,1681,6
1569,3580,8
1569,1989,28
1569,3581,9
1569,3660,6
1569,2402,15
1569,4012,2
1569,4013,2
1569,4342,3
1569,3966,7
1569,4360,6
1569,4576,5
1569,1987,6
1569,4577,4
1569,4746,2
1569,4749,2
1569,4752,6
1569,4903,10
1569,4904,10
1569,2218,11
1569,4592,5
1569,4718,2
1569,2004,7
1569,5332,10
1569,5194,8
1569,5339,2
1570,1681,2
1571,3574,3
1571,2393,4
1571,3575,3
1571,3576,4
1571,3577,4
1571,3578,4
1571,3579,4
1571,3580,3
1571,3581,3
1571,3660,3
1572,3736,6
1572,3737,7
1572,1902,6
1572,3738,7
1572,1768,6
1572,3739,6
1572,3740,6
1572,3707,8
1572,3752,2
1574,1576,2
1576,1980,2
1576,1987,2
1576,3221,3
1576,3222,4
1576,3696,2
1576,4373,2
1576,2143,2
1576,4471,2
1576,1770,4
1576,4474,3
1576,5407,2
1576,5408,2
1576,5409,2
1576,5410,2
1576,5411,2
1576,2079,2
1578,1962,2
1578,2208,10
1578,2570,3
1578,2571,9
1578,2572,9
1578,2573,2
1578,2574,9
1578,2575,20
1578,1729,13
1578,1978,3
1578,3797,12
1578,3846,7
1578,3642,12
1578,4087,11
1578,4100,2
1578,4158,2
1578,4159,2
1578,4160,2
1578,4971,6
1579,2734,3
1579,3585,3
1579,3687,2
1579,2212,2
1579,4568,2
1579,4569,2
1579,4570,2
1579,1725,2
1579,5002,2
1580,1581,2
1580,1582,2
1580,1583,2
1580,2555,2
1581,1582,2
1581,1583,2
1582,1583,3
1584,1585,3
1584,1586,3
1584,1587,4
1584,1588,3
1584,1589,4
1584,1625,3
1585,1586,3
1585,1587,3
1585,1588,3
1585,1589,3
1585,1625,2
1586,1587,3
1586,1588,3
1586,1589,3
1586,1625,2
1587,1588,3
1587,1589,4
1587,1625,3
1587,2112,2
1587,2113,2
1587,2114,2
1587,2115,3
1587,2116,2
1587,2117,2
1587,2118,3
1587,2119,2
1587,2120,2
1587,2121,2
1587,2122,3
1587,2960,4
1587,3548,14
1587,2978,15
1587,3549,11
1587,3550,8
1587,3559,6
1587,3564,3
1587,3565,2
1587,2393,2
1587,2395,2
1587,4121,2
1587,2399,2
1587,4122,2
1587,2402,2
1587,2400,2
1587,4224,2
1587,4225,2
1587,4226,2
1587,1864,2
1587,3570,2
1587,4227,2
1587,4795,5
1587,4832,2
1587,3439,3
1587,3440,4
1587,4923,3
1587,3487,3
1587,4924,3
1587,5315,2
1587,5316,2
1588,1589,3
1588,1625,2
1589,1625,3
1590,1591,7
1590,1592,7
1590,1593,7
1591,1592,8
1591,1593,8
1592,1593,8
1593,1623,2
1593,4679,3
1593,4680,2
1593,3513,4
1593,3197,2
1593,1835,4
1593,2636,4
1594,1595,2
1594,1596,2
1594,4084,2
1594,4095,2
1594,3036,2
1594,4096,2
1595,1596,2
1596,1609,2
1597,1598,3
1597,1602,2
1597,1603,2
1597,1604,2
1598,1602,2
1598,1603,2
1598,1604,2
1598,2626,3
1598,2640,5
1598,3011,2
1598,2976,5
1598,2800,8
1598,2648,9
1598,3012,5
1598,3013,5
1598,2509,5
1598,2747,5
1598,3014,5
1598,3023,2
1598,4814,2
1598,2890,2
1598,4815,2
1598,4816,2
1598,3698,2
1598,4817,2
1599,1600,2
1599,1601,2
1600,1601,2
1600,2783,2
1600,5340,2
1600,1797,5
1600,5342,4
1600,5343,3
1601,1697,2
1601,1851,3
1601,1990,2
1601,2627,5
1601,1835,7
1601,2628,6
1601,1654,7
1601,4320,2
1602,1603,2
1602,1604,2
1603,1604,2
1606,1607,17
1606,2505,8
1606,2506,3
1606,2221,5
1606,1729,8
1606,3846,3
1606,3160,3
1606,3642,3
1606,2575,5
1606,3898,2
1606,3820,2
1607,1729,13
1607,3837,2
1607,3838,2
1607,3839,2
1607,3840,2
1607,3841,2
1607,1839,2
1607,3842,2
1607,3336,2
1607,3843,2
1607,3846,2
1607,3160,3
1607,3642,2
1607,2575,4
1607,3896,3
1607,3897,3
1607,3898,2
1607,3820,2
1607,2221,3
1607,5647,2
1608,3073,2
1610,1611,2
1612,1613,2
1612,1614,2
1612,1615,2
1612,1616,2
1613,1614,2
1613,1615,2
1613,1616,2
1614,1615,2
1614,1616,2
1614,1617,8
1614,1618,4
1614,2448,2
1614,2449,2
1615,1616,2
1616,3444,2
1616,2024,2
1616,3445,2
1616,3446,2
1616,3447,2
1616,3448,2
1616,3449,2
1616,3450,2
1616,3451,2
1616,3452,2
1616,3453,2
1616,3454,2
1616,3455,2
1616,3456,2
1616,2036,2
1616,2369,2
1616,3457,2
1617,1618,3
1617,2448,2
1617,2449,2
1619,1620,4
1619,2620,2
1621,1622,2
1621,1639,2
1621,3685,2
1622,1638,7
1622,1639,8
1622,1640,6
1622,1643,4
1622,1644,6
1622,1645,2
1622,1642,5
1623,1835,2
1626,1627,3
1626,1628,3
1626,1629,3
1626,1630,3
1627,1628,3
1627,1629,3
1627,1630,3
1628,1629,3
1628,1630,3
1629,1630,3
1629,4663,3
1629,4664,3
1629,4665,3
1629,4666,3
1629,4673,2
1631,1632,2
1631,1633,2
1631,1634,2
1632,1633,14
1632,1634,2
1632,1762,14
1632,1764,11
1632,1763,11
1632,1794,11
1632,1953,14
1632,1983,10
1632,1992,2
1633,1634,2
1633,1762,12
1633,1764,10
1633,1763,9
1633,1794,8
1633,1953,10
1633,1983,7
1636,2046,6
1636,2047,5
1636,2052,3
1636,2053,3
1636,2049,5
1636,2050,4
1636,2051,5
1636,2048,4
1636,3515,2
1636,5189,2
1636,2813,2
1636,2709,2
1638,1639,7
1638,1640,7
1638,1643,4
1638,1644,3
1638,1642,4
1639,1640,6
1639,1642,9
1639,1643,4
1639,1644,4
1639,3641,5
1639,3637,3
1639,2355,28
1639,2358,2
1639,3667,6
1639,3708,3
1639,3709,6
1639,2575,20
1639,3710,2
1639,3713,3
1639,2086,2
1639,3730,7
1639,3599,2
1639,4019,2
1639,1968,2
1639,2861,2
1639,4020,2
1639,4088,4
1639,4089,5
1639,4090,3
1639,4091,5
1639,4092,3
1639,4093,4
1639,4153,2
1639,4150,3
1639,4151,2
1639,5059,2
1639,5053,13
1639,1761,4
1639,5054,5
1639,3685,5
1639,5061,2
1639,2129,6
1639,2359,2
1639,4564,2
1639,2518,2
1639,5431,2
1639,3592,2
1639,5432,2
1640,1642,4
1640,1643,3
1640,1644,2
1641,5269,2
1642,1644,2
1642,3685,2
1642,5103,2
1642,5098,2
1642,5127,2
1642,2130,2
1642,5337,2
1642,5338,2
1643,1644,4
1644,1645,2
1644,3685,3
1644,5103,3
1644,5098,3
1644,5126,2
1649,2358,2
1649,3661,2
1649,2129,2
1649,3664,2
1652,4206,5
1652,3802,3
1652,2132,5
1652,2355,5
1652,4211,3
1652,3801,2
1653,5596,2
1653,4318,2
1653,5597,2
1653,3828,2
1653,4982,2
1653,5598,2
1653,2915,2
1653,5599,2
1653,3596,2
1653,3598,2
1654,2610,2
1654,1980,4
1654,2611,5
1654,2612,4
1654,2130,5
1654,2633,3
1654,2525,3
1654,1863,3
1654,3647,2
1654,3648,2
1654,3649,2
1654,3088,2
1654,2011,2
1654,2156,2
1654,3200,2
1654,3650,2
1654,2145,2
1654,5482,2
1654,1705,5
1654,4883,5
1654,2307,5
1654,5483,5
1654,5188,5
1654,5484,3
1654,5485,5
1654,5490,2
1654,5491,3
1654,5492,2
1655,4711,2
1655,4712,2
1655,4713,2
1656,2776,2
1656,3667,2
1657,1658,2
1657,1659,2
1657,1660,2
1657,1661,2
1658,1662,2
1658,1659,2
1658,1660,3
1658,1661,2
1658,2318,2
1658,2695,2
1658,2696,2
1659,1660,2
1659,1661,2
1660,1661,2
1663,1664,4
1663,1665,4
1663,1666,4
1663,1667,2
1663,1668,2
1664,1665,4
1664,1666,4
1664,1667,2
1664,1668,2
1664,2663,2
1665,1666,4
1665,1667,2
1665,1668,2
1666,1667,2
1666,1668,2
1667,1668,2
1669,1670,5
1669,1671,5
1670,1671,5
1670,4647,3
1670,4648,3
1670,4649,3
1672,2437,3
1672,2438,3
1672,2512,2
1672,2513,2
1672,5633,2
1674,1675,3
1674,2699,3
1674,2861,2
1675,1677,4
1675,2624,7
1675,2435,4
1675,2861,2
1675,2111,2
1675,2543,3
1675,1993,2
1675,4926,2
1676,4748,2
1677,2434,2
1677,2435,11
1677,2495,2
1677,2111,4
1677,2541,2
1677,2542,2
1677,2543,5
1677,4818,2
1677,4819,3
1677,4820,3
1677,4785,3
1677,4821,3
1677,4822,2
1677,4823,3
1677,4824,3
1677,4825,3
1677,1993,2
1677,1910,2
1677,4356,2
1677,5370,9
1677,1904,9
1677,5371,7
1677,5372,9
1677,4452,2
1678,4219,2
1678,4736,4
1678,4737,2
1678,4738,4
1678,4742,3
1680,1866,2
1680,1867,2
1680,1868,2
1680,1902,2
1680,1863,3
1680,5090,3
1680,5091,3
1680,5092,3
1680,4060,3
1681,2393,4
1681,1989,4
1681,2402,2
1681,4012,2
1681,2525,2
1682,1683,4
1682,1684,2
1682,2709,2
1682,1993,3
1682,3302,2
1682,4686,2
1682,4966,2
1683,1993,3
1683,3302,2
1684,2258,4
1684,2259,4
1684,2714,2
1684,4507,2
1684,4508,2
1684,4509,2
1684,4510,3
1684,4511,3
1684,4512,2
1684,4513,2
1684,4514,3
1684,4515,2
1684,4516,2
1684,4686,2
1684,2373,2
1684,4841,2
1685,2673,2
1685,2674,2
1685,2675,2
1685,2676,2
1685,2677,3
1685,1752,2
1685,2678,2
1685,2679,2
1685,2680,2
1685,1927,7
1685,2925,2
1685,2535,3
1685,4827,2
1685,3969,16
1685,4963,2
1685,4964,2
1685,2022,3
1685,3517,2
1685,3837,5
1685,5473,6
1685,5311,6
1685,3336,6
1685,5475,2
1686,2480,19
1686,2481,3
1686,2365,8
1686,2515,2
1686,1723,7
1686,2586,2
1686,2588,4
1686,2587,6
1687,1688,7
1687,1689,2
1687,1690,5
1687,1691,4
1687,1698,6
1687,1699,3
1687,1720,2
1687,1721,3
1687,2126,2
1687,4296,3
1687,2128,2
1687,2311,3
1687,2801,2
1687,4314,2
1687,4315,2
1687,4316,2
1688,1690,5
1688,1691,3
1688,1698,7
1688,1699,2
1688,1720,2
1688,1721,3
1689,1984,2
1690,1691,3
1690,1698,4
1690,1720,2
1690,1721,2
1691,1698,2
1692,1693,2
1695,1696,2
1695,2951,2
1695,2718,2
1695,3009,2
1695,4041,6
1695,4042,5
1695,4043,5
1695,1834,6
1695,4044,5
1695,2980,6
1695,4045,5
1695,4046,6
1695,4049,2
1695,2755,2
1695,1779,5
1695,4050,2
1695,4051,2
1696,2718,2
1698,1699,2
1698,1720,2
1698,1721,3
1699,2801,4
1699,4296,4
1699,4314,2
1699,2311,4
1699,4315,2
1699,4316,2
1699,4317,2
1699,4353,3
1699,4489,2
1701,1702,5
1701,1703,4
1701,1704,4
1701,1714,4
1701,1715,4
1701,1716,2
1701,1717,5
1701,1718,3
1701,1719,4
1702,1703,4
1702,1704,6
1702,1714,9
1702,1715,4
1702,1716,3
1702,1717,12
1702,1718,3
1702,1719,3
1702,1728,2
1702,2861,4
1702,2357,3
1702,4658,5
1702,4791,3
1702,4792,2
1702,3209,4
1702,2356,2
1702,4810,2
1702,4815,3
1702,4826,3
1702,3514,2
1703,1704,3
1703,1714,2
1703,1715,3
1703,1716,2
1703,1717,3
1703,1718,2
1703,1719,3
1704,1714,4
1704,1715,3
1704,1716,2
1704,1717,4
1704,1718,2
1704,1719,2
1704,3704,3
1704,2356,5
1704,3705,5
1704,4796,3
1704,2357,3
1704,4363,2
1705,1706,7
1705,1707,4
1705,1708,7
1705,1709,4
1705,1710,4
1705,3410,3
1705,3411,4
1705,3412,2
1705,4882,3
1705,2127,2
1705,5055,4
1705,1901,3
1705,4883,6
1705,5482,2
1705,2307,5
1705,5483,5
1705,5188,5
1705,5484,3
1705,5485,5
1705,5490,2
1705,2633,2
1705,5491,3
1705,5492,2
1706,1707,4
1706,1708,7
1706,1709,4
1706,1710,4
1706,4882,5
1706,3638,3
1706,4883,3
1706,4992,2
1706,4880,2
1706,2127,3
1706,5055,4
1706,1901,2
1707,1708,4
1707,1709,4
1707,1710,4
1708,1709,4
1708,1710,4
1708,4882,3
1708,5055,8
1708,1901,4
1708,2127,4
1708,4880,2
1708,3362,2
1709,1710,4
1709,3612,7
1709,3613,8
1709,3614,8
1709,1988,9
1709,3920,4
1709,3921,4
1709,3922,4
1709,3923,4
1709,3551,4
1709,2746,4
1709,3465,4
1709,3924,4
1709,3925,2
1709,3926,4
1709,3552,4
1709,3927,4
1709,4024,3
1709,4025,2
1712,1713,2
1714,1715,4
1714,1716,2
1714,1717,9
1714,1718,4
1714,1719,3
1714,1728,2
1714,4503,2
1714,4504,6
1714,4505,5
1714,4506,3
1714,4522,3
1714,4523,4
1714,4524,3
1714,4791,3
1714,4792,2
1714,3209,3
1714,2861,3
1714,2356,2
1714,4810,2
1714,4658,3
1714,4815,2
1714,4826,2
1715,1716,3
1715,1717,5
1715,1718,4
1715,1719,4
1716,1717,3
1716,1718,2
1716,1719,2
1717,1718,4
1717,1719,4
1717,1728,2
1717,2861,4
1717,2357,3
1717,4658,5
1717,4791,3
1717,4792,2
1717,3209,4
1717,2356,2
1717,4810,2
1717,4815,3
1717,4826,3
1717,3514,2
1718,1719,3
1722,1723,2
1722,2376,3
1722,3836,4
1722,4374,13
1722,3696,5
1722,3682,3
1722,3666,2
1722,3833,2
1722,3828,2
1722,5457,2
1722,5451,2
1722,2191,2
1723,1856,3
1723,2586,2
1723,2588,3
1723,2587,6
1723,3944,2
1723,3945,2
1723,3946,2
1723,3947,2
1723,3948,2
1723,3949,2
1723,3950,2
1723,3951,2
1723,3952,2
1723,3953,2
1723,2330,2
1723,3954,2
1723,3955,2
1723,3956,2
1723,3957,2
1723,3958,2
1725,2746,2
1725,4374,2
1725,4381,3
1725,5002,2
1726,4932,2
1727,2826,2
1727,2827,2
1727,2828,2
1727,1928,2
1727,2829,2
1727,2830,2
1727,2831,2
1727,2832,2
1727,2833,2
1727,2834,2
1727,2835,2
1727,2836,2
1727,2837,2
1727,2838,2
1727,2839,2
1727,2191,2
1727,2840,2
1727,2841,2
1727,2842,2
1727,2843,2
1727,2844,2
1727,2845,2
1727,2846,2
1727,2847,2
1727,2848,2
1727,2849,2
1727,2850,2
1727,2851,2
1727,2852,2
1727,2853,2
1727,2854,2
1727,2855,2
1727,2856,2
1729,2221,6
1729,2208,3
1729,2571,3
1729,2572,3
1729,2574,3
1729,2575,15
1729,3837,2
1729,3838,2
1729,3839,2
1729,3840,2
1729,3841,2
1729,1839,2
1729,3842,2
1729,3336,2
1729,3843,2
1729,3844,2
1729,3797,27
1729,3846,6
1729,3642,14
1729,4087,14
1729,4100,2
1729,5069,2
1729,3804,3
1729,5070,11
1729,2535,10
1729,2915,11
1729,4440,8
1729,5647,3
1731,4572,3
1731,4573,2
1731,4574,2
1731,4575,2
1732,1777,2
1733,2182,9
1733,2875,10
1733,2026,12
1733,2864,6
1733,2867,5
1733,2868,6
1733,2869,7
1733,2870,5
1733,2881,3
1733,2871,6
1733,2866,4
1733,3902,2
1733,3870,2
1733,5121,2
1733,5122,2
1734,3493,2
1734,2888,3
1734,2899,2
1734,5174,2
1734,5299,2
1734,5300,2
1734,5301,2
1734,5004,2
1734,5302,2
1736,3796,4
1736,3797,4
1736,3798,2
1736,2575,4
1736,3799,3
1736,3658,2
1736,4729,2
1736,3660,2
1736,3325,2
1736,4730,2
1737,5539,2
1737,5540,2
1737,3825,2
1737,1980,2
1737,5541,2
1737,5542,2
1737,5543,2
1737,5544,2
1737,5545,2
1737,5546,2
1737,4672,2
1737,5547,2
1737,2710,2
1739,2198,2
1739,2199,4
1739,2200,3
1739,2201,4
1739,2202,3
1739,2210,2
1740,1741,20
1740,1750,5
1740,1751,6
1740,1753,2
1740,1754,13
1740,1768,6
1740,1813,2
1740,3077,2
1740,2524,2
1740,3365,3
1740,4205,2
1740,4241,4
1740,4254,3
1740,4255,2
1740,4271,2
1741,1750,2
1741,1751,3
1741,1753,2
1741,1754,10
1741,1768,8
1741,4241,7
1741,4245,5
1742,1746,3
1742,1747,3
1742,1748,2
1742,1749,2
1743,1744,2
1743,1745,2
1744,1745,2
1746,1747,3
1746,1748,2
1746,1749,2
1747,1748,2
1747,1749,2
1748,1749,2
1750,1751,3
1750,1867,2
1750,2172,3
1750,2173,2
1750,2174,2
1750,2175,2
1750,2938,2
1750,4750,3
1750,2863,3
1750,4751,4
1750,3810,2
1750,5403,2
1750,5404,2
1750,5405,2
1751,3242,2
1751,4562,2
1751,2863,2
1751,4563,2
1751,3775,2
1752,2673,2
1752,2674,2
1752,2675,2
1752,2676,2
1752,2677,2
1752,2678,2
1752,2679,2
1752,2680,2
1754,1778,2
1755,2718,4
1755,3009,5
1755,3803,2
1755,3691,2
1755,3746,3
1755,3690,2
1756,1757,5
1756,2251,3
1756,3376,2
1756,4463,3
1756,3655,5
1756,5114,3
1757,1758,2
1757,1759,2
1757,1766,2
1757,1767,2
1757,4906,4
1757,4907,6
1757,5610,7
1757,2682,7
1757,5611,6
1758,1759,2
1761,5053,5
1761,5054,3
1761,3667,3
1761,2129,3
1762,1764,10
1762,1763,13
1762,1794,9
1762,1953,14
1762,1983,9
1762,2225,2
1762,2342,2
1762,2343,2
1762,1864,2
1762,2344,2
1762,2345,2
1763,1764,8
1763,1794,8
1763,1953,12
1763,1983,8
1763,4202,2
1763,4203,2
1764,1794,8
1764,1953,10
1764,1983,6
1768,3736,6
1768,3737,6
1768,1902,6
1768,3738,6
1768,3739,6
1768,3740,6
1768,3707,5
1768,3752,2
1768,4205,2
1768,4241,8
1768,4245,5
1769,1770,2
1769,1775,7
1769,2135,3
1769,2147,2
1769,3766,3
1769,2861,7
1769,3999,3
1769,4000,3
1769,4001,3
1769,4002,4
1769,4004,2
1769,4005,3
1769,4007,2
1769,4008,5
1769,4009,2
1769,4010,2
1769,4022,2
1769,4021,2
1769,4132,7
1769,4168,4
1769,4169,4
1769,4170,4
1769,4171,4
1769,4333,4
1769,4335,2
1769,4336,2
1769,4339,2
1769,2900,3
1769,4340,3
1769,4341,5
1769,4394,2
1769,4581,2
1769,4126,2
1769,4571,2
1769,4928,6
1769,2499,3
1769,5628,5
1770,2137,2
1770,2138,2
1770,2139,2
1770,2140,2
1770,2141,3
1770,2142,2
1770,2143,2
1770,2144,2
1770,2589,2
1770,2358,2
1770,2535,2
1770,2906,2
1770,2634,2
1770,3224,5
1770,3225,8
1770,3226,7
1770,3227,10
1770,2616,7
1770,3228,7
1770,3229,4
1770,3415,2
1770,4015,2
1770,4016,2
1770,4468,2
1770,4472,2
1770,3694,2
1770,4373,2
1770,4471,3
1770,4474,4
1770,3221,2
1770,2889,3
1770,4110,3
1770,2322,2
1770,3299,4
1770,3244,3
1770,4565,3
1770,4566,3
1770,4567,2
1770,4607,4
1770,4686,3
1770,4687,2
1770,2373,4
1770,5266,2
1771,1772,2
1773,1774,2
1775,2133,3
1775,2134,2
1775,2135,5
1775,2147,2
1775,2152,2
1775,2153,2
1776,4933,6
1776,4934,7
1776,4935,6
1776,4936,6
1776,2180,8
1776,4937,4
1776,4944,3
1776,2179,2
1776,5574,2
1776,2459,2
1776,5575,2
1776,4259,3
1776,5592,2
1776,5593,2
1776,5594,2
1779,1780,3
1779,1781,3
1779,4049,2
1779,4041,6
1779,4042,4
1779,4043,4
1779,1834,5
1779,2755,3
1779,4050,2
1779,4044,5
1779,4051,3
1779,2980,6
1779,4045,4
1779,4046,6
1780,1781,3
1780,4217,3
1780,4221,2
1780,4218,3
1780,4223,2
1782,1783,10
1782,1784,10
1782,1785,10
1782,1786,10
1782,1787,10
1782,1788,10
1782,1789,10
1782,1790,10
1782,1791,9
1782,1793,8
1783,1784,10
1783,1785,10
1783,1786,10
1783,1787,10
1783,1788,10
1783,1789,10
1783,1790,10
1783,1791,9
1783,1793,8
1783,2459,5
1783,4242,4
1783,4243,3
1783,3788,3
1783,2160,2
1784,1785,10
1784,1786,10
1784,1787,10
1784,1788,10
1784,1789,10
1784,1790,10
1784,1791,9
1784,1793,8
1785,1786,10
1785,1787,10
1785,1788,10
1785,1789,10
1785,1790,10
1785,1791,9
1785,1793,8
1786,1787,10
1786,1788,10
1786,1789,10
1786,1790,10
1786,1791,9
1786,1793,8
1786,2214,3
1786,2215,4
1786,2235,2
1787,1788,10
1787,1789,10
1787,1790,10
1787,1791,9
1787,1793,8
1787,5422,3
1787,5423,3
1787,5424,3
1787,1833,3
1787,4501,3
1787,5425,3
1787,5426,3
1787,5444,2
1787,5445,2
1787,5446,2
1788,1789,10
1788,1790,10
1788,1791,9
1788,1793,8
1789,1790,10
1789,1791,9
1789,1793,8
1790,1791,9
1790,1793,8
1791,1793,7
1792,2154,2
1792,2942,9
1792,2944,9
1792,3066,9
1792,2966,10
1792,3080,7
1792,2421,9
1792,3078,10
1792,3081,10
1792,2926,10
1792,3082,10
1792,2948,5
1792,3099,3
1792,3100,2
1792,2298,2
1792,3101,2
1792,3102,2
1792,3103,2
1792,3104,2
1792,3105,2
1792,3106,2
1792,2595,2
1792,3107,2
1792,3108,2
1792,3109,2
1792,2960,2
1792,3110,2
1792,2954,2
1792,3111,2
1792,3112,2
1792,3113,2
1792,3114,2
1792,3115,2
1792,2617,2
1792,2989,2
1792,3116,2
1792,3424,5
1792,3425,3
1792,3426,5
1792,3427,4
1792,3428,4
1792,3429,5
1792,3430,4
1792,3431,4
1792,3432,5
1794,1795,2
1794,1798,2
1794,1953,10
1794,1983,6
1794,3020,3
1794,3021,4
1794,3022,2
1794,3302,2
1794,3587,2
1794,3588,2
1794,2006,2
1794,2007,2
1794,3096,2
1794,3589,2
1794,3590,3
1794,3735,9
1794,3077,11
1794,2228,9
1794,4908,2
1794,4686,2
1795,1796,3
1795,1798,2
1795,2226,3
1795,1910,3
1795,3340,3
1796,1841,2
1796,3173,10
1796,3174,3
1796,2298,4
1796,3191,2
1796,3192,3
1796,3731,2
1796,3732,2
1796,3120,2
1796,3733,2
1796,3734,2
1796,3788,8
1796,3997,2
1796,4282,16
1796,4283,17
1796,4284,17
1796,4285,17
1796,4286,17
1796,3637,17
1796,3340,2
1796,5027,8
1796,5028,7
1796,5029,8
1796,3370,2
1796,5317,7
1796,5353,7
1796,5354,7
1796,3901,7
1797,1827,2
1797,1825,2
1797,3025,3
1797,3026,2
1797,3027,3
1797,3028,3
1797,3029,2
1797,3034,2
1797,2986,2
1797,1911,2
1797,3185,10
1797,3186,7
1797,5215,5
1797,5216,5
1797,5217,6
1797,1840,8
1797,2225,8
1797,5218,7
1797,3590,9
1797,5219,8
1797,5226,8
1797,5227,8
1797,5231,6
1797,5232,7
1797,5233,7
1797,4616,6
1797,5235,6
1797,5236,6
1797,5237,6
1797,5239,4
1797,5240,4
1797,5342,3
1797,5343,3
1800,1801,2
1800,1802,3
1801,1802,2
1802,1941,2
1802,1942,2
1803,1804,4
1803,1805,2
1803,1806,2
1803,4593,2
1803,4601,2
1803,2065,2
1803,4833,2
1803,3131,2
1803,3132,2
1803,4834,2
1803,4835,2
1803,4602,2
1803,4696,2
1803,4836,2
1803,4837,2
1803,2980,2
1803,4838,2
1803,4697,2
1804,1805,6
1804,1806,2
1804,4593,2
1804,4601,2
1804,2065,2
1804,4833,2
1804,3131,2
1804,3132,2
1804,4834,2
1804,4835,2
1804,4602,2
1804,4696,2
1804,4836,2
1804,4837,2
1804,2980,2
1804,4838,2
1804,4697,2
1805,1806,2
1807,1808,3
1807,1845,2
1807,3091,2
1807,4293,2
1808,1845,2
1809,4246,3
1809,4845,3
1809,4846,3
1809,4847,3
1809,4848,3
1809,4849,3
1809,2898,3
1809,3498,3
1809,4850,3
1809,4851,3
1809,3404,3
1809,2665,3
1809,4852,3
1809,4853,3
1809,2415,3
1809,2539,2
1809,4856,2
1810,4996,4
1814,3118,4
1814,3119,4
1814,1855,4
1814,2294,2
1814,2253,33
1814,3172,8
1814,2276,7
1814,3406,9
1814,3407,10
1814,3408,10
1814,3413,2
1814,3426,10
1814,4755,10
1814,4495,2
1814,4867,3
1814,5357,4
1814,2762,3
1814,5360,5
1814,5361,3
1814,5362,4
1814,5363,3
1814,5358,5
1814,5359,3
1814,5369,2
1814,5460,2
1814,5461,2
1814,5462,2
1816,1817,2
1819,2861,2
1819,4553,2
1821,3379,2
1822,2920,2
1822,2821,2
1822,3198,2
1822,3199,2
1822,3200,3
1822,3336,4
1822,3337,2
1822,3837,3
1822,2861,4
1822,4646,2
1825,1826,3
1825,1827,2
1827,2488,2
1827,2489,2
1827,2490,2
1827,2491,2
1827,2492,2
1827,2090,2
1827,2493,2
1828,1829,2
1829,1830,2
1831,2822,3
1831,1839,7
1831,4844,4
1831,4865,4
1831,2054,6
1831,2055,2
1832,1833,2
1832,4305,2
1833,5422,3
1833,5423,3
1833,5424,3
1833,4501,3
1833,5425,3
1833,5426,3
1833,5444,2
1833,5445,2
1833,5446,2
1834,2335,2
1834,2336,2
1834,2339,2
1834,1911,3
1834,2750,2
1834,2751,2
1834,2752,3
1834,2753,2
1834,2754,2
1834,2755,5
1834,2084,2
1834,2756,2
1834,2757,2
1834,2758,2
1834,3378,3
1834,3657,4
1834,4041,6
1834,4042,5
1834,4043,5
1834,4044,5
1834,2980,7
1834,4045,5
1834,4046,6
1834,4049,2
1834,4050,2
1834,4051,2
1834,2861,2
1835,2627,5
1835,2628,6
1835,2636,5
1835,1938,3
1835,3513,7
1835,3197,5
1835,2854,3
1835,3808,2
1835,3907,6
1835,2585,7
1835,4679,3
1835,4680,2
1835,4777,5
1835,4784,2
1838,1839,2
1839,2054,6
1839,2055,5
1839,2822,3
1839,3210,3
1839,2065,6
1839,3211,3
1839,3212,4
1839,1965,4
1839,3036,3
1839,3555,2
1839,3556,4
1839,3505,2
1839,3643,3
1839,3644,2
1839,3645,4
1839,3646,3
1839,3837,2
1839,3838,2
1839,3839,2
1839,3840,2
1839,3841,2
1839,3842,2
1839,3336,2
1839,3843,2
1839,4844,3
1839,4865,3
1839,2823,4
1839,2218,2
1839,3077,2
1840,3185,16
1840,4811,2
1840,5215,5
1840,5216,5
1840,5217,7
1840,2225,8
1840,5218,8
1840,3590,9
1840,5219,7
1840,5226,7
1840,5227,7
1840,5231,5
1840,5232,6
1840,5233,6
1840,4616,5
1840,5235,5
1840,5236,5
1840,5239,4
1840,5237,5
1840,3186,5
1840,5240,4
1842,2764,2
1842,5162,2
1844,1861,2
1846,1847,2
1846,1848,2
1847,1848,2
1849,1850,2
1849,3517,2
1851,1852,8
1851,1859,8
1851,1860,2
1851,4320,2
1851,4778,7
1851,4779,7
1851,4780,7
1851,4781,8
1851,4782,7
1851,4513,8
1853,1854,6
1855,3118,4
1855,3119,4
1855,2294,2
1855,2253,3
1855,3172,2
1855,2276,2
1855,3827,4
1855,3828,2
1855,3829,3
1855,3696,3
1855,1923,3
1855,3831,2
1855,1954,3
1855,5466,2
1855,5467,2
1855,5470,3
1855,5468,3
1855,5469,3
1856,3944,2
1856,3945,2
1856,3946,2
1856,3947,2
1856,3948,2
1856,3949,2
1856,3950,2
1856,3951,2
1856,3952,2
1856,3953,2
1856,2330,2
1856,3954,2
1856,3955,2
1856,3956,2
1856,3957,2
1856,3958,2
1857,5225,2
1857,5292,2
1857,3724,2
1857,2286,2
1857,2322,2
1857,3344,2
1857,5294,2
1857,2763,2
1857,5295,2
1857,3457,2
1857,2331,2
1859,4778,7
1859,4779,8
1859,4780,7
1859,4781,7
1859,4782,7
1859,4513,7
1860,4343,2
1860,3360,2
1863,2145,3
1863,2146,2
1863,3647,2
1863,3648,2
1863,3649,2
1863,3088,2
1863,2011,2
1863,2156,2
1863,3200,2
1863,3650,2
1863,5090,3
1863,5091,3
1863,5092,3
1863,4060,3
1864,2225,3
1864,2341,3
1864,2342,4
1864,2343,3
1864,2344,3
1864,2345,3
1864,2685,5
1864,2686,2
1864,2687,2
1864,3178,2
1864,3179,2
1864,3180,2
1864,3181,2
1864,3182,2
1864,3082,2
1864,3570,3
1864,4224,2
1864,4225,2
1864,4226,2
1864,4227,2
1864,5058,5
1865,2026,3
1865,2027,2
1865,2028,2
1865,2029,2
1865,2024,2
1865,2324,5
1865,2325,16
1865,2326,7
1865,2327,7
1865,2328,7
1865,2256,8
1865,2329,7
1865,2330,8
1865,2331,27
1865,2255,7
1865,2347,16
1865,2350,3
1865,2351,2
1865,2352,3
1865,2353,2
1865,2422,2
1865,2721,7
1865,2725,2
1865,2562,2
1865,1869,3
1865,4343,5
1865,4344,4
1865,4345,3
1866,1867,2
1866,1868,2
1866,4763,2
1866,4764,2
1866,4765,2
1866,4766,2
1866,3087,2
1866,4767,2
1866,4768,2
1866,4769,2
1866,3088,2
1866,2861,2
1866,4770,2
1866,4771,2
1866,4772,2
1866,3090,2
1866,3705,2
1867,1868,2
1869,4343,6
1869,4344,2
1869,1870,2
1869,3360,4
1870,5031,2
1870,5096,2
1870,4343,2
1870,3360,2
1871,3528,3
1872,1873,5
1872,1874,7
1872,1875,5
1872,1876,5
1872,1877,4
1872,1878,5
1872,1963,2
1872,1964,2
1872,1966,2
1872,1967,2
1872,2700,4
1872,3386,2
1872,2924,4
1872,3404,3
1872,5213,2
1872,5214,2
1872,2227,2
1872,2731,3
1873,1874,5
1873,1875,5
1873,1876,5
1873,1877,2
1873,1878,5
1873,2384,3
1873,2385,3
1873,2386,3
1873,2269,2
1873,2387,3
1873,2425,2
1873,3334,2
1873,3335,2
1873,2227,2
1873,2731,3
1874,1875,13
1874,1876,5
1874,1877,8
1874,1878,5
1874,1963,6
1874,1964,6
1874,1965,2
1874,1966,6
1874,1967,5
1874,2665,3
1874,2666,3
1874,2227,2
1874,2731,3
1875,1876,5
1875,1877,2
1875,1878,5
1875,2665,3
1875,2666,3
1875,2727,2
1875,4193,2
1875,2731,5
1875,4911,2
1875,2733,2
1875,2227,2
1876,1877,2
1876,1878,5
1876,2227,2
1876,2731,3
1877,1878,2
1877,1963,6
1877,1964,6
1877,1965,2
1877,1966,6
1877,1967,5
1878,2227,2
1878,2731,3
1879,1880,3
1879,1881,4
1879,1882,4
1879,1883,3
1879,1884,4
1879,1906,3
1880,1881,3
1880,1882,3
1880,1883,3
1880,1884,3
1880,1906,2
1881,1882,4
1881,1883,3
1881,1884,4
1881,1906,3
1882,1883,3
1882,1884,4
1882,1906,3
1883,1884,3
1883,1906,2
1884,1906,3
1884,4931,2
1884,5159,2
1885,1886,2
1885,1887,2
1885,1888,2
1885,1889,2
1885,1890,2
1885,1891,2
1885,1892,2
1886,1887,2
1886,1888,2
1886,1889,2
1886,1890,2
1886,1891,2
1886,1892,2
1887,1888,2
1887,1889,2
1887,1890,2
1887,1891,2
1887,1892,2
1888,1889,2
1888,1890,2
1888,1891,2
1888,1892,2
1889,1890,2
1889,1891,2
1889,1892,2
1890,1891,2
1890,1892,2
1891,1892,2
1894,3141,2
1894,2965,2
1894,3142,2
1894,3143,2
1894,2208,2
1894,3144,2
1894,2945,2
1894,3145,2
1894,3146,2
1894,3147,2
1894,3148,2
1894,3149,2
1894,3150,2
1894,3151,2
1894,3152,2
1895,1896,3
1895,1897,4
1896,1897,3
1898,1899,6
1898,1900,6
1898,1901,6
1899,1900,6
1899,1901,7
1900,1901,7
1901,4882,4
1901,5055,5
1901,2127,2
1902,3736,6
1902,3737,6
1902,3738,6
1902,3739,6
1902,3740,6
1902,3707,5
1902,3752,2
1902,4161,2
1902,4162,2
1902,4163,2
1902,2723,2
1902,5093,2
1903,1904,3
1904,5370,10
1904,5371,7
1904,5372,10
1904,4452,2
1905,4185,5
1905,2463,6
1905,4164,7
1905,4196,2
1905,4197,2
1905,4198,2
1905,4207,3
1908,1909,4
1910,1911,2
1910,4356,2
1911,2335,2
1911,2336,2
1911,2339,2
1911,3025,2
1911,3034,2
1911,3027,2
1911,3028,2
1911,2986,2
1911,3837,4
1911,4482,4
1911,4483,4
1911,4484,4
1911,4485,3
1911,3358,3
1911,4486,4
1912,1913,3
1912,1914,2
1912,1915,3
1912,1916,3
1913,1914,3
1913,1915,3
1913,1916,4
1914,1915,2
1914,1916,3
1915,1916,3
1917,2800,2
1917,3015,2
1918,1919,4
1918,1920,10
1918,1921,9
1919,1920,4
1919,1921,4
1920,1921,9
1922,2626,2
1922,2640,2
1923,3827,5
1923,3828,2
1923,3829,6
1923,3696,4
1923,3830,3
1923,2413,2
1923,3831,2
1923,3598,3
1923,3681,4
1923,3835,3
1923,2928,2
1923,3592,2
1923,4367,2
1923,3682,2
1923,4399,2
1923,4400,2
1923,4401,2
1924,2040,9
1924,2185,2
1924,2623,3
1924,2621,7
1924,2287,2
1924,1961,2
1924,2734,13
1924,2812,2
1924,2813,2
1924,2814,3
1924,2735,11
1924,2769,9
1924,2768,9
1924,2736,7
1925,1926,2
1925,1986,2
1925,2861,2
1926,2928,3
1926,2929,3
1926,2930,3
1926,2931,2
1926,2932,3
1926,2933,3
1926,2479,2
1926,4247,2
1926,2711,2
1926,4248,2
1926,4249,2
1927,2925,2
1927,2535,2
1927,3517,3
1927,5390,2
1927,5391,3
1927,5392,4
1927,5328,3
1927,5393,3
1927,4257,3
1927,5395,2
1927,3336,4
1927,3837,2
1927,5473,3
1927,5311,3
1928,2799,2
1928,2826,2
1928,2827,2
1928,2828,2
1928,2829,2
1928,2830,2
1928,2831,2
1928,2832,2
1928,2833,2
1928,2834,2
1928,2835,2
1928,2836,2
1928,2837,2
1928,2838,2
1928,2839,2
1928,2191,2
1928,2840,2
1928,2841,2
1928,2842,2
1928,2843,2
1928,2844,2
1928,2845,2
1928,2846,2
1928,2847,2
1928,2848,2
1928,2849,2
1928,2850,2
1928,2851,2
1928,2852,2
1928,2853,2
1928,2854,2
1928,2855,2
1928,2856,2
1930,3189,5
1930,5584,4
1930,5578,5
1930,5585,5
1930,5579,5
1930,5580,5
1930,5586,4
1931,1932,2
1931,1933,2
1931,1934,2
1932,1933,2
1932,1934,2
1932,2544,2
1932,2414,2
1932,2545,2
1932,2415,2
1932,2286,2
1932,5176,2
1933,1934,2
1933,4176,2
1933,4177,2
1933,4178,2
1933,4179,2
1933,2585,2
1933,4180,2
1933,4181,2
1933,4182,2
1934,1935,2
1935,4718,2
1935,4741,3
1936,5244,2
1936,5622,2
1936,5623,2
1937,1938,2
1938,3513,4
1938,3197,3
1938,2854,3
1938,3808,2
1941,1942,2
1943,1944,2
1943,1945,2
1943,1946,2
1943,1947,2
1943,1948,2
1943,1949,2
1943,1950,2
1944,1945,2
1944,1946,2
1944,1947,2
1944,1948,2
1944,1949,2
1944,1950,2
1945,1946,2
1945,1947,2
1945,1948,2
1945,1949,2
1945,1950,2
1945,2882,2
1945,2883,2
1945,2734,2
1946,1947,2
1946,1948,2
1946,1949,2
1946,1950,2
1947,1948,2
1947,1949,2
1947,1950,2
1948,1949,2
1948,1950,2
1949,1950,2
1951,1961,3
1953,1983,9
1953,1992,2
1954,5466,4
1954,5467,4
1954,5468,5
1954,5469,5
1954,5470,4
1955,1956,3
1955,1957,3
1955,1958,3
1955,1959,3
1955,1997,2
1955,1998,2
1955,1999,2
1955,2000,2
1955,2001,2
1955,2002,2
1956,1957,3
1956,1958,3
1956,1959,3
1956,1997,2
1956,1998,2
1956,1999,2
1956,2000,2
1956,2001,2
1956,2002,2
1957,1958,3
1957,1959,4
1957,1960,2
1957,1997,2
1957,1998,2
1957,1999,2
1957,2000,2
1957,2001,2
1957,2002,2
1958,1959,3
1958,1997,2
1958,1998,2
1958,1999,2
1958,2000,2
1958,2001,2
1958,2002,2
1959,1960,2
1959,1997,2
1959,1998,2
1959,1999,2
1959,2000,2
1959,2001,2
1959,2002,2
1961,2040,2
1961,2287,2
1961,2623,2
1961,2734,4
1961,2812,8
1961,2813,2
1961,2814,2
1961,3516,2
1961,2286,2
1961,2329,2
1961,4175,4
1961,4743,2
1963,1964,6
1963,1965,2
1963,1966,6
1963,1967,5
1964,1965,2
1964,1966,6
1964,1967,5
1965,1966,2
1965,1967,2
1965,3210,2
1965,2065,2
1965,3211,2
1965,3212,2
1965,3036,2
1966,1967,5
1968,4019,2
1968,2861,2
1968,4020,2
1969,1970,3
1969,1971,3
1969,1972,3
1969,1973,3
1969,1974,3
1969,1975,3
1970,1971,3
1970,1972,3
1970,1973,3
1970,1974,3
1970,1975,3
1971,1972,3
1971,1973,3
1971,1974,3
1971,1975,3
1972,1973,3
1972,1974,3
1972,1975,3
1972,2322,2
1972,3462,2
1972,2385,3
1972,2888,2
1972,2899,2
1973,1974,3
1973,1975,3
1974,1975,3
1976,1977,2
1976,1978,2
1977,1978,2
1977,3088,10
1977,4689,7
1977,5429,6
1977,5430,7
1977,2990,2
1977,2238,2
1978,2208,3
1978,2571,3
1978,2572,3
1978,2574,3
1978,2575,3
1979,1980,2
1979,1981,2
1979,1982,2
1979,2130,3
1979,5337,2
1979,5338,2
1980,1981,2
1980,1982,2
1980,1987,2
1980,2130,8
1980,2131,2
1980,2610,2
1980,2611,4
1980,2612,4
1980,2648,3
1980,3686,2
1980,4672,3
1980,5539,2
1980,5540,2
1980,3825,2
1980,5541,2
1980,5542,2
1980,5543,2
1980,5544,2
1980,5545,2
1980,5546,2
1980,5547,2
1980,2710,2
1980,5605,5
1980,5606,3
1980,2064,3
1980,5609,2
1980,2022,2
1981,1982,2
1982,4211,2
1982,5537,2
1982,5538,4
1982,5550,2
1982,4709,5
1982,3569,5
1982,5533,3
1982,5534,3
1984,4422,3
1984,4423,2
1984,4424,2
1984,3956,2
1985,2093,2
1985,2094,2
1985,2095,2
1987,4576,5
1987,3576,6
1987,2525,5
1987,5397,3
1988,3612,9
1988,3613,9
1988,3614,9
1988,3920,4
1988,3921,4
1988,3922,4
1988,3923,4
1988,3551,4
1988,2746,4
1988,3465,4
1988,3924,4
1988,3925,2
1988,3926,4
1988,3552,4
1988,3927,4
1988,4024,3
1988,4025,2
1988,5556,4
1989,3308,3
1989,3309,3
1989,2044,3
1989,3310,3
1989,2393,18
1989,3551,3
1989,2402,15
1989,3552,3
1989,3553,2
1989,3574,5
1989,3575,4
1989,3576,5
1989,3577,2
1989,3578,8
1989,3579,3
1989,3580,3
1989,3581,4
1989,3666,7
1989,2525,15
1989,3670,5
1989,3671,5
1989,3672,5
1989,3673,5
1989,3592,6
1989,3674,6
1989,3675,4
1989,3676,4
1989,3677,5
1989,3678,5
1989,3679,4
1989,3680,4
1989,3681,5
1989,3682,4
1989,3683,5
1989,3684,4
1989,2477,5
1989,3699,2
1989,3696,4
1989,3909,2
1989,4012,2
1989,4360,6
1989,3966,6
1989,4342,2
1989,4903,10
1989,4904,10
1989,2218,11
1989,4592,5
1989,2994,3
1989,4752,5
1989,4718,2
1989,5327,3
1989,5328,4
1989,5329,5
1989,5330,5
1989,5333,3
1989,4374,4
1989,4709,5
1989,4734,2
1989,5488,4
1989,5521,2
1989,5502,2
1989,5503,2
1989,5523,2
1993,1994,4
1993,1995,2
1993,3302,2
1993,2543,2
1993,2435,2
1994,1995,2
1997,1998,2
1997,1999,2
1997,2000,2
1997,2001,2
1997,2002,2
1998,1999,2
1998,2000,2
1998,2001,2
1998,2002,2
1999,2000,2
1999,2001,2
1999,2002,2
1999,3836,2
1999,4605,3
1999,2922,2
1999,4606,2
2000,2001,2
2000,2002,2
2001,2002,2
2004,2288,2
2004,4104,3
2004,4105,2
2004,4106,3
2004,3666,3
2004,4107,2
2004,2525,6
2004,2994,2
2004,5332,6
2004,5194,6
2005,2495,2
2005,2496,2
2005,2497,2
2005,2498,2
2005,2499,2
2005,2500,2
2005,2501,2
2005,2502,2
2005,2503,2
2005,2504,2
2006,2007,8
2006,3302,2
2006,3587,2
2006,3588,2
2006,3096,3
2006,3589,2
2006,3590,2
2006,3776,2
2007,3096,3
2007,3302,2
2007,3587,2
2007,3588,2
2007,3589,2
2007,3590,2
2008,2009,3
2008,2010,3
2008,2011,3
2008,2012,3
2008,2013,3
2008,2014,2
2008,2015,3
2008,2016,3
2008,2017,3
2009,2010,3
2009,2011,3
2009,2012,3
2009,2013,3
2009,2014,2
2009,2015,3
2009,2016,3
2009,2017,3
2010,2011,3
2010,2012,3
2010,2013,3
2010,2014,2
2010,2015,3
2010,2016,3
2010,2017,3
2011,2012,3
2011,2013,3
2011,2014,2
2011,2015,3
2011,2016,3
2011,2017,3
2011,3647,2
2011,3648,2
2011,3649,2
2011,3088,2
2011,2156,2
2011,3200,2
2011,3650,2
2012,2013,3
2012,2014,2
2012,2015,3
2012,2016,3
2012,2017,3
2013,2014,2
2013,2015,3
2013,2016,3
2013,2017,3
2014,2015,2
2014,2016,2
2014,2017,2
2015,2016,3
2015,2017,3
2016,2017,3
2020,2021,2
2020,3083,2
2020,3084,2
2020,3085,2
2020,3086,2
2020,3087,2
2020,3088,2
2020,2861,2
2020,3089,2
2020,3090,2
2020,3091,2
2020,3092,2
2022,3969,3
2022,5581,2
2022,5574,2
2022,2427,2
2022,2459,2
2022,5582,2
2022,4275,2
2022,3789,2
2022,2034,2
2022,3871,2
2022,5605,2
2022,2130,2
2023,2952,3
2023,2960,3
2023,2151,2
2023,3231,2
2023,3232,2
2023,3028,2
2023,2791,2
2023,2716,2
2023,3128,2
2024,2025,9
2024,2026,10
2024,2027,8
2024,2028,9
2024,2029,8
2024,3444,2
2024,3445,2
2024,3446,2
2024,3447,2
2024,3448,2
2024,3449,2
2024,3450,2
2024,3451,2
2024,3452,2
2024,3453,2
2024,3454,2
2024,3455,2
2024,3456,2
2024,2036,2
2024,2369,2
2024,3457,2
2025,2026,9
2025,2027,8
2025,2028,9
2025,2029,8
2026,2027,10
2026,2028,11
2026,2029,10
2026,2864,6
2026,2182,10
2026,2866,6
2026,2867,6
2026,2868,6
2026,2869,7
2026,2870,7
2026,2871,7
2026,2875,10
2026,2881,2
2026,3899,5
2026,3900,5
2026,3901,3
2026,3788,3
2026,3902,5
2027,2028,10
2027,2029,10
2028,2029,10
2030,3765,2
2030,3766,9
2030,3767,4
2030,3768,2
2030,3769,9
2030,3770,9
2030,3818,3
2030,4974,2
2033,2374,5
2033,5629,4
2033,4675,5
2033,5630,5
2033,5631,3
2033,5632,5
2034,5573,15
2034,5574,20
2034,2427,13
2034,2459,20
2034,3706,11
2034,5575,2
2034,3789,13
2034,5576,5
2034,2368,2
2034,3871,11
2034,5160,13
2034,5577,2
2034,5553,14
2034,2916,10
2034,5554,15
2034,3069,2
2034,2688,2
2034,4275,8
2034,2589,3
2034,5120,4
2034,5581,6
2034,5582,5
2034,3119,2
2034,5589,2
2034,5590,2
2034,5555,3
2034,2360,2
2034,2539,4
2036,3444,2
2036,3445,2
2036,3446,2
2036,3447,2
2036,3448,2
2036,3449,2
2036,3450,2
2036,3451,2
2036,3452,2
2036,3453,2
2036,3454,2
2036,3455,2
2036,3456,2
2036,2369,2
2036,3457,2
2036,3661,2
2036,2358,3
2036,2129,2
2036,2766,2
2036,3662,2
2036,3663,2
2036,3664,2
2036,3667,2
2036,3711,6
2036,3712,6
2036,3785,5
2036,3786,4
2036,3787,4
2040,2185,2
2040,2623,3
2040,2621,5
2040,2287,2
2040,2734,5
2040,2812,2
2040,2813,2
2040,2814,2
2040,2768,4
2040,2735,3
2040,2736,3
2040,2769,4
2041,2042,2
2044,3308,3
2044,3309,3
2044,3310,3
2045,2061,2
2046,2047,5
2046,2049,5
2046,2050,4
2046,2051,5
2046,2048,4
2046,3133,2
2046,2709,3
2046,3515,2
2046,5189,2
2046,2813,2
2047,2049,5
2047,2050,4
2047,2051,5
2047,2048,4
2047,3515,2
2047,4017,3
2047,4018,3
2047,2813,2
2047,2709,2
2048,2049,4
2048,2050,3
2048,2051,4
2048,2709,2
2049,2050,4
2049,2051,5
2049,2813,2
2049,2709,2
2050,2051,4
2050,2813,2
2050,2709,2
2051,2813,2
2051,2709,2
2052,2053,3
2054,2055,18
2054,2057,2
2054,2479,4
2054,3409,2
2054,4865,3
2055,2057,3
2055,2479,4
2055,3409,2
2055,4280,2
2055,4865,2
2058,2061,4
2058,2446,8
2058,2444,5
2058,2560,7
2058,2445,5
2058,2564,2
2058,2561,3
2058,2062,2
2058,2684,2
2058,3652,2
2058,3200,2
2058,2246,2
2058,5583,2
2058,5595,5
2058,5602,12
2059,2060,2
2061,2062,2
2061,2447,3
2061,2446,4
2061,2444,2
2061,2445,3
2061,2560,3
2061,2795,2
2061,2764,2
2061,2796,2
2061,4252,7
2061,4253,6
2063,2260,5
2064,2647,18
2064,2648,18
2064,3135,15
2064,4691,15
2064,4699,3
2064,3686,6
2064,2130,13
2064,4694,16
2064,4690,6
2064,4708,2
2064,4693,2
2064,5605,3
2064,5606,3
2064,5609,2
2065,3210,3
2065,3211,3
2065,3212,4
2065,3036,3
2065,4593,2
2065,4601,2
2065,4833,2
2065,3131,2
2065,3132,2
2065,4834,2
2065,4835,2
2065,4602,2
2065,4696,2
2065,4836,2
2065,4837,2
2065,2980,2
2065,4838,2
2065,4697,2
2066,2067,3
2069,3774,2
2072,3599,4
2072,2575,5
2072,2355,5
2072,3637,2
2072,4739,2
2073,2329,6
2073,2450,3
2073,4955,5
2073,4956,5
2073,2811,5
2073,2290,3
2073,3930,3
2074,2075,5
2074,2096,3
2074,2097,2
2074,2098,3
2074,2099,3
2074,2100,3
2074,2101,3
2074,2102,3
2074,2103,4
2074,2104,4
2074,2105,4
2074,2106,4
2074,2107,4
2074,2108,3
2074,2109,4
2074,2110,4
2074,2126,3
2075,2096,3
2075,2097,2
2075,2098,3
2075,2099,3
2075,2100,3
2075,2101,3
2075,2102,3
2075,2103,4
2075,2104,4
2075,2105,4
2075,2106,4
2075,2107,4
2075,2108,3
2075,2109,4
2075,2110,4
2075,2126,3
2076,2077,2
2076,2078,2
2077,2078,7
2077,4704,2
2077,4705,2
2077,4706,2
2077,4183,2
2079,2080,2
2079,2081,2
2079,2082,3
2079,2083,3
2079,2085,2
2079,3472,3
2079,3473,3
2079,3959,2
2079,3960,2
2079,3961,2
2079,3962,2
2079,3963,2
2079,3964,2
2079,4597,2
2079,2141,2
2079,4598,2
2079,4599,2
2079,2391,4
2079,3970,3
2079,5012,3
2079,5013,3
2079,5014,3
2079,3228,4
2079,5015,4
2079,5016,3
2079,5017,3
2079,5018,4
2079,2355,4
2079,5025,2
2079,5026,2
2079,5407,2
2079,5408,2
2079,5409,2
2079,5410,2
2079,5411,2
2080,2082,2
2080,2083,2
2081,2082,2
2081,2083,2
2082,2083,3
2082,2085,2
2083,2085,2
2084,2750,2
2084,2751,2
2084,2752,2
2084,2753,2
2084,2754,2
2084,2755,2
2084,2756,2
2084,2757,2
2084,2758,2
2086,2575,4
2086,2355,4
2086,3599,2
2087,2088,2
2087,2089,2
2087,2090,2
2087,2091,2
2088,2089,6
2088,2090,6
2088,2091,5
2089,2090,6
2089,2091,5
2090,2091,5
2090,2488,2
2090,2489,2
2090,2490,2
2090,2491,2
2090,2492,2
2090,2493,2
2092,2805,2
2092,2807,2
2092,4054,2
2093,2094,2
2093,2095,2
2094,2095,2
2096,2097,2
2096,2098,2
2096,2099,2
2096,2100,2
2096,2101,2
2096,2102,2
2096,2103,3
2096,2104,3
2096,2105,3
2096,2106,3
2096,2107,3
2096,2108,2
2096,2109,3
2096,2110,3
2096,2126,2
2097,2098,2
2097,2099,2
2097,2100,2
2097,2101,2
2097,2102,2
2097,2103,2
2097,2104,2
2097,2105,2
2097,2106,2
2097,2107,2
2097,2108,2
2097,2109,2
2097,2110,2
2098,2099,3
2098,2100,3
2098,2101,3
2098,2102,3
2098,2103,3
2098,2104,3
2098,2105,3
2098,2106,3
2098,2107,3
2098,2108,3
2098,2109,3
2098,2110,3
2098,2126,2
2099,2100,3
2099,2101,3
2099,2102,3
2099,2103,3
2099,2104,3
2099,2105,3
2099,2106,3
2099,2107,3
2099,2108,3
2099,2109,3
2099,2110,3
2099,2126,2
2100,2101,3
2100,2102,3
2100,2103,3
2100,2104,3
2100,2105,3
2100,2106,3
2100,2107,3
2100,2108,3
2100,2109,3
2100,2110,3
2100,2126,2
2101,2102,3
2101,2103,3
2101,2104,3
2101,2105,3
2101,2106,3
2101,2107,3
2101,2108,3
2101,2109,3
2101,2110,3
2101,2126,2
2102,2103,3
2102,2104,3
2102,2105,3
2102,2106,3
2102,2107,3
2102,2108,3
2102,2109,3
2102,2110,3
2102,2126,2
2103,2104,4
2103,2105,4
2103,2106,4
2103,2107,4
2103,2108,3
2103,2109,4
2103,2110,4
2103,2126,3
2104,2105,4
2104,2106,4
2104,2107,4
2104,2108,3
2104,2109,4
2104,2110,4
2104,2126,3
2105,2106,4
2105,2107,4
2105,2108,3
2105,2109,4
2105,2110,4
2105,2126,3
2106,2107,4
2106,2108,3
2106,2109,4
2106,2110,4
2106,2126,3
2107,2108,3
2107,2109,4
2107,2110,4
2107,2126,3
2108,2109,3
2108,2110,3
2108,2126,2
2109,2110,4
2109,2126,3
2110,2126,3
2111,2495,2
2111,2541,2
2111,2542,2
2111,2543,4
2111,2435,4
2112,2113,2
2112,2114,2
2112,2115,2
2112,2116,2
2112,2117,2
2112,2118,2
2112,2119,2
2112,2120,2
2112,2121,2
2112,2122,2
2113,2114,2
2113,2115,2
2113,2116,2
2113,2117,2
2113,2118,2
2113,2119,2
2113,2120,2
2113,2121,2
2113,2122,2
2114,2115,2
2114,2116,2
2114,2117,2
2114,2118,2
2114,2119,2
2114,2120,2
2114,2121,2
2114,2122,2
2115,2116,2
2115,2117,2
2115,2118,3
2115,2119,2
2115,2120,2
2115,2121,2
2115,2122,3
2116,2117,2
2116,2118,2
2116,2119,2
2116,2120,2
2116,2121,2
2116,2122,2
2117,2118,2
2117,2119,2
2117,2120,2
2117,2121,2
2117,2122,2
2118,2119,2
2118,2120,2
2118,2121,2
2118,2122,3
2119,2120,2
2119,2121,2
2119,2122,2
2120,2121,2
2120,2122,2
2121,2122,2
2126,2128,3
2126,4296,2
2126,2311,2
2127,5055,5
2127,4880,2
2127,4882,2
2128,4296,2
2128,2311,2
2129,2999,2
2129,3661,3
2129,2358,3
2129,2766,2
2129,3662,2
2129,3663,2
2129,3664,3
2129,4564,2
2129,3685,3
2129,5053,6
2129,3667,4
2129,5054,3
2130,2610,2
2130,2611,5
2130,2612,4
2130,2648,13
2130,3686,4
2130,4690,7
2130,2647,14
2130,3135,12
2130,4691,13
2130,4692,2
2130,4693,2
2130,4694,13
2130,4699,3
2130,4708,2
2130,5337,3
2130,5338,3
2130,5605,2
2132,4206,6
2132,3802,3
2132,2355,5
2132,4211,3
2132,3801,3
2132,4212,2
2133,2134,2
2133,2135,2
2133,5340,2
2134,2135,2
2135,2147,3
2135,2152,2
2135,2153,2
2136,2137,5
2136,2138,5
2136,2139,5
2136,2140,5
2136,2141,5
2136,2142,2
2136,2143,5
2136,2144,4
2136,2159,4
2137,2138,6
2137,2139,6
2137,2140,6
2137,2141,6
2137,2142,2
2137,2143,6
2137,2144,5
2137,2159,5
2137,2160,2
2138,2139,6
2138,2140,6
2138,2141,6
2138,2142,2
2138,2143,6
2138,2144,5
2138,2159,5
2138,2160,2
2139,2140,6
2139,2141,6
2139,2142,2
2139,2143,6
2139,2144,5
2139,2159,5
2139,2160,2
2140,2141,6
2140,2142,2
2140,2143,6
2140,2144,5
2140,2159,5
2140,2160,2
2141,2142,9
2141,2143,9
2141,2144,5
2141,2159,5
2141,2160,2
2141,2483,5
2141,2484,7
2141,2485,7
2141,2486,7
2141,2487,7
2141,4597,2
2141,4598,2
2141,4599,2
2141,4600,2
2141,4650,3
2141,2450,6
2141,4651,6
2141,4300,2
2141,4652,6
2141,4653,2
2141,4654,5
2141,4655,2
2141,4656,2
2142,2143,5
2142,2144,2
2142,2483,5
2142,2484,8
2142,2485,7
2142,2486,8
2142,2487,8
2142,2494,2
2143,2144,5
2143,2159,5
2143,2160,2
2143,2483,2
2143,2484,3
2143,2485,3
2143,2486,3
2143,2487,3
2144,2159,4
2144,2160,2
2145,2146,2
2147,2645,2
2147,2900,2
2147,4928,2
2147,2259,2
2147,4929,2
2148,2149,2
2150,2861,2
2151,2952,2
2151,3231,2
2151,3232,2
2151,3028,2
2151,2791,2
2151,2716,2
2151,3128,2
2152,2153,2
2154,4707,4
2154,4714,2
2156,3647,2
2156,3648,2
2156,3649,2
2156,3088,2
2156,3200,2
2156,3650,2
2157,2158,2
2157,2246,2
2159,2160,2
2160,2459,2
2160,3592,3
2160,3836,3
2160,3696,2
2160,4373,2
2160,3666,4
2160,3833,4
2160,4369,3
2160,3828,3
2160,4395,2
2160,2291,2
2160,4396,2
2162,2163,2
2162,2164,2
2162,2165,2
2162,2166,2
2162,2167,2
2163,2164,2
2163,2165,2
2163,2166,2
2163,2167,2
2164,2165,2
2164,2166,2
2164,2167,2
2165,2166,2
2165,2167,2
2166,2167,2
2172,2173,2
2172,2174,2
2172,2175,2
2173,2174,2
2173,2175,2
2174,2175,2
2176,2177,7
2176,2178,6
2176,2203,4
2176,2204,5
2176,2205,7
2176,2206,5
2176,2207,5
2177,2178,6
2177,2203,4
2177,2204,5
2177,2205,6
2177,2206,5
2177,2207,5
2178,2204,4
2178,2205,5
2178,2207,5
2178,2206,4
2178,2203,3
2179,2180,3
2179,4934,2
2180,4933,6
2180,4934,7
2180,4935,6
2180,4936,6
2180,4937,4
2180,4944,3
2181,2182,4
2181,2183,4
2181,2194,2
2182,2183,4
2182,2864,14
2182,2865,2
2182,2866,5
2182,2867,14
2182,2868,14
2182,2869,20
2182,2870,6
2182,2871,15
2182,2875,15
2182,2881,2
2182,5185,5
2182,5186,5
2182,5198,6
2182,5199,6
2182,5200,6
2182,5201,6
2182,5202,6
2182,5203,5
2182,5204,6
2182,2334,6
2182,5205,6
2182,2579,6
2182,5206,6
2182,5207,6
2182,5208,6
2182,5209,6
2182,5210,6
2182,5276,4
2182,5277,4
2182,5278,4
2182,5279,5
2182,2332,4
2182,2243,5
2182,5326,2
2182,5355,3
2182,5356,3
2184,3761,2
2184,3217,4
2184,3763,2
2184,3028,2
2184,4176,2
2184,4636,2
2184,4637,2
2184,4638,2
2184,4639,2
2184,3453,2
2184,4640,2
2184,4641,2
2184,4642,2
2184,4643,2
2184,4644,2
2184,4645,2
2184,3457,2
2184,3834,2
2184,5120,2
2187,2188,2
2187,2189,2
2187,2190,2
2187,2191,2
2187,2192,2
2187,2193,2
2188,2189,2
2188,2190,2
2188,2191,2
2188,2192,2
2188,2193,2
2189,2190,2
2189,2191,2
2189,2192,2
2189,2193,2
2190,2191,2
2190,2192,2
2190,2193,2
2191,2192,2
2191,2193,2
2191,2826,2
2191,2827,2
2191,2828,2
2191,2829,2
2191,2830,2
2191,2831,2
2191,2832,2
2191,2833,2
2191,2834,2
2191,2835,2
2191,2836,2
2191,2837,2
2191,2838,2
2191,2839,2
2191,2840,2
2191,2841,2
2191,2842,2
2191,2843,2
2191,2844,2
2191,2845,2
2191,2846,2
2191,2847,2
2191,2848,2
2191,2849,2
2191,2850,2
2191,2851,2
2191,2852,2
2191,2853,2
2191,2854,2
2191,2855,2
2191,2856,2
2191,4945,3
2191,4946,3
2191,4947,3
2191,4948,3
2191,4949,3
2191,4950,3
2191,4951,3
2191,3836,2
2191,4374,2
2192,2193,2
2195,4108,5
2195,4667,4
2195,4668,5
2195,2861,4
2195,4669,4
2195,2381,4
2195,2283,3
2195,4674,4
2195,4677,3
2195,4678,3
2198,2199,2
2198,2200,2
2198,2201,2
2198,2202,2
2199,2200,3
2199,2201,3
2199,2202,2
2199,4884,2
2199,4885,3
2199,4886,3
2199,4887,4
2199,4888,4
2199,4889,3
2199,3437,3
2199,4890,4
2200,2201,3
2200,2202,2
2200,2952,3
2200,2959,2
2200,2975,2
2200,2974,2
2200,2961,2
2200,2956,2
2200,2973,2
2200,2960,2
2200,2970,2
2200,2954,2
2200,5398,3
2200,4363,3
2200,5399,3
2201,2202,3
2201,2210,2
2203,2204,3
2203,2205,4
2203,2206,3
2203,2207,3
2204,2205,5
2204,2206,4
2204,2207,4
2205,2206,5
2205,2207,5
2206,2207,4
2208,2570,5
2208,2571,11
2208,2572,11
2208,2573,4
2208,2574,11
2208,2575,11
2208,3069,3
2208,3070,9
2208,3141,9
2208,2965,4
2208,3142,2
2208,3143,2
2208,3144,2
2208,2945,2
2208,3145,2
2208,3146,2
2208,3147,2
2208,3148,2
2208,3149,2
2208,3150,2
2208,3151,2
2208,3152,2
2211,2436,2
2211,2568,3
2211,2569,2
2211,2331,8
2211,2980,3
2211,2226,3
2212,4568,2
2212,4569,2
2212,4570,2
2213,2237,4
2213,3327,2
2213,3328,2
2213,3329,2
2213,3330,2
2213,3331,2
2213,2905,2
2213,3332,2
2213,3605,3
2213,5499,2
2213,4383,2
2213,5500,3
2213,5501,2
2213,5564,2
2214,2215,7
2214,2216,3
2215,2216,3
2215,2235,2
2215,4143,3
2215,4144,3
2215,2591,3
2217,2222,2
2217,2223,2
2217,2224,2
2217,2219,2
2217,2230,2
2217,2231,2
2218,3356,3
2218,3357,3
2218,2863,3
2218,3358,3
2218,3359,3
2218,2861,2
2218,3390,2
2218,3391,2
2218,3395,2
2218,3392,3
2218,3192,3
2218,3393,3
2218,3394,3
2218,3397,2
2218,3633,2
2218,3634,2
2218,2795,2
2218,3635,2
2218,3636,2
2218,4904,10
2218,2393,5
2218,4903,9
2218,3578,3
2218,4592,5
2218,2525,10
2218,2994,3
2218,4752,5
2218,2402,2
2218,3077,2
2218,5639,2
2218,2724,2
2219,2222,2
2219,2223,2
2219,2224,2
2219,2230,2
2219,2231,2
2221,3987,4
2221,2995,4
2221,4027,2
2221,3797,4
2221,2535,4
2221,2915,4
2221,4440,3
2221,5070,3
2221,5348,2
2221,5349,2
2222,2223,3
2222,2224,4
2222,2225,3
2222,2230,2
2222,2231,2
2223,2224,3
2223,2225,2
2223,2230,2
2223,2231,2
2223,2718,3
2223,5048,2
2223,2858,2
2223,5049,2
2224,2225,3
2224,2230,2
2224,2231,2
2225,2341,2
2225,2342,3
2225,2343,3
2225,2344,3
2225,2345,3
2225,3178,2
2225,2685,2
2225,3179,2
2225,3180,2
2225,3181,2
2225,3182,2
2225,3082,2
2225,4517,2
2225,4518,2
2225,4519,2
2225,4520,2
2225,4521,3
2225,3655,2
2225,5215,5
2225,5216,5
2225,5217,6
2225,3185,9
2225,5218,7
2225,3590,9
2225,5219,8
2225,5226,7
2225,5227,7
2225,4616,6
2225,5235,6
2225,5236,6
2225,5231,5
2225,5237,6
2225,5232,6
2225,5233,6
2225,3186,6
2225,5239,4
2225,5240,4
2225,2709,3
2225,2800,2
2226,3340,2
2227,2731,2
2228,3735,8
2228,3077,10
2229,2781,3
2229,3037,3
2229,3038,3
2229,3041,4
2229,2479,9
2229,3039,3
2229,3040,3
2229,2477,4
2229,2782,2
2229,4006,3
2230,2231,2
2232,3778,2
2233,2234,8
2234,2245,2
2236,4059,2
2237,3327,2
2237,3328,2
2237,3329,2
2237,3330,2
2237,3331,2
2237,2905,2
2237,3332,2
2237,4459,3
2237,3605,4
2237,4460,3
2237,3088,3
2237,3705,3
2237,4476,2
2243,5198,5
2243,5199,5
2243,5276,4
2243,5200,5
2243,5201,5
2243,5202,5
2243,5203,4
2243,5204,5
2243,5277,4
2243,5278,4
2243,2334,5
2243,5279,5
2243,5205,5
2243,2579,5
2243,5206,5
2243,5207,5
2243,2332,4
2243,5208,5
2243,5209,5
2243,5210,5
2243,5326,2
2243,5355,3
2243,5356,3
2246,3652,2
2246,3200,2
2251,2793,6
2251,2794,6
2251,2798,5
2251,3030,2
2251,3031,2
2251,3032,2
2251,2893,3
2251,3405,2
2252,4464,2
2252,3320,2
2252,4359,2
2252,4465,2
2252,4466,2
2252,4467,2
2252,4468,2
2252,4469,2
2252,3696,2
2253,2254,6
2253,2276,11
2253,2294,3
2253,3118,3
2253,3119,3
2253,3172,8
2253,3406,9
2253,3407,10
2253,3408,10
2253,3413,2
2253,4755,10
2253,3426,12
2253,4495,2
2253,4867,3
2253,5357,6
2253,5358,8
2253,5359,6
2253,2762,4
2253,5360,6
2253,5361,3
2253,5362,4
2253,5363,5
2253,5369,2
2253,5460,2
2253,5461,2
2253,5462,3
2254,2276,5
2255,2256,9
2255,2325,7
2255,2330,8
2255,2347,6
2255,2331,8
2255,2326,7
2255,2327,7
2255,2328,7
2255,2329,7
2255,2324,4
2255,2350,3
2255,2353,2
2256,2257,2
2256,2324,5
2256,2325,8
2256,2326,8
2256,2327,8
2256,2328,8
2256,2329,8
2256,2330,9
2256,2331,9
2256,2347,6
2256,2350,3
2256,2353,2
2258,4507,2
2258,4508,2
2258,4509,2
2258,4510,3
2258,4511,3
2258,4512,2
2258,4513,2
2258,4514,3
2258,4515,2
2258,4516,2
2259,2647,4
2259,2648,3
2259,2649,2
2259,2711,4
2259,2709,2
2259,2714,2
2259,2715,2
2259,3155,2
2259,3548,2
2259,2978,2
2259,3550,2
2259,3070,8
2259,2645,2
2259,2900,2
2259,4928,2
2259,4929,2
2259,4354,2
2259,5448,2
2259,2486,2
2259,2824,2
2259,4259,2
2259,5449,2
2259,5450,2
2259,3897,2
2259,4513,2
2261,2262,2
2261,2263,2
2261,2264,2
2261,2265,2
2261,2266,2
2261,2267,2
2261,2268,2
2261,2269,2
2261,2270,2
2261,2271,2
2262,2272,2
2262,2263,4
2262,2264,4
2262,2265,4
2262,2266,4
2262,2267,4
2262,2268,4
2262,2269,4
2262,2273,3
2262,2270,4
2262,2274,3
2262,2271,2
2262,3250,3
2262,3251,2
2262,3252,3
2262,3253,3
2262,3254,2
2262,3255,3
2262,3256,2
2262,3257,3
2262,3258,3
2262,3259,3
2262,3260,3
2262,3261,3
2262,3262,3
2262,3263,3
2262,3264,3
2262,3265,2
2262,3266,2
2262,3267,3
2262,3268,3
2262,3269,3
2262,3270,3
2262,3271,2
2262,3272,3
2262,3273,3
2262,3274,3
2262,3275,2
2262,3276,3
2262,3277,2
2262,3278,3
2262,3279,2
2262,3280,2
2262,3281,3
2262,3282,3
2262,3283,3
2262,3284,3
2262,3285,3
2262,3286,3
2262,3287,3
2262,3288,3
2262,3289,3
2262,3290,3
2262,3291,2
2262,3292,3
2262,3293,3
2262,3294,2
2262,3295,3
2263,2272,2
2263,2264,4
2263,2265,4
2263,2266,4
2263,2267,4
2263,2268,4
2263,2269,4
2263,2273,3
2263,2270,4
2263,2274,3
2263,2271,2
2263,3250,3
2263,3251,2
2263,3252,3
2263,3253,3
2263,3254,2
2263,3255,3
2263,3256,2
2263,3257,3
2263,3258,3
2263,3259,3
2263,3260,3
2263,3261,3
2263,3262,3
2263,3263,3
2263,3264,3
2263,3265,2
2263,3266,2
2263,3267,3
2263,3268,3
2263,3269,3
2263,3270,3
2263,3271,2
2263,3272,3
2263,3273,3
2263,3274,3
2263,3275,2
2263,3276,3
2263,3277,2
2263,3278,3
2263,3279,2
2263,3280,2
2263,3281,3
2263,3282,3
2263,3283,3
2263,3284,3
2263,3285,3
2263,3286,3
2263,3287,3
2263,3288,3
2263,3289,3
2263,3290,3
2263,3291,2
2263,3292,3
2263,3293,3
2263,3294,2
2263,3295,3
2264,2272,2
2264,2265,4
2264,2266,4
2264,2267,4
2264,2268,4
2264,2269,4
2264,2273,3
2264,2270,4
2264,2274,3
2264,2271,2
2264,3250,3
2264,3251,2
2264,3252,3
2264,3253,3
2264,3254,2
2264,3255,3
2264,3256,2
2264,3257,3
2264,3258,3
2264,3259,3
2264,3260,3
2264,3261,3
2264,3262,3
2264,3263,3
2264,3264,3
2264,3265,2
2264,3266,2
2264,3267,3
2264,3268,3
2264,3269,3
2264,3270,3
2264,3271,2
2264,3272,3
2264,3273,3
2264,3274,3
2264,3275,2
2264,3276,3
2264,3277,2
2264,3278,3
2264,3279,2
2264,3280,2
2264,3281,3
2264,3282,3
2264,3283,3
2264,3284,3
2264,3285,3
2264,3286,3
2264,3287,3
2264,3288,3
2264,3289,3
2264,3290,3
2264,3291,2
2264,3292,3
2264,3293,3
2264,3294,2
2264,3295,3
2265,2272,2
2265,2266,4
2265,2267,4
2265,2268,4
2265,2269,4
2265,2273,3
2265,2270,4
2265,2274,3
2265,2271,2
2265,3250,3
2265,3251,2
2265,3252,3
2265,3253,3
2265,3254,2
2265,3255,3
2265,3256,2
2265,3257,3
2265,3258,3
2265,3259,3
2265,3260,3
2265,3261,3
2265,3262,3
2265,3263,3
2265,3264,3
2265,3265,2
2265,3266,2
2265,3267,3
2265,3268,3
2265,3269,3
2265,3270,3
2265,3271,2
2265,3272,3
2265,3273,3
2265,3274,3
2265,3275,2
2265,3276,3
2265,3277,2
2265,3278,3
2265,3279,2
2265,3280,2
2265,3281,3
2265,3282,3
2265,3283,3
2265,3284,3
2265,3285,3
2265,3286,3
2265,3287,3
2265,3288,3
2265,3289,3
2265,3290,3
2265,3291,2
2265,3292,3
2265,3293,3
2265,3294,2
2265,3295,3
2266,2272,2
2266,2267,4
2266,2268,4
2266,2269,4
2266,2273,3
2266,2270,4
2266,2274,3
2266,2271,2
2266,3250,3
2266,3251,2
2266,3252,3
2266,3253,3
2266,3254,2
2266,3255,3
2266,3256,2
2266,3257,3
2266,3258,3
2266,3259,3
2266,3260,3
2266,3261,3
2266,3262,3
2266,3263,3
2266,3264,3
2266,3265,2
2266,3266,2
2266,3267,3
2266,3268,3
2266,3269,3
2266,3270,3
2266,3271,2
2266,3272,3
2266,3273,3
2266,3274,3
2266,3275,2
2266,3276,3
2266,3277,2
2266,3278,3
2266,3279,2
2266,3280,2
2266,3281,3
2266,3282,3
2266,3283,3
2266,3284,3
2266,3285,3
2266,3286,3
2266,3287,3
2266,3288,3
2266,3289,3
2266,3290,3
2266,3291,2
2266,3292,3
2266,3293,3
2266,3294,2
2266,3295,3
2267,2272,2
2267,2268,4
2267,2269,4
2267,2273,3
2267,2270,4
2267,2274,3
2267,2271,2
2267,3250,3
2267,3251,2
2267,3252,3
2267,3253,3
2267,3254,2
2267,3255,3
2267,3256,2
2267,3257,3
2267,3258,3
2267,3259,3
2267,3260,3
2267,3261,3
2267,3262,3
2267,3263,3
2267,3264,3
2267,3265,2
2267,3266,2
2267,3267,3
2267,3268,3
2267,3269,3
2267,3270,3
2267,3271,2
2267,3272,3
2267,3273,3
2267,3274,3
2267,3275,2
2267,3276,3
2267,3277,2
2267,3278,3
2267,3279,2
2267,3280,2
2267,3281,3
2267,3282,3
2267,3283,3
2267,3284,3
2267,3285,3
2267,3286,3
2267,3287,3
2267,3288,3
2267,3289,3
2267,3290,3
2267,3291,2
2267,3292,3
2267,3293,3
2267,3294,2
2267,3295,3
2268,2272,2
2268,2269,4
2268,2273,3
2268,2270,4
2268,2274,3
2268,2271,2
2268,3250,3
2268,3251,2
2268,3252,3
2268,3253,3
2268,3254,2
2268,3255,3
2268,3256,2
2268,3257,3
2268,3258,3
2268,3259,3
2268,3260,3
2268,3261,3
2268,3262,3
2268,3263,3
2268,3264,3
2268,3265,2
2268,3266,2
2268,3267,3
2268,3268,3
2268,3269,3
2268,3270,3
2268,3271,2
2268,3272,3
2268,3273,3
2268,3274,3
2268,3275,2
2268,3276,3
2268,3277,2
2268,3278,3
2268,3279,2
2268,3280,2
2268,3281,3
2268,3282,3
2268,3283,3
2268,3284,3
2268,3285,3
2268,3286,3
2268,3287,3
2268,3288,3
2268,3289,3
2268,3290,3
2268,3291,2
2268,3292,3
2268,3293,3
2268,3294,2
2268,3295,3
2269,2272,2
2269,2273,3
2269,2270,4
2269,2274,3
2269,2271,2
2269,2384,2
2269,2385,2
2269,2386,2
2269,2387,2
2269,3250,3
2269,3251,2
2269,3252,3
2269,3253,3
2269,3254,2
2269,3255,3
2269,3256,2
2269,3257,3
2269,3258,3
2269,3259,3
2269,3260,3
2269,3261,3
2269,3262,3
2269,3263,3
2269,3264,3
2269,3265,2
2269,3266,2
2269,3267,3
2269,3268,3
2269,3269,3
2269,3270,3
2269,3271,2
2269,3272,3
2269,3273,3
2269,3274,3
2269,3275,2
2269,3276,3
2269,3277,2
2269,3278,3
2269,3279,2
2269,3280,2
2269,3281,3
2269,3282,3
2269,3283,3
2269,3284,3
2269,3285,3
2269,3286,3
2269,3287,3
2269,3288,3
2269,3289,3
2269,3290,3
2269,3291,2
2269,3292,3
2269,3293,3
2269,3294,2
2269,3295,3
2270,2272,2
2270,2273,3
2270,2274,3
2270,2271,2
2270,3250,3
2270,3251,2
2270,3252,3
2270,3253,3
2270,3254,2
2270,3255,3
2270,3256,2
2270,3257,3
2270,3258,3
2270,3259,3
2270,3260,3
2270,3261,3
2270,3262,3
2270,3263,3
2270,3264,3
2270,3265,2
2270,3266,2
2270,3267,3
2270,3268,3
2270,3269,3
2270,3270,3
2270,3271,2
2270,3272,3
2270,3273,3
2270,3274,3
2270,3275,2
2270,3276,3
2270,3277,2
2270,3278,3
2270,3279,2
2270,3280,2
2270,3281,3
2270,3282,3
2270,3283,3
2270,3284,3
2270,3285,3
2270,3286,3
2270,3287,3
2270,3288,3
2270,3289,3
2270,3290,3
2270,3291,2
2270,3292,3
2270,3293,3
2270,3294,2
2270,3295,3
2270,5105,2
2270,5106,3
2270,5107,3
2270,4266,3
2270,3530,3
2270,5108,3
2270,5305,5
2270,5306,4
2270,5307,4
2270,2861,5
2270,5308,4
2270,4940,4
2270,5313,2
2270,5314,2
2272,2273,2
2272,2274,2
2273,2274,3
2273,3250,2
2273,3251,2
2273,3252,2
2273,3253,2
2273,3254,2
2273,3255,2
2273,3256,2
2273,3257,2
2273,3258,2
2273,3259,2
2273,3260,2
2273,3261,2
2273,3262,2
2273,3263,2
2273,3264,2
2273,3265,2
2273,3266,2
2273,3267,2
2273,3268,2
2273,3269,2
2273,3270,2
2273,3271,2
2273,3272,2
2273,3273,2
2273,3274,2
2273,3275,2
2273,3276,2
2273,3277,2
2273,3278,2
2273,3279,2
2273,3280,2
2273,3281,2
2273,3282,2
2273,3283,2
2273,3284,2
2273,3285,2
2273,3286,2
2273,3287,2
2273,3288,2
2273,3289,2
2273,3290,2
2273,3291,2
2273,3292,2
2273,3293,2
2273,3294,2
2273,3295,2
2274,3250,2
2274,3251,2
2274,3252,2
2274,3253,2
2274,3254,2
2274,3255,2
2274,3256,2
2274,3257,2
2274,3258,2
2274,3259,2
2274,3260,2
2274,3261,2
2274,3262,2
2274,3263,2
2274,3264,2
2274,3265,2
2274,3266,2
2274,3267,2
2274,3268,2
2274,3269,2
2274,3270,2
2274,3271,2
2274,3272,2
2274,3273,2
2274,3274,2
2274,3275,2
2274,3276,2
2274,3277,2
2274,3278,2
2274,3279,2
2274,3280,2
2274,3281,2
2274,3282,2
2274,3283,2
2274,3284,2
2274,3285,2
2274,3286,2
2274,3287,2
2274,3288,2
2274,3289,2
2274,3290,2
2274,3291,2
2274,3292,2
2274,3293,2
2274,3294,2
2274,3295,2
2276,2316,2
2276,2294,2
2276,3118,2
2276,3119,2
2276,3172,6
2276,5357,6
2276,3426,6
2276,5358,6
2276,5359,5
2276,2762,4
2276,5360,5
2276,5361,3
2276,5362,4
2276,5363,4
2276,4867,2
2277,4425,2
2279,2280,4
2279,2281,5
2279,2282,5
2279,2379,3
2279,2380,4
2279,2381,3
2280,2281,5
2280,2282,4
2280,2379,2
2280,2380,3
2280,2381,2
2281,2282,6
2281,2379,4
2281,2380,5
2281,2381,4
2281,3524,2
2281,3525,2
2282,2379,4
2282,2380,5
2282,2381,4
2283,2284,2
2283,2861,3
2283,4487,2
2283,4428,2
2283,4488,2
2283,4356,2
2283,4479,2
2283,4480,2
2283,4108,3
2283,4668,3
2283,4674,3
2283,4667,2
2283,4677,2
2283,4669,2
2283,4678,2
2283,2381,2
2284,4321,7
2284,4322,6
2284,4323,7
2284,4324,6
2284,3633,8
2284,4325,8
2284,4326,6
2284,4327,6
2284,2861,7
2284,4328,6
2284,4329,6
2284,4259,7
2284,4330,8
2284,4331,8
2284,4332,8
2284,4218,6
2284,4352,2
2285,2286,2
2286,2287,2
2286,2620,2
2286,3516,2
2286,2734,6
2286,2329,4
2286,5182,2
2286,5173,2
2286,2784,2
2286,5292,3
2286,3724,3
2286,5296,2
2286,5293,2
2286,2322,3
2286,3344,3
2286,5294,3
2286,2763,3
2286,5295,3
2286,3457,3
2286,2331,3
2287,2623,2
2287,2734,3
2287,2812,2
2287,2813,2
2287,2814,2
2288,2289,2
2288,4104,2
2288,4105,2
2288,4106,2
2288,3666,2
2288,4107,2
2290,3930,3
2290,2450,4
2290,2329,5
2290,4955,5
2290,4956,5
2290,2811,5
2291,3592,2
2291,3836,2
2291,4369,2
2291,3828,2
2291,4395,2
2291,3666,2
2291,3833,2
2291,4396,2
2293,4596,2
2294,3118,2
2294,3119,2
2294,3172,2
2295,2296,2
2298,2771,2
2298,3100,2
2298,3101,2
2298,3102,2
2298,2942,2
2298,3103,2
2298,3104,2
2298,3105,2
2298,3106,2
2298,2595,2
2298,3107,2
2298,3108,2
2298,3109,2
2298,2944,2
2298,2960,5
2298,3066,2
2298,3110,2
2298,2954,4
2298,3111,2
2298,3112,2
2298,2966,2
2298,3113,2
2298,3114,2
2298,2421,2
2298,3078,2
2298,3115,2
2298,3081,2
2298,2617,2
2298,2989,2
2298,3116,2
2298,2926,2
2298,3099,2
2298,3082,2
2298,3173,2
2298,3192,2
2298,2952,2
2298,3314,2
2298,3126,2
2298,3487,2
2298,3028,2
2298,2924,2
2298,2659,3
2298,3792,2
2299,2300,2
2299,2301,2
2299,2302,2
2299,2303,2
2299,2304,2
2299,2305,2
2299,2306,2
2299,2307,2
2299,2308,2
2299,2309,2
2299,2310,2
2299,2311,2
2299,2312,2
2299,2313,2
2299,2314,2
2299,2315,2
2300,2301,2
2300,2302,2
2300,2303,2
2300,2304,2
2300,2305,2
2300,2306,2
2300,2307,2
2300,2308,2
2300,2309,2
2300,2310,2
2300,2311,2
2300,2312,2
2300,2313,2
2300,2314,2
2300,2315,2
2301,2302,2
2301,2303,2
2301,2304,2
2301,2305,2
2301,2306,2
2301,2307,2
2301,2308,2
2301,2309,2
2301,2310,2
2301,2311,2
2301,2312,2
2301,2313,2
2301,2314,2
2301,2315,2
2302,2303,2
2302,2304,2
2302,2305,2
2302,2306,2
2302,2307,2
2302,2308,2
2302,2309,2
2302,2310,2
2302,2311,2
2302,2312,2
2302,2313,2
2302,2314,2
2302,2315,2
2303,2304,2
2303,2305,2
2303,2306,2
2303,2307,2
2303,2308,2
2303,2309,2
2303,2310,2
2303,2311,2
2303,2312,2
2303,2313,2
2303,2314,2
2303,2315,2
2304,2305,2
2304,2306,2
2304,2307,2
2304,2308,2
2304,2309,2
2304,2310,2
2304,2311,2
2304,2312,2
2304,2313,2
2304,2314,2
2304,2315,2
2305,2306,2
2305,2307,2
2305,2308,2
2305,2309,2
2305,2310,2
2305,2311,2
2305,2312,2
2305,2313,2
2305,2314,2
2305,2315,2
2306,2307,2
2306,2308,2
2306,2309,2
2306,2310,2
2306,2311,2
2306,2312,2
2306,2313,2
2306,2314,2
2306,2315,2
2307,2308,2
2307,2309,2
2307,2310,2
2307,2311,2
2307,2312,2
2307,2313,2
2307,2314,2
2307,2315,2
2307,5482,2
2307,4883,5
2307,5483,5
2307,5188,5
2307,5484,3
2307,5485,5
2307,5490,2
2307,2633,2
2307,5491,3
2307,5492,2
2308,2309,2
2308,2310,2
2308,2311,2
2308,2312,2
2308,2313,2
2308,2314,2
2308,2315,2
2309,2310,2
2309,2311,2
2309,2312,2
2309,2313,2
2309,2314,2
2309,2315,2
2310,2311,2
2310,2312,2
2310,2313,2
2310,2314,2
2310,2315,2
2311,2312,2
2311,2313,2
2311,2314,2
2311,2315,2
2311,4296,5
2311,2801,4
2311,4314,2
2311,4315,2
2311,4316,2
2311,4317,2
2311,4353,3
2311,4489,2
2312,2313,2
2312,2314,2
2312,2315,2
2313,2314,2
2313,2315,2
2314,2315,2
2319,5415,2
2319,5416,3
2319,5417,3
2319,5418,2
2319,2861,3
2319,5421,2
2319,5419,2
2319,5420,3
2319,5427,2
2322,2629,10
2322,2630,3
2322,2637,2
2322,2638,3
2322,2746,2
2322,3462,2
2322,2889,2
2322,4110,2
2322,3299,2
2322,3244,2
2322,4565,2
2322,4566,2
2322,4567,2
2322,2784,2
2322,5292,3
2322,3724,3
2322,5296,2
2322,5293,2
2322,3344,3
2322,5294,3
2322,2763,3
2322,5295,3
2322,3457,3
2322,2331,3
2324,2325,5
2324,2326,5
2324,2327,5
2324,2328,5
2324,2329,5
2324,2330,5
2324,2331,5
2324,2350,2
2324,2347,4
2325,2326,7
2325,2327,7
2325,2328,7
2325,2329,7
2325,2330,8
2325,2331,17
2325,2347,13
2325,2350,3
2325,2351,2
2325,2352,2
2325,2353,2
2325,2721,7
2326,2327,8
2326,2328,8
2326,2329,8
2326,2330,8
2326,2331,8
2326,2350,3
2326,2347,5
2326,2353,2
2327,2328,8
2327,2329,8
2327,2330,8
2327,2331,8
2327,2350,3
2327,2347,5
2327,2353,2
2328,2329,8
2328,2330,8
2328,2331,8
2328,2350,3
2328,2347,5
2328,2353,2
2329,2330,8
2329,2331,8
2329,2350,3
2329,2347,5
2329,2353,2
2329,2734,5
2329,2811,11
2329,3516,2
2329,3930,6
2329,4954,3
2329,2450,7
2329,4955,9
2329,4956,10
2329,5317,2
2330,2331,9
2330,2347,6
2330,2350,3
2330,2353,2
2330,3041,2
2330,2479,2
2330,2477,2
2330,3944,2
2330,3945,2
2330,3946,2
2330,3947,2
2330,3948,2
2330,3949,2
2330,3950,2
2330,3951,2
2330,3952,2
2330,3953,2
2330,3954,2
2330,3955,2
2330,3956,2
2330,3957,2
2330,3958,2
2331,2347,20
2331,2350,3
2331,2351,2
2331,2352,3
2331,2353,2
2331,2568,4
2331,2569,2
2331,2722,2
2331,2721,8
2331,2725,2
2331,2562,2
2331,2759,2
2331,2760,2
2331,2762,3
2331,2761,2
2331,2763,4
2331,2980,6
2331,3137,2
2331,3194,2
2331,2436,2
2331,3567,2
2331,3724,4
2331,5030,8
2331,5031,8
2331,5032,5
2331,2777,3
2331,2784,2
2331,5292,3
2331,5296,2
2331,5293,2
2331,3344,3
2331,5294,3
2331,5295,3
2331,3457,3
2331,5310,2
2332,2334,5
2332,2333,13
2332,3441,2
2332,3088,2
2332,3442,5
2332,3077,2
2332,3474,2
2332,3772,2
2332,2526,4
2332,5198,4
2332,5199,4
2332,5276,4
2332,5200,4
2332,5201,4
2332,5202,4
2332,5203,4
2332,5204,4
2332,5277,4
2332,5278,4
2332,5279,4
2332,5205,4
2332,2579,4
2332,5206,4
2332,5207,4
2332,5208,4
2332,5209,4
2332,5210,4
2332,5355,3
2332,5356,3
2332,5587,2
2332,5588,2
2333,3441,2
2333,3088,2
2333,3442,5
2333,3077,2
2333,3474,2
2333,3772,2
2333,2526,4
2333,5587,2
2333,5588,2
2334,5198,6
2334,5199,6
2334,5200,6
2334,5201,6
2334,5202,6
2334,5203,5
2334,5204,6
2334,5205,6
2334,2579,6
2334,5206,6
2334,5207,6
2334,5208,6
2334,5209,6
2334,5210,6
2334,5276,4
2334,5277,4
2334,5278,4
2334,5279,5
2334,5326,2
2334,5355,3
2334,5356,3
2335,2336,2
2341,2342,3
2341,2343,2
2341,2344,2
2341,2345,2
2341,2685,2
2342,2343,3
2342,2344,3
2342,2345,3
2342,3178,2
2342,2685,3
2342,3179,2
2342,3180,2
2342,3181,2
2342,3182,2
2342,3082,2
2343,2344,3
2343,2345,3
2343,3178,2
2343,2685,2
2343,3179,2
2343,3180,2
2343,3181,2
2343,3182,2
2343,3082,2
2344,2345,3
2344,3178,2
2344,2685,2
2344,3179,2
2344,3180,2
2344,3181,2
2344,3182,2
2344,3082,2
2345,3178,2
2345,2685,2
2345,3179,2
2345,3180,2
2345,3181,2
2345,3182,2
2345,3082,2
2347,2350,3
2347,2351,2
2347,2352,2
2347,2721,6
2347,5030,2
2347,5031,2
2347,5032,2
2349,4446,2
2349,4375,2
2349,4376,2
2349,3666,3
2349,4449,2
2351,2352,2
2352,2725,2
2352,2562,2
2354,2355,2
2354,2360,3
2355,2365,2
2355,2366,3
2355,3599,7
2355,2575,27
2355,3637,4
2355,3641,5
2355,3708,3
2355,3709,6
2355,3710,2
2355,3713,3
2355,3730,7
2355,4088,8
2355,4089,8
2355,4090,7
2355,4091,8
2355,4092,5
2355,4093,6
2355,4094,2
2355,4150,6
2355,4151,6
2355,4152,2
2355,4153,2
2355,4206,5
2355,3802,3
2355,4211,3
2355,3801,2
2355,4213,2
2355,4723,2
2355,2925,2
2355,2998,2
2355,2861,2
2355,2391,4
2355,3970,3
2355,5012,3
2355,5013,3
2355,5014,3
2355,3228,4
2355,5015,4
2355,5016,3
2355,5017,3
2355,5018,4
2355,5025,2
2355,5026,2
2355,5436,3
2355,5414,5
2355,2688,5
2355,5437,2
2355,5440,2
2355,5439,2
2356,2357,5
2356,3704,3
2356,3705,5
2356,4796,3
2356,4363,2
2356,3209,2
2356,2861,2
2356,4658,2
2357,4658,2
2357,4796,2
2357,3705,3
2358,2535,3
2358,2906,2
2358,2634,2
2358,3661,2
2358,2766,2
2358,3662,2
2358,3663,2
2358,3664,2
2358,3667,2
2359,4240,3
2359,4234,2
2359,4232,2
2359,5053,3
2359,4827,2
2359,3799,2
2359,2369,2
2359,4564,2
2359,5531,2
2359,5521,2
2359,5530,2
2359,4734,2
2359,5502,2
2359,5532,2
2359,5523,2
2359,5434,2
2360,5573,2
2360,5574,2
2360,2427,2
2360,2459,2
2360,5553,2
2360,2916,2
2360,3789,2
2360,5554,2
2360,5160,2
2362,2363,3
2362,2451,4
2362,2452,6
2362,2453,5
2362,2454,6
2362,2455,3
2362,2456,2
2365,2366,2
2365,2480,8
2365,2481,2
2365,2518,2
2365,3965,2
2365,3966,2
2365,3967,2
2365,4675,4
2365,4676,4
2365,4773,2
2365,4774,4
2365,4775,11
2365,4776,4
2365,3871,11
2365,4809,7
2365,5053,3
2365,5056,2
2365,5057,2
2366,3423,4
2366,3421,2
2366,3422,7
2366,3436,5
2367,4189,3
2367,5142,2
2367,5256,2
2367,5257,2
2368,5573,2
2368,5574,2
2368,2427,2
2368,2459,2
2368,3789,2
2368,3871,2
2368,5160,2
2369,3444,2
2369,3445,2
2369,3446,2
2369,3447,2
2369,3448,2
2369,3449,2
2369,3450,2
2369,3451,2
2369,3452,2
2369,3453,2
2369,3454,2
2369,3455,2
2369,3456,2
2369,3457,2
2369,5053,2
2369,4827,2
2369,3799,2
2369,4564,2
2369,5435,8
2369,5436,7
2369,2861,4
2369,5433,2
2369,4652,6
2371,2372,2
2371,2373,2
2372,2373,2
2373,4166,2
2373,4167,5
2373,4183,10
2373,4184,3
2373,4607,7
2373,4608,4
2373,4501,4
2373,4609,4
2373,4610,4
2373,4613,2
2373,4614,2
2373,4686,7
2373,4687,2
2373,4840,3
2373,4841,4
2373,4842,2
2373,4843,2
2374,2740,2
2374,2741,2
2374,5416,2
2374,5417,3
2374,2861,3
2374,5421,2
2374,5419,3
2374,5420,3
2374,5629,4
2374,4675,5
2374,5630,5
2374,5631,3
2374,5632,5
2375,3166,2
2375,4487,2
2375,3625,2
2375,4428,2
2375,2468,2
2375,4488,2
2375,2506,2
2375,4479,2
2375,4480,2
2376,4101,3
2376,4102,3
2376,4103,2
2376,4108,3
2376,3592,3
2376,3696,4
2376,4109,2
2376,5195,2
2376,5196,2
2376,5197,2
2376,3197,2
2376,4374,2
2379,2380,4
2379,2381,4
2380,2381,4
2381,4108,4
2381,4667,4
2381,4668,4
2381,2861,5
2381,4669,4
2381,4677,3
2381,4678,3
2381,4674,3
2382,2383,3
2382,2418,2
2383,2418,4
2383,2419,2
2383,2423,2
2384,2385,4
2384,2386,3
2384,2387,3
2384,2417,2
2384,3809,2
2385,2386,3
2385,2387,3
2385,2417,3
2385,2987,3
2385,2988,2
2385,2989,3
2385,2996,2
2385,2888,4
2385,2899,4
2385,3313,2
2385,3299,2
2386,2387,3
2388,2861,2
2389,2390,2
2390,3725,2
2391,2392,4
2391,2393,5
2391,2394,4
2391,2395,6
2391,2396,2
2391,2397,6
2391,2398,3
2391,2399,3
2391,2400,3
2391,2401,5
2391,2402,2
2391,2406,3
2391,2407,2
2391,2408,3
2391,2409,3
2391,2410,2
2391,2411,2
2391,3970,3
2391,5012,3
2391,5013,3
2391,5014,3
2391,3228,4
2391,5015,4
2391,5016,3
2391,5017,3
2391,5018,4
2391,5025,2
2391,5026,2
2391,5367,2
2391,5368,2
2392,2393,4
2392,2394,3
2392,2395,4
2392,2396,2
2392,2397,4
2392,2398,3
2392,2399,3
2392,2400,3
2392,2401,4
2392,2406,2
2392,2407,2
2392,2408,3
2392,2409,3
2392,2410,2
2392,2411,2
2393,2394,6
2393,2395,12
2393,2396,2
2393,2397,12
2393,2398,3
2393,2399,7
2393,2400,12
2393,2401,5
2393,2402,24
2393,2406,3
2393,2407,2
2393,2408,7
2393,2409,3
2393,2410,2
2393,2411,2
2393,3551,2
2393,3552,2
2393,3553,2
2393,3574,10
2393,3575,9
2393,3576,11
2393,3577,8
2393,3578,13
2393,3579,9
2393,3580,8
2393,3581,9
2393,3660,6
2393,2994,2
2393,2525,8
2393,4012,2
2393,4066,4
2393,4067,3
2393,4074,3
2393,4075,2
2393,2546,3
2393,4121,5
2393,4122,3
2393,4903,6
2393,4904,5
2393,5035,3
2393,5034,2
2394,2395,4
2394,2396,2
2394,2397,6
2394,2398,2
2394,2399,2
2394,2400,5
2394,2401,4
2394,2402,3
2394,2406,2
2394,2407,2
2394,2408,4
2394,2409,2
2394,4074,2
2394,4067,2
2395,2396,2
2395,2397,13
2395,2398,3
2395,2399,7
2395,2400,7
2395,2401,5
2395,2402,14
2395,2406,5
2395,2407,2
2395,2408,3
2395,2409,3
2395,2410,2
2395,2411,2
2395,2546,5
2395,4121,5
2395,4122,3
2395,5034,4
2395,5035,6
2396,2397,2
2396,2400,2
2396,2401,2
2397,2398,3
2397,2399,3
2397,2400,7
2397,2401,5
2397,2402,13
2397,2406,5
2397,2407,2
2397,2408,6
2397,2409,3
2397,2410,2
2397,2411,2
2397,4066,3
2397,4074,3
2397,4075,2
2397,4067,2
2397,2546,4
2397,5034,4
2397,5035,6
2398,2399,3
2398,2400,2
2398,2401,3
2398,2408,2
2398,2409,2
2398,2410,2
2399,2400,6
2399,2401,3
2399,2408,2
2399,2409,2
2399,2410,2
2399,4121,4
2399,4122,3
2399,2402,4
2400,2401,3
2400,2406,2
2400,2407,2
2400,2408,6
2400,2409,2
2400,4066,4
2400,4067,3
2400,2402,9
2400,4074,3
2400,4075,2
2400,4121,4
2400,4122,3
2401,2406,2
2401,2407,2
2401,2408,3
2401,2409,3
2401,2410,2
2401,2411,2
2402,3574,2
2402,3575,2
2402,3576,2
2402,3581,2
2402,2525,6
2402,4012,2
2402,4066,4
2402,4067,3
2402,2408,4
2402,4074,3
2402,4075,2
2402,2546,5
2402,4121,5
2402,4122,3
2402,4342,3
2402,3966,7
2402,4360,6
2402,3578,2
2402,4903,2
2402,4904,2
2402,2994,2
2402,5034,4
2402,5035,6
2402,2406,3
2403,2404,4
2403,2719,2
2403,2720,2
2404,2405,2
2404,2719,2
2404,2720,2
2406,2407,2
2406,2408,2
2406,2409,2
2406,5035,3
2407,2408,2
2407,2409,2
2408,2409,3
2408,2410,2
2408,2411,2
2408,4066,3
2408,4067,3
2408,4074,2
2408,5259,2
2408,5260,3
2408,5261,3
2408,5262,3
2408,5263,3
2408,5264,3
2408,5559,2
2409,2410,2
2409,2411,2
2413,3829,2
2414,2415,4
2414,2544,2
2414,2545,2
2415,2544,2
2415,2545,2
2415,2546,6
2415,2547,3
2415,3119,2
2415,4199,2
2415,2459,2
2415,4200,2
2415,4201,2
2415,3696,2
2415,4724,4
2415,4725,4
2415,4726,4
2415,4727,3
2415,4728,2
2415,4246,3
2415,4845,4
2415,4846,3
2415,4854,2
2415,4847,3
2415,4848,3
2415,4849,3
2415,2898,3
2415,3498,4
2415,4850,3
2415,4851,3
2415,3404,3
2415,2665,4
2415,4852,3
2415,4855,2
2415,4853,4
2415,2539,4
2415,4856,2
2418,2419,2
2418,2423,2
2421,2942,9
2421,2944,9
2421,3066,9
2421,2966,9
2421,3080,6
2421,3078,9
2421,3081,9
2421,2926,9
2421,3082,9
2421,2948,3
2421,3100,2
2421,3101,2
2421,3102,2
2421,3103,2
2421,3104,2
2421,3105,2
2421,3106,2
2421,2595,2
2421,3107,2
2421,3108,2
2421,3109,2
2421,2960,2
2421,3110,2
2421,2954,2
2421,3111,2
2421,3112,2
2421,3113,2
2421,3114,2
2421,3115,2
2421,2617,2
2421,2989,2
2421,3116,2
2421,3099,2
2427,5573,12
2427,5574,13
2427,2459,13
2427,3706,8
2427,5575,2
2427,3789,13
2427,5576,5
2427,3871,9
2427,5160,12
2427,5581,6
2427,5582,5
2427,5553,10
2427,5554,11
2427,4275,5
2427,5590,2
2427,5555,3
2427,2916,7
2427,2539,4
2428,2429,2
2428,2430,2
2428,2431,2
2428,2432,2
2428,2433,2
2429,2430,2
2429,2431,2
2429,2432,2
2429,2433,2
2430,2431,2
2430,2432,2
2430,2433,2
2431,2432,2
2431,2433,2
2432,2433,2
2434,2435,2
2435,2495,2
2435,2541,2
2435,2542,2
2435,2543,5
2435,4818,2
2435,4819,3
2435,4820,3
2435,4785,3
2435,4821,3
2435,4822,2
2435,4823,3
2435,4824,3
2435,4825,3
2437,2438,3
2437,2512,2
2437,2513,2
2437,2514,2
2437,3238,9
2437,3729,6
2437,5285,2
2437,5286,4
2438,2512,2
2438,2513,2
2439,2440,2
2439,2441,2
2439,2442,2
2439,3755,4
2439,3756,2
2439,3757,4
2439,3758,4
2439,3759,2
2439,3760,3
2439,2476,2
2440,2441,2
2440,2442,2
2441,2442,2
2441,5022,2
2441,5023,3
2441,5024,2
2441,3864,2
2444,2445,3
2444,2446,6
2444,2560,4
2444,2561,3
2445,2446,6
2445,2560,5
2445,2564,2
2445,2561,2
2446,2447,2
2446,2560,7
2446,2561,4
2446,2564,2
2447,4252,3
2447,4265,2
2447,4253,3
2447,4266,2
2447,4267,2
2448,2449,2
2450,4650,3
2450,4651,6
2450,4300,2
2450,4652,6
2450,4653,2
2450,4654,5
2450,4655,2
2450,4656,2
2450,3930,4
2450,4954,3
2450,4955,7
2450,4956,7
2450,2811,7
2451,2452,5
2451,2453,5
2451,2454,5
2451,2455,4
2451,2456,2
2452,2453,6
2452,2454,7
2452,2455,4
2452,2456,3
2453,2454,7
2453,2455,4
2453,2456,3
2454,2455,4
2454,2457,2
2454,2456,4
2454,2458,2
2455,2456,2
2456,2457,2
2456,2458,2
2457,2458,2
2459,3688,2
2459,3119,4
2459,4199,2
2459,4200,2
2459,4201,2
2459,3696,3
2459,3871,12
2459,4242,4
2459,4243,3
2459,3788,3
2459,3000,2
2459,4275,11
2459,4274,2
2459,2589,4
2459,4634,2
2459,5052,2
2459,5566,2
2459,5573,15
2459,5574,22
2459,3706,11
2459,5575,3
2459,3789,13
2459,5576,5
2459,5160,13
2459,5577,2
2459,5553,14
2459,2916,11
2459,5554,16
2459,3069,2
2459,2688,2
2459,5120,4
2459,5581,6
2459,5582,5
2459,5589,2
2459,5590,2
2459,5555,3
2459,5591,2
2459,2539,4
2460,2461,4
2460,2462,4
2460,2463,4
2460,2464,2
2460,2465,5
2460,2466,4
2461,2462,4
2461,2463,6
2461,2464,2
2461,2465,5
2461,2466,4
2462,2463,4
2462,2464,2
2462,2465,5
2462,2466,5
2462,2473,2
2463,2464,2
2463,2465,5
2463,2466,4
2463,2472,2
2463,2474,2
2463,4185,5
2463,4164,7
2463,4196,3
2463,4197,3
2463,4198,2
2463,4207,2
2464,2465,2
2464,2466,2
2465,2466,5
2465,2473,2
2466,2473,2
2467,3037,4
2467,3038,3
2467,3041,4
2467,3039,3
2467,3040,4
2467,2477,4
2468,4059,3
2468,4370,2
2468,3170,3
2468,2746,3
2468,4356,2
2468,3625,3
2468,4428,3
2468,2506,3
2468,3166,2
2468,4487,2
2468,4488,2
2468,4479,2
2468,4480,2
2471,2539,2
2471,4141,2
2472,2474,2
2476,3755,2
2476,3757,2
2476,3758,2
2476,3760,2
2477,3037,17
2477,3038,15
2477,2479,8
2477,3039,14
2477,3040,16
2477,3041,16
2477,3670,5
2477,3671,5
2477,3672,5
2477,3673,5
2477,3592,5
2477,3674,5
2477,3675,4
2477,3676,4
2477,3677,5
2477,3678,5
2477,3679,4
2477,3680,4
2477,3681,2
2477,3682,4
2477,3666,5
2477,3683,5
2477,3684,4
2478,3382,2
2479,3037,7
2479,3038,7
2479,3039,7
2479,3040,7
2479,3041,7
2479,2782,2
2479,4006,2
2480,2481,3
2482,3033,2
2482,3121,2
2482,3138,2
2482,3139,2
2482,5041,4
2482,5042,4
2482,4392,4
2482,4393,4
2483,2484,5
2483,2485,5
2483,2486,5
2483,2487,5
2484,2485,7
2484,2486,8
2484,2487,8
2484,2494,2
2485,2486,7
2485,2487,7
2486,2487,8
2486,2494,2
2486,4183,4
2486,4942,4
2486,4943,4
2486,4354,2
2486,5448,2
2486,2824,2
2486,4259,2
2486,5449,2
2486,5450,2
2487,2494,2
2488,2489,2
2488,2490,2
2488,2491,2
2488,2492,2
2488,2493,2
2489,2490,2
2489,2491,2
2489,2492,2
2489,2493,2
2490,2491,2
2490,2492,2
2490,2493,2
2491,2492,2
2491,2493,2
2492,2493,2
2495,2496,2
2495,2497,2
2495,2498,2
2495,2499,2
2495,2500,2
2495,2501,2
2495,2502,2
2495,2503,2
2495,2504,2
2495,2541,2
2495,2542,2
2495,2543,2
2495,2873,5
2495,2874,5
2495,2876,5
2495,2877,2
2495,2878,2
2495,2879,2
2495,2880,2
2495,2884,2
2495,3341,2
2495,3342,3
2495,3343,3
2495,3344,3
2495,3345,3
2495,2968,2
2495,3346,2
2496,2497,2
2496,2498,2
2496,2499,2
2496,2500,2
2496,2501,2
2496,2502,2
2496,2503,2
2496,2504,2
2497,2498,2
2497,2499,2
2497,2500,2
2497,2501,2
2497,2502,2
2497,2503,2
2497,2504,2
2498,2499,2
2498,2500,2
2498,2501,2
2498,2502,2
2498,2503,2
2498,2504,2
2499,2500,2
2499,2501,2
2499,2502,2
2499,2503,2
2499,2504,2
2499,4392,2
2499,4393,2
2499,4928,4
2499,5628,3
2500,2501,2
2500,2502,2
2500,2503,2
2500,2504,2
2501,2502,2
2501,2503,2
2501,2504,2
2501,3484,5
2501,3485,6
2501,3486,6
2501,3487,5
2501,3488,6
2501,3028,4
2501,3489,3
2501,3490,5
2501,3491,5
2501,3228,4
2501,2659,3
2501,3906,2
2502,2503,2
2502,2504,2
2503,2504,2
2505,2506,2
2506,3625,3
2506,4059,2
2506,3170,2
2506,4428,3
2506,2746,2
2506,3166,2
2506,4487,2
2506,4488,2
2506,4479,2
2506,4480,2
2507,2508,2
2507,2509,2
2507,2510,2
2508,2509,2
2508,2510,2
2509,2510,2
2509,3013,10
2509,2976,5
2509,2800,7
2509,3015,2
2509,2747,9
2509,3014,9
2509,2648,5
2509,3012,3
2509,2640,4
2509,3023,2
2509,3024,2
2510,5115,4
2510,3624,4
2510,5116,4
2510,5117,4
2510,5118,3
2512,2513,2
2517,3667,2
2517,5103,2
2518,5053,3
2518,3667,2
2519,2520,3
2519,2521,3
2519,2522,2
2519,2527,2
2519,2528,2
2520,2521,3
2520,2522,2
2520,2527,2
2520,2528,2
2521,2522,2
2521,2527,2
2521,2528,2
2523,2524,2
2523,2525,2
2523,2526,2
2524,2525,2
2524,2526,2
2525,2526,2
2525,2994,10
2525,3576,6
2525,4576,4
2525,4749,2
2525,4752,6
2525,4903,9
2525,3578,3
2525,4904,9
2525,4592,5
2525,4718,2
2525,5332,8
2525,5194,7
2526,5587,2
2526,5588,2
2527,2528,2
2529,2530,2
2529,2531,2
2529,2532,2
2529,2533,2
2530,2531,2
2530,2532,2
2530,2533,2
2531,2532,2
2531,2533,2
2532,2533,2
2535,2536,2
2535,2906,2
2535,2634,2
2535,2925,2
2535,3797,14
2535,5069,2
2535,3804,3
2535,5070,12
2535,2915,13
2535,4440,10
2536,2537,2
2536,3741,2
2538,3638,2
2539,4246,2
2539,4845,3
2539,4846,2
2539,4847,2
2539,4848,2
2539,4849,2
2539,2898,2
2539,4856,2
2539,3498,3
2539,4850,2
2539,4851,2
2539,3404,2
2539,2665,3
2539,4852,2
2539,4853,3
2539,5581,4
2539,5573,4
2539,5574,4
2539,5582,3
2539,4275,3
2539,5553,3
2539,2916,4
2539,3789,4
2539,5576,2
2539,5554,4
2539,3871,4
2539,5160,4
2539,5555,2
2541,2542,2
2541,2543,2
2542,2543,2
2544,2545,2
2544,4828,3
2544,4829,4
2544,4830,5
2544,4831,3
2544,4858,4
2546,2547,3
2546,4724,4
2546,4725,4
2546,4726,4
2546,4727,3
2546,4728,2
2546,5034,4
2546,5035,3
2547,4724,2
2547,4725,2
2547,4726,2
2547,4727,2
2548,2552,2
2548,2553,2
2548,2554,2
2549,4656,4
2549,5190,3
2549,5163,3
2549,5191,3
2549,5192,3
2549,5193,3
2552,2553,2
2552,2554,2
2553,2554,2
2556,2557,2
2556,2558,2
2556,2559,2
2557,2558,2
2557,2559,2
2558,2559,2
2560,2564,2
2560,2561,3
2562,2725,2
2562,3560,2
2562,3694,2
2562,3696,2
2565,2619,2
2568,2569,2
2569,3045,2
2569,3046,2
2569,3047,2
2569,3048,2
2569,3049,2
2569,3050,2
2569,3051,2
2569,3052,2
2569,3053,2
2569,3054,2
2569,3055,2
2569,3056,2
2569,3057,2
2569,3058,2
2569,3059,2
2569,3060,2
2569,3061,2
2569,3062,2
2569,3063,2
2569,3064,2
2569,3065,2
2570,2571,4
2570,2572,4
2570,2573,4
2570,2574,4
2570,2575,4
2571,2572,11
2571,2573,4
2571,2574,11
2571,2575,10
2572,2573,4
2572,2574,11
2572,2575,10
2573,2574,4
2573,2575,3
2574,2575,10
2574,4306,4
2574,4307,4
2574,4309,2
2574,4310,2
2574,4304,2
2574,4308,2
2574,4273,2
2574,4301,2
2574,4311,2
2574,3901,2
2574,4302,2
2574,4303,2
2575,3599,7
2575,3637,3
2575,3708,3
2575,3709,6
2575,3710,2
2575,3713,3
2575,3714,2
2575,3715,2
2575,3716,2
2575,3730,6
2575,3641,2
2575,3796,18
2575,3797,35
2575,3798,11
2575,3799,19
2575,3804,14
2575,3805,9
2575,3642,30
2575,3814,5
2575,3815,8
2575,3819,3
2575,3820,3
2575,3846,9
2575,3160,3
2575,3898,2
2575,3905,2
2575,4087,13
2575,4100,2
2576,2577,3
2576,2578,3
2576,2579,3
2576,2581,2
2577,2578,3
2577,2579,3
2577,2581,2
2578,2579,3
2578,2581,2
2579,2581,2
2579,5198,6
2579,5199,6
2579,5200,6
2579,5201,6
2579,5202,6
2579,5203,5
2579,5204,6
2579,5205,6
2579,5206,6
2579,5207,6
2579,5208,6
2579,5209,6
2579,5210,6
2579,5276,4
2579,5277,4
2579,5278,4
2579,5279,5
2579,5326,2
2579,5355,3
2579,5356,3
2583,2584,3
2584,2585,3
2584,2915,2
2584,3689,2
2585,3811,14
2585,3812,13
2585,3813,14
2585,3907,6
2585,4052,13
2585,4053,12
2585,4064,8
2585,4176,2
2585,4177,2
2585,4178,2
2585,4179,2
2585,4180,2
2585,4181,2
2585,4182,2
2586,2587,2
2587,2588,3
2589,5574,3
2589,4275,3
2589,3119,2
2589,5589,2
2589,3871,2
2591,2608,3
2591,4143,3
2591,4144,3
2592,2593,6
2592,2594,6
2592,2595,5
2592,2596,6
2592,2597,6
2592,2598,6
2592,2599,6
2592,2600,6
2592,2601,6
2592,2602,6
2592,2603,5
2592,2604,5
2592,2605,6
2592,2606,5
2592,2607,6
2593,2594,6
2593,2595,5
2593,2596,6
2593,2597,6
2593,2598,6
2593,2599,6
2593,2600,6
2593,2601,6
2593,2602,6
2593,2603,4
2593,2604,5
2593,2605,5
2593,2606,5
2593,2607,5
2594,2595,5
2594,2596,6
2594,2597,6
2594,2598,6
2594,2599,6
2594,2600,6
2594,2601,6
2594,2602,6
2594,2603,4
2594,2604,5
2594,2605,5
2594,2606,5
2594,2607,5
2595,2596,5
2595,2597,5
2595,2598,5
2595,2599,5
2595,2600,5
2595,2601,5
2595,2602,5
2595,2603,4
2595,2604,4
2595,2605,4
2595,2606,4
2595,2607,4
2595,3100,2
2595,3101,2
2595,3102,2
2595,2942,2
2595,3103,2
2595,3104,2
2595,3105,2
2595,3106,2
2595,3107,2
2595,3108,2
2595,3109,2
2595,2944,2
2595,2960,2
2595,3066,2
2595,3110,2
2595,2954,2
2595,3111,2
2595,3112,2
2595,2966,2
2595,3113,2
2595,3114,2
2595,3078,2
2595,3115,2
2595,3081,2
2595,2617,2
2595,2989,2
2595,3116,2
2595,2926,2
2595,3099,2
2595,3082,2
2596,2597,6
2596,2598,6
2596,2599,6
2596,2600,6
2596,2601,6
2596,2602,6
2596,2603,4
2596,2604,5
2596,2605,5
2596,2606,5
2596,2607,5
2597,2598,6
2597,2599,6
2597,2600,6
2597,2601,6
2597,2602,6
2597,2603,4
2597,2604,5
2597,2605,5
2597,2606,5
2597,2607,5
2598,2599,6
2598,2600,6
2598,2601,6
2598,2602,6
2598,2603,4
2598,2604,5
2598,2605,5
2598,2606,5
2598,2607,5
2599,2600,6
2599,2601,6
2599,2602,6
2599,2603,4
2599,2604,5
2599,2605,5
2599,2606,5
2599,2607,5
2600,2601,6
2600,2602,6
2600,2603,4
2600,2604,5
2600,2605,5
2600,2606,5
2600,2607,5
2601,2602,6
2601,2603,4
2601,2604,5
2601,2605,5
2601,2606,5
2601,2607,5
2602,2603,4
2602,2604,5
2602,2605,5
2602,2606,5
2602,2607,5
2603,2604,4
2603,2605,5
2603,2606,3
2603,2607,4
2604,2605,5
2604,2606,4
2604,2607,4
2605,2606,4
2605,2607,5
2606,2607,5
2610,2611,2
2610,2612,2
2611,2612,4
2613,3612,2
2613,3613,2
2613,3614,2
2614,3994,2
2616,3224,6
2616,3225,9
2616,3226,8
2616,3227,5
2616,3228,7
2616,3229,3
2616,3300,2
2617,3100,2
2617,3101,2
2617,3102,2
2617,2942,2
2617,3103,2
2617,3104,2
2617,3105,2
2617,3106,2
2617,3107,2
2617,3108,2
2617,3109,2
2617,2944,2
2617,2960,2
2617,3066,2
2617,3110,2
2617,2954,2
2617,3111,2
2617,3112,2
2617,2966,2
2617,3113,2
2617,3114,2
2617,3078,2
2617,3115,2
2617,3081,2
2617,2989,2
2617,3116,2
2617,2926,2
2617,3099,2
2617,3082,2
2621,2734,3
2621,2735,6
2621,2769,7
2621,2969,2
2621,2768,5
2621,2736,5
2622,2788,4
2622,2789,4
2622,2790,4
2622,2734,3
2622,2810,2
2623,2734,2
2623,2812,2
2623,2813,2
2623,2814,2
2624,2625,5
2624,4731,2
2626,2640,10
2627,2628,5
2629,2630,4
2629,2638,4
2633,5490,2
2633,4883,2
2633,5483,2
2633,5188,2
2633,5491,2
2633,5485,2
2634,2906,2
2636,4679,3
2636,4680,2
2636,3513,4
2636,3197,2
2640,2976,4
2640,3013,4
2640,2800,4
2640,2747,4
2640,3014,4
2640,2648,4
2640,3012,3
2640,3023,2
2642,3877,5
2642,3878,5
2642,3879,4
2642,3880,4
2642,3881,4
2642,3882,5
2642,3883,5
2642,3884,4
2642,3885,4
2642,3886,4
2642,3887,4
2642,3888,5
2645,2646,3
2645,2902,2
2645,2900,3
2645,4928,2
2645,4929,2
2645,5374,2
2647,2648,21
2647,2649,2
2647,4690,7
2647,3135,16
2647,4691,15
2647,4692,2
2647,4693,3
2647,4694,17
2647,4699,3
2647,3686,4
2647,4708,2
2648,2649,2
2648,3011,2
2648,2976,6
2648,2800,8
2648,3012,5
2648,3013,5
2648,2747,5
2648,3014,5
2648,3023,2
2648,4690,7
2648,3135,14
2648,4691,13
2648,4692,2
2648,4693,3
2648,4694,15
2648,4699,3
2648,3686,2
2648,4708,2
2648,5609,2
2648,5605,2
2648,5606,2
2651,2652,3
2651,2653,3
2651,2655,2
2651,2654,3
2651,2661,2
2652,2653,18
2652,2656,8
2652,2654,19
2652,2657,15
2652,2658,11
2652,2660,2
2652,2661,2
2652,2667,2
2652,2668,3
2652,2669,2
2652,2655,2
2653,2656,7
2653,2654,18
2653,2657,15
2653,2658,11
2653,2662,2
2653,2660,2
2653,2661,2
2653,2667,2
2653,2668,3
2653,2669,2
2653,3506,5
2653,3507,4
2653,3508,4
2654,2656,8
2654,2657,16
2654,2658,12
2654,2660,3
2654,2661,4
2654,2662,2
2654,2667,2
2654,2668,3
2654,2669,2
2654,2655,2
2656,2657,6
2656,2658,5
2657,2658,12
2657,2662,2
2657,2667,2
2657,2668,3
2657,2669,2
2658,2662,2
2658,2667,2
2659,2745,7
2659,2742,2
2659,2741,3
2659,2891,14
2659,2897,2
2659,2892,4
2659,2893,8
2659,2894,7
2659,2898,2
2659,2895,4
2659,2896,8
2659,2908,6
2659,2909,3
2659,2910,8
2659,2911,5
2659,2918,2
2659,3001,5
2659,3002,6
2659,3003,5
2659,3042,4
2659,3005,17
2659,3043,5
2659,3044,2
2659,3034,5
2659,3383,6
2659,3384,7
2659,3387,3
2659,3717,7
2659,3718,7
2659,3719,3
2659,3720,7
2659,3722,3
2659,3721,7
2659,2924,2
2659,3792,2
2659,3848,3
2659,3849,2
2659,3850,4
2659,3851,4
2659,3852,4
2659,3853,4
2659,3857,2
2659,3861,5
2659,3876,2
2659,3228,4
2659,3906,3
2659,2727,2
2659,3006,2
2659,4482,4
2659,4172,2
2659,4486,2
2659,5344,4
2664,4630,2
2665,2666,3
2665,4246,3
2665,4845,3
2665,4846,3
2665,4854,2
2665,4847,3
2665,4848,3
2665,4849,3
2665,2898,3
2665,3498,4
2665,4850,3
2665,4851,3
2665,3404,3
2665,4852,3
2665,4855,2
2665,4853,3
2665,4856,2
2668,2669,2
2670,2671,3
2673,2674,2
2673,2675,2
2673,2676,2
2673,2677,2
2673,2678,2
2673,2679,2
2673,2680,2
2674,2675,2
2674,2676,2
2674,2677,2
2674,2678,2
2674,2679,2
2674,2680,2
2675,2676,2
2675,2677,2
2675,2678,2
2675,2679,2
2675,2680,2
2676,2677,2
2676,2678,2
2676,2679,2
2676,2680,2
2677,2678,2
2677,2679,2
2677,2680,2
2678,2679,2
2678,2680,2
2679,2680,2
2682,5610,7
2682,5611,6
2685,2686,2
2685,2687,2
2685,3178,2
2685,3179,2
2685,3180,2
2685,3181,2
2685,3182,2
2685,3082,2
2686,2687,2
2688,5414,7
2688,5436,4
2688,5437,4
2688,5438,3
2688,4300,2
2688,5440,2
2688,5439,2
2688,5442,2
2688,5574,2
2688,5553,2
2688,5554,2
2689,2690,3
2689,2691,3
2689,2692,2
2689,2693,2
2690,2691,3
2690,2692,2
2690,2693,2
2691,2692,2
2691,2693,2
2695,2696,2
2698,2907,2
2698,3183,2
2700,3385,2
2700,3386,3
2700,2924,8
2700,3404,7
2700,5213,5
2700,5214,4
2700,5527,5
2700,3529,5
2700,5528,5
2701,2702,2
2701,2703,2
2701,2704,2
2701,2705,2
2702,2703,2
2702,2704,2
2702,2705,2
2703,2704,2
2703,2705,2
2704,2705,2
2706,2707,6
2706,4839,2
2707,4839,2
2709,2800,5
2709,3070,9
2709,2985,4
2709,5388,2
2709,5389,2
2709,5465,2
2710,5539,2
2710,5540,2
2710,3825,2
2710,5541,2
2710,5542,2
2710,5543,2
2710,5544,2
2710,5545,2
2710,5546,2
2710,4672,2
2710,5547,2
2711,4247,2
2711,4248,2
2711,4249,2
2711,3070,3
2716,2952,3
2716,2958,4
2716,3231,2
2716,3232,2
2716,3028,2
2716,2791,2
2716,3128,2
2718,2766,2
2718,3009,4
2718,3690,3
2718,3803,2
2718,3691,2
2718,3746,4
2718,5048,2
2718,2858,2
2718,5049,2
2719,2720,2
2723,4161,3
2723,4162,3
2723,4163,3
2723,4164,2
2724,5639,2
2727,2728,8
2727,2729,22
2727,2730,4
2727,2731,24
2727,2732,11
2727,2733,24
2727,3533,2
2727,3534,2
2727,3535,3
2727,3536,2
2727,3537,4
2727,3538,2
2727,3539,2
2727,3540,2
2727,3541,3
2727,3542,3
2727,3543,2
2727,3653,6
2727,4193,18
2727,3006,3
2727,4256,4
2727,4257,2
2727,4258,4
2727,4295,3
2727,4732,6
2727,4911,2
2727,5043,2
2727,5044,2
2727,5045,3
2727,5094,5
2727,5095,2
2728,2729,8
2728,2730,2
2728,2731,8
2728,2732,3
2728,2733,8
2728,4193,5
2728,4295,3
2729,2730,3
2729,2731,22
2729,2732,10
2729,2733,22
2729,3534,2
2729,3535,2
2729,3537,3
2729,3541,2
2729,3542,3
2729,3653,6
2729,4193,17
2729,3861,2
2729,4295,3
2729,4462,2
2729,4461,2
2729,4258,4
2729,4256,3
2729,4732,4
2729,5045,2
2729,5094,4
2729,5095,2
2730,2731,3
2730,2732,3
2730,2733,3
2731,2732,10
2731,2733,24
2731,3534,2
2731,3535,2
2731,3537,3
2731,3541,2
2731,3542,3
2731,3653,6
2731,4193,18
2731,4295,3
2731,4256,3
2731,4732,4
2731,4258,3
2731,4911,2
2731,5045,2
2731,5094,5
2731,5095,2
2732,2733,10
2732,3533,2
2732,3535,3
2732,3536,2
2732,3537,4
2732,3538,2
2732,3539,2
2732,3540,2
2732,3541,3
2732,3542,3
2732,3543,2
2732,3653,4
2732,4193,6
2732,4732,5
2732,4258,2
2732,5043,2
2732,5044,2
2732,5045,3
2732,5094,4
2732,5095,2
2733,3534,2
2733,3535,2
2733,3537,3
2733,3541,2
2733,3542,3
2733,3653,6
2733,4193,18
2733,4295,3
2733,4256,3
2733,4732,4
2733,4258,3
2733,4911,2
2733,5045,2
2733,5094,5
2733,5095,2
2734,2735,11
2734,2736,6
2734,2788,3
2734,2789,3
2734,2810,3
2734,2790,3
2734,2811,3
2734,2812,2
2734,2813,2
2734,2814,2
2734,2882,2
2734,2883,2
2734,2769,9
2734,2768,6
2734,3516,2
2735,2736,11
2735,2769,12
2735,2969,2
2735,2768,8
2736,2969,2
2736,2768,7
2736,2769,9
2737,2890,2
2737,4895,2
2739,2776,2
2741,2745,2
2742,3228,4
2745,3717,10
2745,3718,10
2745,3720,10
2745,3721,9
2745,3719,4
2745,3875,3
2745,3876,4
2746,3465,5
2746,3572,5
2746,3920,4
2746,3921,4
2746,3922,4
2746,3923,4
2746,3551,6
2746,3924,4
2746,3925,2
2746,3926,4
2746,3552,6
2746,3927,4
2746,4024,3
2746,4025,2
2746,4059,5
2746,4370,5
2746,3170,6
2746,4356,4
2746,4381,3
2746,4403,3
2746,4374,2
2746,4478,2
2746,4428,4
2746,4479,3
2746,4480,3
2746,3625,2
2746,4487,2
2746,4488,2
2746,2861,4
2746,4893,2
2746,4894,2
2746,5324,2
2746,5325,2
2746,5447,3
2746,5453,2
2746,5454,2
2746,5455,2
2747,3013,9
2747,2976,5
2747,2800,6
2747,3014,9
2747,3012,3
2747,3023,2
2748,2915,2
2749,5156,2
2749,4299,2
2750,2751,2
2750,2752,2
2750,2753,2
2750,2754,2
2750,2755,2
2750,2756,2
2750,2757,2
2750,2758,2
2751,2752,2
2751,2753,2
2751,2754,2
2751,2755,2
2751,2756,2
2751,2757,2
2751,2758,2
2752,2753,2
2752,2754,2
2752,2755,2
2752,2756,2
2752,2757,2
2752,2758,2
2753,2754,2
2753,2755,2
2753,2756,2
2753,2757,2
2753,2758,2
2754,2755,2
2754,2756,2
2754,2757,2
2754,2758,2
2755,2756,2
2755,2757,2
2755,2758,2
2755,4041,3
2755,4042,2
2755,4043,2
2755,4050,2
2755,4044,3
2755,4051,3
2755,2980,3
2755,4045,2
2755,4046,3
2755,4097,2
2756,2757,2
2756,2758,2
2757,2758,2
2759,2760,2
2759,2761,2
2760,2761,2
2762,5357,4
2762,3172,3
2762,5360,4
2762,5361,3
2762,5362,3
2762,3426,4
2762,5363,4
2762,5358,4
2762,5359,3
2763,2784,2
2763,5292,3
2763,3724,3
2763,5296,2
2763,5293,2
2763,3344,3
2763,5294,3
2763,5295,3
2763,3457,3
2764,2795,3
2764,2796,3
2764,4972,2
2764,5162,2
2766,3661,2
2766,3662,2
2766,3663,2
2766,3664,2
2768,2769,9
2768,2969,2
2768,5244,2
2769,2969,2
2775,3701,5
2775,3702,3
2775,3703,3
2776,3667,2
2777,5030,3
2777,5031,3
2778,2779,2
2779,2780,5
2779,2815,3
2779,2816,2
2779,2817,4
2779,2818,5
2779,2819,2
2780,2815,3
2780,2816,2
2780,2817,3
2780,2818,4
2780,2819,2
2784,5292,2
2784,3724,2
2784,5293,2
2784,3344,2
2784,5294,2
2784,5295,2
2784,3457,2
2784,2861,2
2785,2786,3
2785,2787,5
2785,2791,4
2785,2792,2
2785,3018,12
2786,2787,3
2786,2791,2
2787,2791,4
2787,2792,2
2787,3121,2
2788,2789,4
2788,2790,4
2788,2810,2
2789,2790,4
2789,2810,2
2790,2810,2
2791,2792,2
2791,2952,5
2791,3231,2
2791,3232,2
2791,3028,2
2791,3128,2
2791,2960,3
2791,2954,3
2791,3314,3
2793,2794,6
2793,2798,3
2794,2798,3
2795,2796,3
2795,3633,2
2795,3634,2
2795,3635,2
2795,3636,2
2797,4538,2
2797,4539,2
2797,3757,2
2797,4540,2
2800,3011,2
2800,2976,7
2800,3012,5
2800,3013,7
2800,3015,2
2800,3016,2
2800,3014,6
2800,3023,2
2800,3070,4
2800,5394,2
2801,4296,4
2801,4314,2
2801,4315,2
2801,4316,2
2801,4317,2
2801,4353,3
2801,4489,2
2805,2806,2
2805,2807,5
2806,2807,3
2806,3776,3
2806,3976,2
2806,3941,3
2806,3978,3
2806,3777,2
2811,3930,6
2811,4954,3
2811,4955,9
2811,4956,10
2812,2813,2
2812,2814,2
2812,4175,5
2812,4743,3
2813,2814,2
2815,2816,2
2815,2817,4
2815,2818,4
2815,2819,3
2815,2860,2
2816,2817,2
2816,2818,2
2816,2819,2
2817,2818,5
2817,2819,3
2817,2860,2
2818,2819,3
2818,2860,2
2818,4313,4
2818,4319,2
2821,2920,2
2821,3198,2
2821,3199,2
2821,3200,3
2822,2823,6
2824,2825,2
2824,4354,2
2824,5448,2
2824,4259,2
2824,5449,2
2824,5450,2
2826,2827,2
2826,2828,2
2826,2829,2
2826,2830,2
2826,2831,2
2826,2832,2
2826,2833,2
2826,2834,2
2826,2835,2
2826,2836,2
2826,2837,2
2826,2838,2
2826,2839,2
2826,2840,2
2826,2841,2
2826,2842,2
2826,2843,2
2826,2844,2
2826,2845,2
2826,2846,2
2826,2847,2
2826,2848,2
2826,2849,2
2826,2850,2
2826,2851,2
2826,2852,2
2826,2853,2
2826,2854,2
2826,2855,2
2826,2856,2
2827,2828,2
2827,2829,2
2827,2830,2
2827,2831,2
2827,2832,2
2827,2833,2
2827,2834,2
2827,2835,2
2827,2836,2
2827,2837,2
2827,2838,2
2827,2839,2
2827,2840,2
2827,2841,2
2827,2842,2
2827,2843,2
2827,2844,2
2827,2845,2
2827,2846,2
2827,2847,2
2827,2848,2
2827,2849,2
2827,2850,2
2827,2851,2
2827,2852,2
2827,2853,2
2827,2854,2
2827,2855,2
2827,2856,2
2828,2829,2
2828,2830,2
2828,2831,2
2828,2832,2
2828,2833,2
2828,2834,2
2828,2835,2
2828,2836,2
2828,2837,2
2828,2838,2
2828,2839,2
2828,2840,2
2828,2841,2
2828,2842,2
2828,2843,2
2828,2844,2
2828,2845,2
2828,2846,2
2828,2847,2
2828,2848,2
2828,2849,2
2828,2850,2
2828,2851,2
2828,2852,2
2828,2853,2
2828,2854,2
2828,2855,2
2828,2856,2
2829,2830,2
2829,2831,2
2829,2832,2
2829,2833,2
2829,2834,2
2829,2835,2
2829,2836,2
2829,2837,2
2829,2838,2
2829,2839,2
2829,2840,2
2829,2841,2
2829,2842,2
2829,2843,2
2829,2844,2
2829,2845,2
2829,2846,2
2829,2847,2
2829,2848,2
2829,2849,2
2829,2850,2
2829,2851,2
2829,2852,2
2829,2853,2
2829,2854,2
2829,2855,2
2829,2856,2
2830,2831,2
2830,2832,2
2830,2833,2
2830,2834,2
2830,2835,2
2830,2836,2
2830,2837,2
2830,2838,2
2830,2839,2
2830,2840,2
2830,2841,2
2830,2842,2
2830,2843,2
2830,2844,2
2830,2845,2
2830,2846,2
2830,2847,2
2830,2848,2
2830,2849,2
2830,2850,2
2830,2851,2
2830,2852,2
2830,2853,2
2830,2854,2
2830,2855,2
2830,2856,2
2831,2832,2
2831,2833,2
2831,2834,2
2831,2835,2
2831,2836,2
2831,2837,2
2831,2838,2
2831,2839,2
2831,2840,2
2831,2841,2
2831,2842,2
2831,2843,2
2831,2844,2
2831,2845,2
2831,2846,2
2831,2847,2
2831,2848,2
2831,2849,2
2831,2850,2
2831,2851,2
2831,2852,2
2831,2853,2
2831,2854,2
2831,2855,2
2831,2856,2
2832,2833,2
2832,2834,2
2832,2835,2
2832,2836,2
2832,2837,2
2832,2838,2
2832,2839,2
2832,2840,2
2832,2841,2
2832,2842,2
2832,2843,2
2832,2844,2
2832,2845,2
2832,2846,2
2832,2847,2
2832,2848,2
2832,2849,2
2832,2850,2
2832,2851,2
2832,2852,2
2832,2853,2
2832,2854,2
2832,2855,2
2832,2856,2
2833,2834,2
2833,2835,2
2833,2836,2
2833,2837,2
2833,2838,2
2833,2839,2
2833,2840,2
2833,2841,2
2833,2842,2
2833,2843,2
2833,2844,2
2833,2845,2
2833,2846,2
2833,2847,2
2833,2848,2
2833,2849,2
2833,2850,2
2833,2851,2
2833,2852,2
2833,2853,2
2833,2854,2
2833,2855,2
2833,2856,2
2834,2835,2
2834,2836,2
2834,2837,2
2834,2838,2
2834,2839,2
2834,2840,2
2834,2841,2
2834,2842,2
2834,2843,2
2834,2844,2
2834,2845,2
2834,2846,2
2834,2847,2
2834,2848,2
2834,2849,2
2834,2850,2
2834,2851,2
2834,2852,2
2834,2853,2
2834,2854,2
2834,2855,2
2834,2856,2
2835,2836,2
2835,2837,2
2835,2838,2
2835,2839,2
2835,2840,2
2835,2841,2
2835,2842,2
2835,2843,2
2835,2844,2
2835,2845,2
2835,2846,2
2835,2847,2
2835,2848,2
2835,2849,2
2835,2850,2
2835,2851,2
2835,2852,2
2835,2853,2
2835,2854,2
2835,2855,2
2835,2856,2
2835,4110,2
2835,3299,2
2835,3244,2
2835,4111,2
2836,2837,2
2836,2838,2
2836,2839,2
2836,2840,2
2836,2841,2
2836,2842,2
2836,2843,2
2836,2844,2
2836,2845,2
2836,2846,2
2836,2847,2
2836,2848,2
2836,2849,2
2836,2850,2
2836,2851,2
2836,2852,2
2836,2853,2
2836,2854,2
2836,2855,2
2836,2856,2
2837,2838,2
2837,2839,2
2837,2840,2
2837,2841,2
2837,2842,2
2837,2843,2
2837,2844,2
2837,2845,2
2837,2846,2
2837,2847,2
2837,2848,2
2837,2849,2
2837,2850,2
2837,2851,2
2837,2852,2
2837,2853,2
2837,2854,2
2837,2855,2
2837,2856,2
2838,2839,2
2838,2840,2
2838,2841,2
2838,2842,2
2838,2843,2
2838,2844,2
2838,2845,2
2838,2846,2
2838,2847,2
2838,2848,2
2838,2849,2
2838,2850,2
2838,2851,2
2838,2852,2
2838,2853,2
2838,2854,2
2838,2855,2
2838,2856,2
2839,2840,2
2839,2841,2
2839,2842,2
2839,2843,2
2839,2844,2
2839,2845,2
2839,2846,2
2839,2847,2
2839,2848,2
2839,2849,2
2839,2850,2
2839,2851,2
2839,2852,2
2839,2853,2
2839,2854,2
2839,2855,2
2839,2856,2
2840,2841,2
2840,2842,2
2840,2843,2
2840,2844,2
2840,2845,2
2840,2846,2
2840,2847,2
2840,2848,2
2840,2849,2
2840,2850,2
2840,2851,2
2840,2852,2
2840,2853,2
2840,2854,2
2840,2855,2
2840,2856,2
2841,2842,2
2841,2843,2
2841,2844,2
2841,2845,2
2841,2846,2
2841,2847,2
2841,2848,2
2841,2849,2
2841,2850,2
2841,2851,2
2841,2852,2
2841,2853,2
2841,2854,2
2841,2855,2
2841,2856,2
2842,2843,2
2842,2844,2
2842,2845,2
2842,2846,2
2842,2847,2
2842,2848,2
2842,2849,2
2842,2850,2
2842,2851,2
2842,2852,2
2842,2853,2
2842,2854,2
2842,2855,2
2842,2856,2
2843,2844,2
2843,2845,2
2843,2846,2
2843,2847,2
2843,2848,2
2843,2849,2
2843,2850,2
2843,2851,2
2843,2852,2
2843,2853,2
2843,2854,2
2843,2855,2
2843,2856,2
2844,2845,2
2844,2846,2
2844,2847,2
2844,2848,2
2844,2849,2
2844,2850,2
2844,2851,2
2844,2852,2
2844,2853,2
2844,2854,2
2844,2855,2
2844,2856,2
2845,2846,2
2845,2847,2
2845,2848,2
2845,2849,2
2845,2850,2
2845,2851,2
2845,2852,2
2845,2853,2
2845,2854,2
2845,2855,2
2845,2856,2
2846,2847,2
2846,2848,2
2846,2849,2
2846,2850,2
2846,2851,2
2846,2852,2
2846,2853,2
2846,2854,2
2846,2855,2
2846,2856,2
2847,2848,2
2847,2849,2
2847,2850,2
2847,2851,2
2847,2852,2
2847,2853,2
2847,2854,2
2847,2855,2
2847,2856,2
2848,2849,2
2848,2850,2
2848,2851,2
2848,2852,2
2848,2853,2
2848,2854,2
2848,2855,2
2848,2856,2
2849,2850,2
2849,2851,2
2849,2852,2
2849,2853,2
2849,2854,2
2849,2855,2
2849,2856,2
2850,2851,2
2850,2852,2
2850,2853,2
2850,2854,2
2850,2855,2
2850,2856,2
2851,2852,2
2851,2853,2
2851,2854,2
2851,2855,2
2851,2856,2
2852,2853,2
2852,2854,2
2852,2855,2
2852,2856,2
2853,2854,2
2853,2855,2
2853,2856,2
2854,2855,2
2854,2856,2
2854,3513,3
2854,3197,3
2854,3808,2
2855,2856,2
2858,2859,2
2858,5048,2
2858,5049,2
2860,4215,2
2860,4216,2
2860,3036,2
2861,2863,3
2861,3068,2
2861,3072,3
2861,3083,2
2861,3084,2
2861,3085,2
2861,3086,2
2861,3087,4
2861,3088,4
2861,3089,2
2861,3090,4
2861,3091,3
2861,3092,2
2861,3093,2
2861,3475,2
2861,3476,4
2861,3477,4
2861,3478,4
2861,3479,4
2861,3480,4
2861,3481,2
2861,3482,4
2861,3483,4
2861,3492,4
2861,3800,2
2861,3959,2
2861,3995,2
2861,3996,2
2861,4019,2
2861,4020,2
2861,4065,4
2861,4055,4
2861,4056,4
2861,3568,4
2861,4057,3
2861,4058,4
2861,3935,4
2861,3936,4
2861,4078,2
2861,4146,2
2861,4132,9
2861,4168,3
2861,4169,3
2861,4008,4
2861,4170,6
2861,4171,3
2861,4321,6
2861,4322,5
2861,4323,6
2861,4324,6
2861,3633,7
2861,4325,7
2861,4326,6
2861,4327,5
2861,4328,6
2861,4329,6
2861,4259,7
2861,4330,7
2861,4331,7
2861,4332,7
2861,4218,6
2861,4352,2
2861,4553,2
2861,3837,3
2861,3336,3
2861,4646,2
2861,4658,4
2861,4108,4
2861,4667,4
2861,4668,4
2861,4669,4
2861,4677,3
2861,4678,3
2861,4674,3
2861,4763,2
2861,4764,2
2861,4765,2
2861,4766,2
2861,4767,2
2861,4768,2
2861,4769,2
2861,4770,2
2861,4771,2
2861,4772,2
2861,3705,2
2861,4798,6
2861,3209,3
2861,4791,2
2861,4810,2
2861,4815,2
2861,4826,2
2861,3572,4
2861,4893,2
2861,4894,2
2861,4993,2
2861,4994,4
2861,3241,2
2861,5001,4
2861,4026,2
2861,5036,2
2861,5037,3
2861,2984,2
2861,5038,2
2861,5039,3
2861,5062,3
2861,5063,12
2861,5065,3
2861,5064,12
2861,5102,8
2861,5178,7
2861,3238,8
2861,5179,7
2861,5289,2
2861,5290,2
2861,5305,5
2861,5306,4
2861,5307,4
2861,5308,4
2861,4940,4
2861,5313,2
2861,5314,2
2861,5324,2
2861,5325,2
2861,5415,3
2861,5416,4
2861,5417,5
2861,5418,3
2861,5421,3
2861,5419,4
2861,5420,5
2861,5427,2
2861,5435,5
2861,5436,4
2861,4652,4
2861,5441,2
2862,2863,2
2863,3356,3
2863,3357,3
2863,3358,3
2863,3359,3
2863,3077,5
2863,3773,5
2863,3775,7
2863,3242,3
2863,4562,3
2863,4563,3
2863,4681,3
2863,4682,3
2863,4683,3
2863,4688,2
2863,4750,3
2863,4751,3
2863,3810,2
2864,2865,3
2864,2866,4
2864,2867,14
2864,2868,15
2864,2869,15
2864,2870,5
2864,2871,14
2864,2875,11
2864,2881,2
2865,2867,2
2865,2868,3
2865,2869,3
2865,2871,2
2866,2867,4
2866,2868,4
2866,2869,5
2866,2870,4
2866,2871,5
2866,2875,5
2867,2868,14
2867,2869,14
2867,2870,5
2867,2871,14
2867,2875,11
2867,2881,2
2867,3368,2
2867,3369,4
2867,4661,2
2867,4662,2
2868,2869,15
2868,2870,5
2868,2871,14
2868,2875,11
2868,2881,2
2869,2870,5
2869,2871,15
2869,2875,12
2869,2881,2
2869,5185,5
2869,5186,5
2870,2871,5
2870,2875,6
2871,2875,12
2871,2881,2
2873,2874,5
2873,2884,2
2874,2884,2
2876,2877,2
2876,2878,2
2876,2879,2
2876,2880,2
2876,3341,2
2876,3342,3
2876,3343,3
2876,3344,3
2876,3345,3
2876,2968,2
2876,3346,2
2877,2878,2
2877,2879,2
2877,2880,2
2878,2879,2
2878,2880,2
2879,2880,2
2882,2883,2
2886,2887,2
2886,2888,2
2886,2889,2
2886,2890,2
2887,2888,2
2887,2889,2
2887,2890,2
2888,2889,2
2888,2890,2
2888,2899,6
2888,3313,2
2888,3299,2
2888,3443,2
2888,3493,2
2889,2890,2
2889,3910,2
2889,4110,4
2889,3299,4
2889,3244,4
2889,4565,3
2889,4566,3
2889,4567,2
2889,4968,4
2889,4969,4
2889,2989,3
2890,4814,4
2890,4815,2
2890,4816,2
2890,3698,2
2890,4817,2
2890,4895,2
2890,3379,2
2890,4940,2
2890,4941,3
2890,3586,2
2891,2892,3
2891,2893,6
2891,2894,6
2891,2895,3
2891,2896,6
2891,2908,5
2891,2909,3
2891,2910,3
2891,2911,4
2891,3001,5
2891,3002,6
2891,3003,6
2891,3004,2
2891,3005,2
2892,2897,2
2892,2893,5
2892,2894,3
2892,2898,2
2892,2895,5
2892,2896,5
2892,2908,4
2893,2897,2
2893,2894,6
2893,2898,2
2893,2895,5
2893,2896,8
2893,2908,7
2893,2909,3
2893,2910,3
2893,2911,4
2893,3405,2
2894,2895,3
2894,2896,7
2894,2908,5
2894,2909,3
2894,2910,4
2894,2911,5
2894,3495,5
2894,3496,6
2894,3466,6
2894,3497,4
2894,3498,6
2894,3499,6
2894,3500,3
2895,2897,2
2895,2898,2
2895,2896,5
2895,2908,4
2896,2897,2
2896,2898,2
2896,2908,7
2896,2909,3
2896,2910,3
2896,2911,4
2897,2898,2
2898,4246,3
2898,4845,3
2898,4846,3
2898,4847,3
2898,4848,3
2898,4849,3
2898,3498,3
2898,4850,3
2898,4851,3
2898,3404,3
2898,4852,3
2898,4853,3
2898,4856,2
2899,3313,2
2899,3299,2
2900,4333,3
2900,4335,2
2900,4336,2
2900,4339,2
2900,4340,2
2900,4341,3
2900,4928,3
2900,4929,2
2900,5011,2
2900,5007,2
2905,3327,2
2905,3328,2
2905,3329,2
2905,3330,2
2905,3331,2
2905,3332,2
2907,3127,2
2908,2909,3
2908,2910,3
2908,2911,4
2909,2910,3
2909,2911,3
2910,2911,4
2910,3042,3
2910,3005,4
2910,3043,4
2911,3383,2
2911,3005,2
2915,3797,14
2915,5069,2
2915,3804,3
2915,5070,13
2915,4440,10
2915,5076,2
2915,5596,2
2915,4318,2
2915,5597,2
2915,3828,2
2915,4982,3
2915,5598,2
2915,3784,2
2915,5599,3
2915,3596,2
2915,3598,3
2915,5612,15
2915,5613,3
2915,5593,2
2915,5616,11
2915,5594,8
2915,5617,4
2916,5555,4
2916,5553,10
2916,3789,8
2916,5554,12
2916,5120,3
2916,5573,10
2916,5574,11
2916,3706,5
2916,5160,8
2916,5590,2
2916,3871,5
2916,5575,2
2916,5591,2
2916,5581,4
2916,5582,3
2916,4275,4
2916,5576,3
2919,3164,3
2919,3136,3
2919,3175,2
2920,3198,2
2920,3199,2
2920,3200,2
2922,2923,2
2922,2924,2
2922,3870,2
2922,4995,2
2922,3872,2
2923,2924,2
2924,3385,2
2924,3386,3
2924,3404,6
2924,3792,4
2924,3816,3
2924,3817,3
2924,3823,3
2924,5213,5
2924,5214,3
2925,4213,2
2925,4720,2
2925,2998,2
2926,3066,10
2926,2942,9
2926,2944,9
2926,2966,10
2926,3080,7
2926,3078,10
2926,3081,10
2926,3082,11
2926,2948,4
2926,3099,3
2926,3100,2
2926,3101,2
2926,3102,2
2926,3103,2
2926,3104,2
2926,3105,2
2926,3106,2
2926,3107,2
2926,3108,2
2926,3109,2
2926,2960,2
2926,3110,2
2926,2954,2
2926,3111,2
2926,3112,2
2926,3113,2
2926,3114,2
2926,3115,2
2926,2989,2
2926,3116,2
2926,3202,2
2926,3204,2
2928,2929,3
2928,2930,3
2928,2931,2
2928,2932,3
2928,2933,3
2928,3592,6
2928,4367,9
2928,4398,2
2928,3835,5
2928,3681,3
2928,3682,3
2928,3598,5
2928,3833,3
2928,4399,2
2928,4400,3
2928,4401,2
2928,4413,2
2928,3828,2
2928,3666,3
2928,3700,2
2928,3596,3
2928,4415,3
2929,2930,3
2929,2931,2
2929,2932,3
2929,2933,3
2930,2931,2
2930,2932,3
2930,2933,3
2931,2932,2
2931,2933,2
2932,2933,3
2934,2935,9
2934,2936,8
2934,2937,8
2935,2936,10
2935,2937,9
2935,3477,2
2936,2937,8
2938,2993,3
2939,2940,14
2939,2941,14
2939,2942,11
2939,2943,12
2939,2944,11
2939,2945,14
2939,2946,13
2939,2947,11
2939,2948,7
2939,2949,2
2939,2950,11
2939,2966,3
2939,2967,2
2939,2990,2
2940,2941,14
2940,2942,11
2940,2943,12
2940,2944,11
2940,2945,14
2940,2946,13
2940,2947,11
2940,2948,7
2940,2949,2
2940,2950,11
2940,2966,3
2940,2967,2
2940,2990,2
2941,2942,11
2941,2943,12
2941,2944,11
2941,2945,14
2941,2946,13
2941,2947,11
2941,2948,7
2941,2949,2
2941,2950,11
2941,2966,3
2941,2967,2
2941,2990,2
2942,2943,11
2942,2944,21
2942,2945,11
2942,2946,10
2942,2947,9
2942,2948,9
2942,2949,2
2942,2950,10
2942,2966,10
2942,3078,10
2942,3066,9
2942,3080,6
2942,3081,9
2942,3082,9
2942,3100,2
2942,3101,2
2942,3102,2
2942,3103,2
2942,3104,2
2942,3105,2
2942,3106,2
2942,3107,2
2942,3108,2
2942,3109,2
2942,2960,2
2942,3110,2
2942,2954,2
2942,3111,2
2942,3112,2
2942,3113,2
2942,3114,2
2942,3115,2
2942,2989,2
2942,3116,2
2942,3099,2
2943,2944,11
2943,2945,12
2943,2946,11
2943,2947,10
2943,2948,6
2943,2949,2
2943,2950,11
2944,2945,11
2944,2946,10
2944,2947,9
2944,2948,9
2944,2949,2
2944,2950,10
2944,2966,10
2944,3078,10
2944,3066,9
2944,3080,6
2944,3081,9
2944,3082,9
2944,3100,2
2944,3101,2
2944,3102,2
2944,3103,2
2944,3104,2
2944,3105,2
2944,3106,2
2944,3107,2
2944,3108,2
2944,3109,2
2944,2960,2
2944,3110,2
2944,2954,2
2944,3111,2
2944,3112,2
2944,3113,2
2944,3114,2
2944,3115,2
2944,2989,2
2944,3116,2
2944,3099,2
2945,2946,13
2945,2947,11
2945,2948,7
2945,2949,2
2945,2950,11
2945,2966,3
2945,2967,2
2945,2990,2
2945,3141,2
2945,2965,2
2945,3142,2
2945,3143,2
2945,3144,2
2945,3145,2
2945,3146,2
2945,3147,2
2945,3148,2
2945,3149,2
2945,3150,2
2945,3151,2
2945,3152,2
2945,5242,6
2945,3864,6
2945,5245,4
2945,5071,3
2945,5072,5
2945,3863,4
2945,5246,3
2946,2947,10
2946,2948,7
2946,2949,2
2946,2950,11
2946,2966,2
2946,2990,2
2947,2948,7
2947,2949,2
2947,2950,9
2947,2966,2
2947,2967,2
2948,2949,2
2948,2950,6
2948,2966,5
2948,2967,2
2948,3066,3
2948,3080,4
2948,3078,4
2948,3081,4
2948,3082,4
2948,3424,2
2948,3425,2
2948,3426,2
2948,3427,2
2948,3428,2
2948,3429,2
2948,3430,2
2949,2950,2
2951,2952,2
2951,2956,2
2952,2953,2
2952,2954,12
2952,2955,2
2952,2956,6
2952,2957,2
2952,2958,7
2952,2959,9
2952,2960,14
2952,2961,6
2952,2962,3
2952,2963,4
2952,2970,3
2952,2972,4
2952,2973,3
2952,2974,4
2952,2975,2
2952,3231,2
2952,3232,2
2952,3028,3
2952,3128,2
2952,3314,5
2952,3169,2
2953,2954,2
2953,2955,2
2953,2956,2
2953,2957,2
2953,2958,2
2954,2955,2
2954,2956,3
2954,2957,2
2954,2958,4
2954,2959,5
2954,2960,12
2954,2970,3
2954,2961,3
2954,2963,2
2954,2974,3
2954,2972,3
2954,3100,2
2954,3101,2
2954,3102,2
2954,3103,2
2954,3104,2
2954,3105,2
2954,3106,2
2954,3107,2
2954,3108,2
2954,3109,2
2954,3066,2
2954,3110,2
2954,3111,2
2954,3112,2
2954,2966,2
2954,3113,2
2954,3114,2
2954,3078,2
2954,3115,2
2954,3081,2
2954,2989,2
2954,3116,2
2954,3099,2
2954,3082,2
2954,3314,5
2954,3169,2
2955,2956,2
2955,2957,2
2955,2958,2
2956,2957,2
2956,2958,3
2956,2959,4
2956,2960,2
2956,2975,2
2956,2974,2
2956,2961,2
2957,2958,2
2958,2959,4
2958,2960,4
2958,2961,4
2958,2962,2
2958,2963,2
2958,2970,2
2959,2960,6
2959,2961,4
2959,2962,3
2959,2963,4
2959,2975,2
2959,2974,3
2959,2972,2
2960,2961,5
2960,2962,2
2960,2963,4
2960,2970,3
2960,2972,4
2960,2974,3
2960,3072,2
2960,3100,2
2960,3101,3
2960,3102,2
2960,3103,2
2960,3104,2
2960,3105,2
2960,3106,2
2960,3107,2
2960,3108,2
2960,3109,2
2960,3066,2
2960,3110,2
2960,3111,2
2960,3112,2
2960,2966,2
2960,3113,2
2960,3114,2
2960,3078,2
2960,3115,2
2960,3081,2
2960,2989,2
2960,3116,2
2960,3099,2
2960,3082,2
2960,3314,5
2960,3169,2
2960,4923,4
2960,3487,3
2960,4924,3
2961,2962,3
2961,2963,2
2961,2970,2
2961,2975,2
2961,2974,2
2962,2963,2
2965,3141,4
2965,3142,2
2965,3143,2
2965,3144,2
2965,3145,2
2965,3146,2
2965,3147,2
2965,3148,2
2965,3149,2
2965,3150,2
2965,3151,2
2965,3152,2
2965,3070,2
2966,2967,3
2966,3066,9
2966,3080,7
2966,3078,10
2966,3081,10
2966,3082,10
2966,3099,3
2966,3100,2
2966,3101,2
2966,3102,2
2966,3103,2
2966,3104,2
2966,3105,2
2966,3106,2
2966,3107,2
2966,3108,2
2966,3109,2
2966,3110,2
2966,3111,2
2966,3112,2
2966,3113,2
2966,3114,2
2966,3115,2
2966,2989,2
2966,3116,2
2968,3342,2
2968,3343,2
2968,3344,2
2968,3345,2
2968,3346,2
2972,3314,2
2974,2975,2
2976,3011,2
2976,3012,4
2976,3013,5
2976,3014,5
2978,3548,21
2978,3549,15
2978,3550,13
2978,3559,8
2978,3563,3
2978,3564,4
2978,3565,2
2980,3137,2
2980,4041,7
2980,4042,5
2980,4043,5
2980,4047,2
2980,4044,6
2980,4045,5
2980,4046,7
2980,4049,2
2980,4050,2
2980,4051,3
2980,4593,2
2980,4601,2
2980,4833,2
2980,3131,2
2980,3132,2
2980,4834,2
2980,4835,2
2980,4602,2
2980,4696,2
2980,4836,2
2980,4837,2
2980,4838,2
2980,4697,2
2980,4891,2
2981,2982,2
2981,2983,2
2981,2984,2
2982,2983,2
2982,2984,2
2983,2984,2
2984,5001,2
2984,5036,2
2984,5037,2
2984,4994,2
2984,5038,2
2984,5039,2
2985,3070,2
2986,3025,2
2986,3034,2
2986,3027,2
2986,3028,2
2986,3035,2
2987,2988,2
2987,2989,3
2987,2996,2
2988,2989,2
2989,2996,2
2989,3017,2
2989,3100,2
2989,3101,2
2989,3102,2
2989,3103,2
2989,3104,2
2989,3105,2
2989,3106,2
2989,3107,2
2989,3108,2
2989,3109,2
2989,3066,2
2989,3110,2
2989,3111,2
2989,3112,2
2989,3113,2
2989,3114,2
2989,3078,2
2989,3115,2
2989,3081,2
2989,3116,2
2989,3099,2
2989,3082,2
2989,3493,2
2989,4968,3
2989,4969,3
2990,3088,2
2991,2992,2
2994,3576,2
2994,4904,3
2994,4903,2
2994,4752,2
2994,5332,4
2994,5194,3
2995,3987,4
2995,4027,2
3001,3002,4
3001,3003,2
3002,3003,2
3004,3005,3
3005,3042,4
3005,3043,5
3005,3044,2
3005,3034,7
3005,3383,10
3005,3384,8
3005,3387,6
3005,3396,2
3005,5099,2
3006,3007,2
3006,4257,2
3006,4896,2
3006,4732,2
3006,4897,2
3008,3009,7
3008,3123,4
3008,3205,2
3008,3206,2
3008,3196,2
3008,3207,3
3008,3208,2
3009,3123,4
3009,3128,2
3009,3205,2
3009,3206,2
3009,3196,2
3009,3207,3
3009,3208,2
3009,3691,3
3009,3803,2
3009,3746,2
3010,3467,2
3010,3468,2
3010,3469,2
3010,3470,2
3011,3012,2
3012,3013,3
3012,3014,3
3012,3023,2
3013,3015,2
3013,3014,9
3013,3023,2
3013,3024,2
3013,5536,2
3013,3350,2
3014,3023,2
3020,3021,3
3020,3022,2
3021,3022,2
3025,3026,2
3025,3027,3
3025,3028,3
3025,3029,2
3025,3034,2
3026,3027,2
3026,3028,2
3026,3029,2
3027,3028,3
3027,3029,2
3027,3034,2
3028,3029,2
3028,3034,3
3028,3231,2
3028,3232,2
3028,3128,2
3028,3484,4
3028,3485,4
3028,3486,4
3028,3126,7
3028,3487,4
3028,3488,5
3028,3489,3
3028,3490,4
3028,3491,5
3028,3134,2
3028,3761,3
3028,3762,2
3028,3217,6
3028,3763,4
3028,3764,4
3028,3847,3
3030,3031,2
3030,3032,2
3031,3032,2
3034,3383,6
3034,3384,6
3036,3210,3
3036,3211,3
3036,3212,3
3036,4084,3
3036,4095,2
3036,4096,2
3036,4215,2
3036,4216,2
3037,3038,15
3037,3039,14
3037,3040,16
3037,3041,15
3038,3039,13
3038,3040,14
3038,3041,14
3039,3040,14
3039,3041,13
3040,3041,14
3042,3043,3
3042,3044,2
3045,3046,2
3045,3047,2
3045,3048,2
3045,3049,2
3045,3050,2
3045,3051,2
3045,3052,2
3045,3053,2
3045,3054,2
3045,3055,2
3045,3056,2
3045,3057,2
3045,3058,2
3045,3059,2
3045,3060,2
3045,3061,2
3045,3062,2
3045,3063,2
3045,3064,2
3045,3065,2
3046,3047,2
3046,3048,2
3046,3049,2
3046,3050,2
3046,3051,2
3046,3052,2
3046,3053,2
3046,3054,2
3046,3055,2
3046,3056,2
3046,3057,2
3046,3058,2
3046,3059,2
3046,3060,2
3046,3061,2
3046,3062,2
3046,3063,2
3046,3064,2
3046,3065,2
3047,3048,2
3047,3049,2
3047,3050,2
3047,3051,2
3047,3052,2
3047,3053,2
3047,3054,2
3047,3055,2
3047,3056,2
3047,3057,2
3047,3058,2
3047,3059,2
3047,3060,2
3047,3061,2
3047,3062,2
3047,3063,2
3047,3064,2
3047,3065,2
3048,3049,2
3048,3050,2
3048,3051,2
3048,3052,2
3048,3053,2
3048,3054,2
3048,3055,2
3048,3056,2
3048,3057,2
3048,3058,2
3048,3059,2
3048,3060,2
3048,3061,2
3048,3062,2
3048,3063,2
3048,3064,2
3048,3065,2
3049,3050,2
3049,3051,2
3049,3052,2
3049,3053,2
3049,3054,2
3049,3055,2
3049,3056,2
3049,3057,2
3049,3058,2
3049,3059,2
3049,3060,2
3049,3061,2
3049,3062,2
3049,3063,2
3049,3064,2
3049,3065,2
3050,3051,2
3050,3052,2
3050,3053,2
3050,3054,2
3050,3055,2
3050,3056,2
3050,3057,2
3050,3058,2
3050,3059,2
3050,3060,2
3050,3061,2
3050,3062,2
3050,3063,2
3050,3064,2
3050,3065,2
3051,3052,2
3051,3053,2
3051,3054,2
3051,3055,2
3051,3056,2
3051,3057,2
3051,3058,2
3051,3059,2
3051,3060,2
3051,3061,2
3051,3062,2
3051,3063,2
3051,3064,2
3051,3065,2
3052,3053,2
3052,3054,2
3052,3055,2
3052,3056,2
3052,3057,2
3052,3058,2
3052,3059,2
3052,3060,2
3052,3061,2
3052,3062,2
3052,3063,2
3052,3064,2
3052,3065,2
3053,3054,2
3053,3055,2
3053,3056,2
3053,3057,2
3053,3058,2
3053,3059,2
3053,3060,2
3053,3061,2
3053,3062,2
3053,3063,2
3053,3064,2
3053,3065,2
3054,3055,2
3054,3056,2
3054,3057,2
3054,3058,2
3054,3059,2
3054,3060,2
3054,3061,2
3054,3062,2
3054,3063,2
3054,3064,2
3054,3065,2
3055,3056,2
3055,3057,2
3055,3058,2
3055,3059,2
3055,3060,2
3055,3061,2
3055,3062,2
3055,3063,2
3055,3064,2
3055,3065,2
3056,3057,2
3056,3058,2
3056,3059,2
3056,3060,2
3056,3061,2
3056,3062,2
3056,3063,2
3056,3064,2
3056,3065,2
3057,3058,2
3057,3059,2
3057,3060,2
3057,3061,2
3057,3062,2
3057,3063,2
3057,3064,2
3057,3065,2
3058,3059,2
3058,3060,2
3058,3061,2
3058,3062,2
3058,3063,2
3058,3064,2
3058,3065,2
3059,3060,2
3059,3061,2
3059,3062,2
3059,3063,2
3059,3064,2
3059,3065,2
3060,3061,2
3060,3062,2
3060,3063,2
3060,3064,2
3060,3065,2
3061,3062,2
3061,3063,2
3061,3064,2
3061,3065,2
3062,3063,2
3062,3064,2
3062,3065,2
3063,3064,2
3063,3065,2
3064,3065,2
3066,3080,6
3066,3078,9
3066,3081,9
3066,3082,9
3066,3100,2
3066,3101,2
3066,3102,2
3066,3103,2
3066,3104,2
3066,3105,2
3066,3106,2
3066,3107,2
3066,3108,2
3066,3109,2
3066,3110,2
3066,3111,2
3066,3112,2
3066,3113,2
3066,3114,2
3066,3115,2
3066,3116,2
3066,3099,2
3068,3072,2
3068,3821,2
3068,3822,2
3068,3823,2
3068,3701,2
3069,3070,3
3069,3141,2
3069,5553,2
3069,3789,2
3069,5554,2
3069,5120,3
3069,5574,2
3069,4275,2
3070,3141,7
3070,5394,2
3070,5465,2
3070,3897,2
3070,4513,2
3074,3075,3
3074,3076,4
3074,3077,4
3075,3076,3
3075,3077,3
3076,3077,4
3077,3441,2
3077,3088,2
3077,3735,9
3077,3665,2
3077,3773,6
3077,3775,4
3077,3807,2
3077,5254,2
3077,5255,2
3078,3080,7
3078,3081,10
3078,3082,10
3078,3099,3
3078,3100,2
3078,3101,2
3078,3102,2
3078,3103,2
3078,3104,2
3078,3105,2
3078,3106,2
3078,3107,2
3078,3108,2
3078,3109,2
3078,3110,2
3078,3111,2
3078,3112,2
3078,3113,2
3078,3114,2
3078,3115,2
3078,3116,2
3080,3081,7
3080,3082,7
3081,3082,10
3081,3099,3
3081,3100,2
3081,3101,2
3081,3102,2
3081,3103,2
3081,3104,2
3081,3105,2
3081,3106,2
3081,3107,2
3081,3108,2
3081,3109,2
3081,3110,2
3081,3111,2
3081,3112,2
3081,3113,2
3081,3114,2
3081,3115,2
3081,3116,2
3082,3099,3
3082,3100,2
3082,3101,2
3082,3102,2
3082,3103,2
3082,3104,2
3082,3105,2
3082,3106,2
3082,3107,2
3082,3108,2
3082,3109,2
3082,3110,2
3082,3111,2
3082,3112,2
3082,3113,2
3082,3114,2
3082,3115,2
3082,3116,2
3082,3178,2
3082,3179,2
3082,3180,2
3082,3181,2
3082,3182,2
3083,3084,2
3083,3085,2
3083,3086,2
3083,3087,2
3083,3088,2
3083,3089,2
3083,3090,2
3083,3091,2
3083,3092,2
3084,3085,2
3084,3086,2
3084,3087,2
3084,3088,2
3084,3089,2
3084,3090,2
3084,3091,2
3084,3092,2
3084,5019,2
3084,5020,2
3084,5021,2
3084,5022,2
3084,5023,2
3084,5024,2
3085,3086,2
3085,3087,2
3085,3088,2
3085,3089,2
3085,3090,2
3085,3091,2
3085,3092,2
3086,3087,2
3086,3088,2
3086,3089,2
3086,3090,2
3086,3091,2
3086,3092,2
3087,3088,4
3087,3089,2
3087,3090,4
3087,3091,3
3087,3092,2
3087,3093,2
3087,4763,2
3087,4764,2
3087,4765,2
3087,4766,2
3087,4767,2
3087,4768,2
3087,4769,2
3087,4770,2
3087,4771,2
3087,4772,2
3087,3705,2
3088,3089,2
3088,3090,4
3088,3091,3
3088,3092,2
3088,3093,2
3088,3441,2
3088,3647,2
3088,3648,2
3088,3649,2
3088,3200,2
3088,3650,2
3088,4412,2
3088,4459,4
3088,3605,4
3088,4460,4
3088,3705,5
3088,4476,2
3088,4763,2
3088,4764,2
3088,4765,2
3088,4766,2
3088,4767,2
3088,4768,2
3088,4769,2
3088,4770,2
3088,4771,2
3088,4772,2
3088,4689,7
3088,5429,6
3088,5430,7
3089,3090,2
3089,3091,2
3089,3092,2
3090,3091,3
3090,3092,2
3090,3093,2
3090,4763,2
3090,4764,2
3090,4765,2
3090,4766,2
3090,4767,2
3090,4768,2
3090,4769,2
3090,4770,2
3090,4771,2
3090,4772,2
3090,3705,2
3091,3092,2
3091,3093,2
3091,3233,2
3091,4293,3
3091,3234,2
3094,3095,3
3094,4959,2
3094,4960,2
3094,5568,2
3094,5571,2
3095,4959,2
3095,4960,2
3095,4482,2
3095,5335,2
3095,5336,2
3096,3302,2
3096,3587,2
3096,3588,2
3096,3589,2
3096,3590,2
3099,3100,2
3099,3101,2
3099,3102,2
3099,3103,2
3099,3104,2
3099,3105,2
3099,3106,2
3099,3107,2
3099,3108,2
3099,3109,2
3099,3110,2
3099,3111,2
3099,3112,2
3099,3113,2
3099,3114,2
3099,3115,2
3099,3116,2
3100,3101,2
3100,3102,2
3100,3103,2
3100,3104,2
3100,3105,2
3100,3106,2
3100,3107,2
3100,3108,2
3100,3109,2
3100,3110,2
3100,3111,2
3100,3112,2
3100,3113,2
3100,3114,2
3100,3115,2
3100,3116,2
3101,3102,2
3101,3103,2
3101,3104,2
3101,3105,2
3101,3106,2
3101,3107,2
3101,3108,2
3101,3109,2
3101,3110,2
3101,3111,2
3101,3112,2
3101,3113,2
3101,3114,2
3101,3115,2
3101,3116,2
3102,3103,2
3102,3104,2
3102,3105,2
3102,3106,2
3102,3107,2
3102,3108,2
3102,3109,2
3102,3110,2
3102,3111,2
3102,3112,2
3102,3113,2
3102,3114,2
3102,3115,2
3102,3116,2
3103,3104,2
3103,3105,2
3103,3106,2
3103,3107,2
3103,3108,2
3103,3109,2
3103,3110,2
3103,3111,2
3103,3112,2
3103,3113,2
3103,3114,2
3103,3115,2
3103,3116,2
3104,3105,2
3104,3106,2
3104,3107,2
3104,3108,2
3104,3109,2
3104,3110,2
3104,3111,2
3104,3112,2
3104,3113,2
3104,3114,2
3104,3115,2
3104,3116,2
3105,3106,2
3105,3107,2
3105,3108,2
3105,3109,2
3105,3110,2
3105,3111,2
3105,3112,2
3105,3113,2
3105,3114,2
3105,3115,2
3105,3116,2
3106,3107,2
3106,3108,2
3106,3109,2
3106,3110,2
3106,3111,2
3106,3112,2
3106,3113,2
3106,3114,2
3106,3115,2
3106,3116,2
3107,3108,2
3107,3109,2
3107,3110,2
3107,3111,2
3107,3112,2
3107,3113,2
3107,3114,2
3107,3115,2
3107,3116,2
3108,3109,2
3108,3110,2
3108,3111,2
3108,3112,2
3108,3113,2
3108,3114,2
3108,3115,2
3108,3116,2
3109,3110,2
3109,3111,2
3109,3112,2
3109,3113,2
3109,3114,2
3109,3115,2
3109,3116,2
3110,3111,2
3110,3112,2
3110,3113,2
3110,3114,2
3110,3115,2
3110,3116,2
3111,3112,2
3111,3113,2
3111,3114,2
3111,3115,2
3111,3116,2
3112,3113,2
3112,3114,2
3112,3115,2
3112,3116,2
3113,3114,2
3113,3115,2
3113,3116,2
3114,3115,2
3114,3116,2
3115,3116,2
3118,3119,4
3118,3172,2
3119,3172,2
3119,4199,2
3119,4200,2
3119,4201,2
3119,3696,2
3119,3871,3
3119,5574,2
3119,5589,2
3119,4275,2
3120,3732,2
3120,3733,2
3120,3734,2
3121,3138,2
3121,3139,2
3121,3195,2
3121,3901,9
3121,3788,9
3121,4645,9
3121,5272,7
3121,5291,2
3126,3487,2
3126,3488,2
3126,3490,2
3126,3491,2
3126,3761,7
3128,3231,2
3128,3232,2
3131,3132,6
3131,4593,3
3131,4601,4
3131,4602,4
3131,4603,3
3131,4696,4
3131,4698,2
3131,4697,3
3131,4604,2
3131,4833,2
3131,4834,2
3131,4835,2
3131,4836,2
3131,4837,2
3131,4838,2
3132,4601,5
3132,4602,5
3132,4603,4
3132,4604,3
3132,4593,3
3132,4696,4
3132,4698,2
3132,4697,3
3132,4833,2
3132,4834,2
3132,4835,2
3132,4836,2
3132,4837,2
3132,4838,2
3135,4690,7
3135,4691,13
3135,4692,2
3135,4693,3
3135,4694,14
3135,4699,3
3135,3686,4
3136,3163,4
3136,3164,14
3136,3176,2
3136,3177,3
3136,3175,3
3136,3184,2
3136,3188,4
3136,3190,3
3136,5148,6
3136,5149,2
3136,5150,4
3136,5151,2
3136,5152,2
3136,5153,2
3136,5154,2
3138,3139,2
3141,3142,2
3141,3143,2
3141,3144,2
3141,3145,2
3141,3146,2
3141,3147,2
3141,3148,2
3141,3149,2
3141,3150,2
3141,3151,2
3141,3152,2
3142,3143,2
3142,3144,2
3142,3145,2
3142,3146,2
3142,3147,2
3142,3148,2
3142,3149,2
3142,3150,2
3142,3151,2
3142,3152,2
3143,3144,2
3143,3145,2
3143,3146,2
3143,3147,2
3143,3148,2
3143,3149,2
3143,3150,2
3143,3151,2
3143,3152,2
3144,3145,2
3144,3146,2
3144,3147,2
3144,3148,2
3144,3149,2
3144,3150,2
3144,3151,2
3144,3152,2
3145,3146,2
3145,3147,2
3145,3148,2
3145,3149,2
3145,3150,2
3145,3151,2
3145,3152,2
3146,3147,2
3146,3148,2
3146,3149,2
3146,3150,2
3146,3151,2
3146,3152,2
3147,3148,2
3147,3149,2
3147,3150,2
3147,3151,2
3147,3152,2
3148,3149,2
3148,3150,2
3148,3151,2
3148,3152,2
3149,3150,2
3149,3151,2
3149,3152,2
3150,3151,2
3150,3152,2
3151,3152,2
3157,3557,4
3157,3558,5
3158,3159,2
3158,3161,2
3159,3161,2
3160,3846,2
3160,3642,2
3160,5648,2
3160,5649,2
3160,4574,2
3160,5650,2
3160,5651,2
3160,5652,2
3163,3164,4
3163,3176,2
3164,3175,4
3164,3176,2
3164,3177,3
3164,3188,4
3164,3190,3
3166,3167,2
3166,4487,2
3166,3625,2
3166,4428,2
3166,4488,2
3166,4479,2
3166,4480,2
3169,3314,2
3170,4059,5
3170,3551,2
3170,4370,5
3170,3552,2
3170,4356,4
3170,4478,2
3170,4428,4
3170,4479,3
3170,4480,3
3170,3625,2
3170,4487,2
3170,4488,2
3172,3406,2
3172,3407,2
3172,3408,2
3172,5357,3
3172,5360,3
3172,5361,3
3172,5362,4
3172,3426,3
3172,5363,3
3172,5358,3
3172,5359,2
3172,4867,2
3173,3174,3
3173,3191,2
3173,3192,2
3177,3190,2
3178,3179,2
3178,3180,2
3178,3181,2
3178,3182,2
3179,3180,2
3179,3181,2
3179,3182,2
3180,3181,2
3180,3182,2
3181,3182,2
3185,3186,7
3185,4811,2
3185,5215,5
3185,5216,5
3185,5217,7
3185,5218,8
3185,3590,10
3185,5219,8
3185,5226,8
3185,5227,8
3185,5231,6
3185,5232,7
3185,5233,7
3185,4616,6
3185,5235,6
3185,5236,6
3185,5237,6
3185,5239,4
3185,5240,4
3186,4616,6
3186,5235,6
3186,5236,6
3186,5231,5
3186,5237,6
3186,5226,6
3186,5232,6
3186,5233,6
3186,3590,6
3186,5219,6
3186,5227,6
3186,5215,4
3186,5216,4
3186,5217,4
3186,5239,4
3186,5218,4
3186,5240,4
3189,5584,4
3189,5578,5
3189,5585,5
3189,5579,5
3189,5580,5
3189,5586,4
3191,3192,2
3192,3201,2
3192,3390,2
3192,3391,2
3192,3395,2
3192,3392,3
3192,3393,3
3192,3394,3
3192,3397,2
3196,3205,2
3196,3206,2
3196,3207,2
3196,3208,2
3197,3513,5
3197,3808,2
3197,4679,2
3197,4680,2
3197,5521,2
3197,5502,2
3197,3631,2
3197,4709,2
3198,3199,2
3198,3200,2
3199,3200,2
3200,3647,2
3200,3648,2
3200,3649,2
3200,3651,2
3200,3650,2
3200,3652,2
3200,4453,5
3200,4617,8
3200,3699,4
3200,4631,2
3200,5221,4
3200,3463,5
3200,5222,2
3200,3464,5
3200,5223,5
3200,5247,4
3200,5248,3
3200,4417,3
3200,5234,4
3200,5249,3
3200,5250,3
3200,5251,4
3200,5252,3
3200,5253,2
3205,3206,2
3205,3207,2
3205,3208,2
3206,3207,2
3206,3208,2
3207,3208,2
3209,4791,2
3209,4810,2
3209,4658,4
3209,4815,3
3209,4826,3
3209,3514,2
3210,3211,3
3210,3212,3
3211,3212,3
3213,3214,2
3213,3215,2
3213,3216,2
3214,3215,2
3214,3216,2
3215,3216,2
3217,3761,4
3217,3762,2
3217,3763,5
3217,3764,4
3217,3847,3
3217,4280,2
3217,5161,2
3217,5375,2
3217,5376,2
3217,5377,2
3217,5378,2
3217,5379,2
3217,5380,2
3217,5381,2
3217,5382,2
3217,5383,2
3218,3219,11
3218,3223,3
3219,3223,3
3221,4474,2
3224,3225,6
3224,3226,6
3224,3227,5
3224,3228,5
3224,3229,3
3225,3226,8
3225,3227,6
3225,3228,7
3225,3229,4
3225,3300,2
3226,3227,5
3226,3228,7
3226,3229,3
3227,3228,5
3227,3229,4
3228,3229,3
3228,3906,2
3228,3857,2
3228,3970,3
3228,5012,3
3228,5013,3
3228,5014,3
3228,5015,4
3228,5016,3
3228,5017,3
3228,5018,4
3228,5025,2
3228,5026,2
3230,3776,2
3230,3941,2
3231,3232,2
3233,3234,6
3233,4293,2
3234,4293,2
3235,3236,2
3235,3237,2
3236,3237,3
3238,3729,7
3238,5178,7
3238,5179,6
3238,5063,8
3238,5102,6
3238,5064,8
3238,5284,2
3238,5285,5
3238,5286,7
3238,5331,3
3240,3908,5
3240,3914,2
3241,3242,5
3241,3243,2
3241,3244,5
3241,3245,3
3241,3246,2
3241,3247,2
3241,3248,5
3241,3249,5
3241,4026,4
3241,5001,2
3241,4994,2
3242,3243,2
3242,3244,5
3242,3245,3
3242,3246,2
3242,3247,2
3242,3248,5
3242,3249,5
3242,4562,3
3242,4563,3
3242,3775,3
3243,3244,2
3243,3245,2
3243,3246,2
3243,3247,2
3243,3248,2
3243,3249,2
3244,3245,3
3244,3246,2
3244,3247,2
3244,3248,5
3244,3249,5
3244,3299,6
3244,4110,5
3244,4111,2
3244,4565,3
3244,4566,3
3244,4567,2
3245,3246,2
3245,3247,2
3245,3248,3
3245,3249,3
3246,3247,2
3246,3248,2
3246,3249,2
3247,3248,2
3247,3249,2
3248,3249,5
3250,3251,2
3250,3252,3
3250,3253,3
3250,3254,2
3250,3255,3
3250,3256,2
3250,3257,3
3250,3258,3
3250,3259,3
3250,3260,3
3250,3261,3
3250,3262,3
3250,3263,3
3250,3264,3
3250,3265,2
3250,3266,2
3250,3267,3
3250,3268,3
3250,3269,3
3250,3270,3
3250,3271,2
3250,3272,3
3250,3273,3
3250,3274,3
3250,3275,2
3250,3276,3
3250,3277,2
3250,3278,3
3250,3279,2
3250,3280,2
3250,3281,3
3250,3282,3
3250,3283,3
3250,3284,3
3250,3285,3
3250,3286,3
3250,3287,3
3250,3288,3
3250,3289,3
3250,3290,3
3250,3291,2
3250,3292,3
3250,3293,3
3250,3294,2
3250,3295,3
3251,3252,2
3251,3253,2
3251,3254,2
3251,3255,2
3251,3256,2
3251,3257,2
3251,3258,2
3251,3259,2
3251,3260,2
3251,3261,2
3251,3262,2
3251,3263,2
3251,3264,2
3251,3265,2
3251,3266,2
3251,3267,2
3251,3268,2
3251,3269,2
3251,3270,2
3251,3271,2
3251,3272,2
3251,3273,2
3251,3274,2
3251,3275,2
3251,3276,2
3251,3277,2
3251,3278,2
3251,3279,2
3251,3280,2
3251,3281,2
3251,3282,2
3251,3283,2
3251,3284,2
3251,3285,2
3251,3286,2
3251,3287,2
3251,3288,2
3251,3289,2
3251,3290,2
3251,3291,2
3251,3292,2
3251,3293,2
3251,3294,2
3251,3295,2
3252,3253,3
3252,3254,2
3252,3255,3
3252,3256,2
3252,3257,3
3252,3258,3
3252,3259,3
3252,3260,3
3252,3261,3
3252,3262,3
3252,3263,3
3252,3264,3
3252,3265,2
3252,3266,2
3252,3267,3
3252,3268,3
3252,3269,3
3252,3270,3
3252,3271,2
3252,3272,3
3252,3273,3
3252,3274,3
3252,3275,2
3252,3276,3
3252,3277,2
3252,3278,3
3252,3279,2
3252,3280,2
3252,3281,3
3252,3282,3
3252,3283,3
3252,3284,3
3252,3285,3
3252,3286,3
3252,3287,3
3252,3288,3
3252,3289,3
3252,3290,3
3252,3291,2
3252,3292,3
3252,3293,3
3252,3294,2
3252,3295,3
3253,3254,2
3253,3255,3
3253,3256,2
3253,3257,3
3253,3258,3
3253,3259,3
3253,3260,3
3253,3261,3
3253,3262,3
3253,3263,3
3253,3264,3
3253,3265,2
3253,3266,2
3253,3267,3
3253,3268,3
3253,3269,3
3253,3270,3
3253,3271,2
3253,3272,3
3253,3273,3
3253,3274,3
3253,3275,2
3253,3276,3
3253,3277,2
3253,3278,3
3253,3279,2
3253,3280,2
3253,3281,3
3253,3282,3
3253,3283,3
3253,3284,3
3253,3285,3
3253,3286,3
3253,3287,3
3253,3288,3
3253,3289,3
3253,3290,3
3253,3291,2
3253,3292,3
3253,3293,3
3253,3294,2
3253,3295,3
3254,3255,2
3254,3256,2
3254,3257,2
3254,3258,2
3254,3259,2
3254,3260,2
3254,3261,2
3254,3262,2
3254,3263,2
3254,3264,2
3254,3265,2
3254,3266,2
3254,3267,2
3254,3268,2
3254,3269,2
3254,3270,2
3254,3271,2
3254,3272,2
3254,3273,2
3254,3274,2
3254,3275,2
3254,3276,2
3254,3277,2
3254,3278,2
3254,3279,2
3254,3280,2
3254,3281,2
3254,3282,2
3254,3283,2
3254,3284,2
3254,3285,2
3254,3286,2
3254,3287,2
3254,3288,2
3254,3289,2
3254,3290,2
3254,3291,2
3254,3292,2
3254,3293,2
3254,3294,2
3254,3295,2
3255,3256,2
3255,3257,3
3255,3258,3
3255,3259,3
3255,3260,3
3255,3261,3
3255,3262,3
3255,3263,3
3255,3264,3
3255,3265,2
3255,3266,2
3255,3267,3
3255,3268,3
3255,3269,3
3255,3270,3
3255,3271,2
3255,3272,3
3255,3273,3
3255,3274,3
3255,3275,2
3255,3276,3
3255,3277,2
3255,3278,3
3255,3279,2
3255,3280,2
3255,3281,3
3255,3282,3
3255,3283,3
3255,3284,3
3255,3285,3
3255,3286,3
3255,3287,3
3255,3288,3
3255,3289,3
3255,3290,3
3255,3291,2
3255,3292,3
3255,3293,3
3255,3294,2
3255,3295,3
3256,3257,2
3256,3258,2
3256,3259,2
3256,3260,2
3256,3261,2
3256,3262,2
3256,3263,2
3256,3264,2
3256,3265,2
3256,3266,2
3256,3267,2
3256,3268,2
3256,3269,2
3256,3270,2
3256,3271,2
3256,3272,2
3256,3273,2
3256,3274,2
3256,3275,2
3256,3276,2
3256,3277,2
3256,3278,2
3256,3279,2
3256,3280,2
3256,3281,2
3256,3282,2
3256,3283,2
3256,3284,2
3256,3285,2
3256,3286,2
3256,3287,2
3256,3288,2
3256,3289,2
3256,3290,2
3256,3291,2
3256,3292,2
3256,3293,2
3256,3294,2
3256,3295,2
3257,3258,3
3257,3259,3
3257,3260,3
3257,3261,3
3257,3262,3
3257,3263,3
3257,3264,3
3257,3265,2
3257,3266,2
3257,3267,3
3257,3268,3
3257,3269,3
3257,3270,3
3257,3271,2
3257,3272,3
3257,3273,3
3257,3274,3
3257,3275,2
3257,3276,3
3257,3277,2
3257,3278,3
3257,3279,2
3257,3280,2
3257,3281,3
3257,3282,3
3257,3283,3
3257,3284,3
3257,3285,3
3257,3286,3
3257,3287,3
3257,3288,3
3257,3289,3
3257,3290,3
3257,3291,2
3257,3292,3
3257,3293,3
3257,3294,2
3257,3295,3
3258,3259,3
3258,3260,3
3258,3261,3
3258,3262,3
3258,3263,3
3258,3264,3
3258,3265,2
3258,3266,2
3258,3267,3
3258,3268,3
3258,3269,3
3258,3270,3
3258,3271,2
3258,3272,3
3258,3273,3
3258,3274,3
3258,3275,2
3258,3276,3
3258,3277,2
3258,3278,3
3258,3279,2
3258,3280,2
3258,3281,3
3258,3282,3
3258,3283,3
3258,3284,3
3258,3285,3
3258,3286,3
3258,3287,3
3258,3288,3
3258,3289,3
3258,3290,3
3258,3291,2
3258,3292,3
3258,3293,3
3258,3294,2
3258,3295,3
3259,3260,3
3259,3261,3
3259,3262,3
3259,3263,3
3259,3264,3
3259,3265,2
3259,3266,2
3259,3267,3
3259,3268,3
3259,3269,3
3259,3270,3
3259,3271,2
3259,3272,3
3259,3273,3
3259,3274,3
3259,3275,2
3259,3276,3
3259,3277,2
3259,3278,3
3259,3279,2
3259,3280,2
3259,3281,3
3259,3282,3
3259,3283,3
3259,3284,3
3259,3285,3
3259,3286,3
3259,3287,3
3259,3288,3
3259,3289,3
3259,3290,3
3259,3291,2
3259,3292,3
3259,3293,3
3259,3294,2
3259,3295,3
3260,3261,3
3260,3262,3
3260,3263,3
3260,3264,3
3260,3265,2
3260,3266,2
3260,3267,3
3260,3268,3
3260,3269,3
3260,3270,3
3260,3271,2
3260,3272,3
3260,3273,3
3260,3274,3
3260,3275,2
3260,3276,3
3260,3277,2
3260,3278,3
3260,3279,2
3260,3280,2
3260,3281,3
3260,3282,3
3260,3283,3
3260,3284,3
3260,3285,3
3260,3286,3
3260,3287,3
3260,3288,3
3260,3289,3
3260,3290,3
3260,3291,2
3260,3292,3
3260,3293,3
3260,3294,2
3260,3295,3
3261,3262,3
3261,3263,3
3261,3264,3
3261,3265,2
3261,3266,2
3261,3267,3
3261,3268,3
3261,3269,3
3261,3270,3
3261,3271,2
3261,3272,3
3261,3273,3
3261,3274,3
3261,3275,2
3261,3276,3
3261,3277,2
3261,3278,3
3261,3279,2
3261,3280,2
3261,3281,3
3261,3282,3
3261,3283,3
3261,3284,3
3261,3285,3
3261,3286,3
3261,3287,3
3261,3288,3
3261,3289,3
3261,3290,3
3261,3291,2
3261,3292,3
3261,3293,3
3261,3294,2
3261,3295,3
3262,3263,3
3262,3264,3
3262,3265,2
3262,3266,2
3262,3267,3
3262,3268,3
3262,3269,3
3262,3270,3
3262,3271,2
3262,3272,3
3262,3273,3
3262,3274,3
3262,3275,2
3262,3276,3
3262,3277,2
3262,3278,3
3262,3279,2
3262,3280,2
3262,3281,3
3262,3282,3
3262,3283,3
3262,3284,3
3262,3285,3
3262,3286,3
3262,3287,3
3262,3288,3
3262,3289,3
3262,3290,3
3262,3291,2
3262,3292,3
3262,3293,3
3262,3294,2
3262,3295,3
3263,3264,3
3263,3265,2
3263,3266,2
3263,3267,3
3263,3268,3
3263,3269,3
3263,3270,3
3263,3271,2
3263,3272,3
3263,3273,3
3263,3274,3
3263,3275,2
3263,3276,3
3263,3277,2
3263,3278,3
3263,3279,2
3263,3280,2
3263,3281,3
3263,3282,3
3263,3283,3
3263,3284,3
3263,3285,3
3263,3286,3
3263,3287,3
3263,3288,3
3263,3289,3
3263,3290,3
3263,3291,2
3263,3292,3
3263,3293,3
3263,3294,2
3263,3295,3
3264,3265,2
3264,3266,2
3264,3267,3
3264,3268,3
3264,3269,3
3264,3270,3
3264,3271,2
3264,3272,3
3264,3273,3
3264,3274,3
3264,3275,2
3264,3276,3
3264,3277,2
3264,3278,3
3264,3279,2
3264,3280,2
3264,3281,3
3264,3282,3
3264,3283,3
3264,3284,3
3264,3285,3
3264,3286,3
3264,3287,3
3264,3288,3
3264,3289,3
3264,3290,3
3264,3291,2
3264,3292,3
3264,3293,3
3264,3294,2
3264,3295,3
3265,3266,2
3265,3267,2
3265,3268,2
3265,3269,2
3265,3270,2
3265,3271,2
3265,3272,2
3265,3273,2
3265,3274,2
3265,3275,2
3265,3276,2
3265,3277,2
3265,3278,2
3265,3279,2
3265,3280,2
3265,3281,2
3265,3282,2
3265,3283,2
3265,3284,2
3265,3285,2
3265,3286,2
3265,3287,2
3265,3288,2
3265,3289,2
3265,3290,2
3265,3291,2
3265,3292,2
3265,3293,2
3265,3294,2
3265,3295,2
3266,3267,2
3266,3268,2
3266,3269,2
3266,3270,2
3266,3271,2
3266,3272,2
3266,3273,2
3266,3274,2
3266,3275,2
3266,3276,2
3266,3277,2
3266,3278,2
3266,3279,2
3266,3280,2
3266,3281,2
3266,3282,2
3266,3283,2
3266,3284,2
3266,3285,2
3266,3286,2
3266,3287,2
3266,3288,2
3266,3289,2
3266,3290,2
3266,3291,2
3266,3292,2
3266,3293,2
3266,3294,2
3266,3295,2
3267,3268,3
3267,3269,3
3267,3270,3
3267,3271,2
3267,3272,3
3267,3273,3
3267,3274,3
3267,3275,2
3267,3276,3
3267,3277,2
3267,3278,3
3267,3279,2
3267,3280,2
3267,3281,3
3267,3282,3
3267,3283,3
3267,3284,3
3267,3285,3
3267,3286,3
3267,3287,3
3267,3288,3
3267,3289,3
3267,3290,3
3267,3291,2
3267,3292,3
3267,3293,3
3267,3294,2
3267,3295,3
3268,3269,3
3268,3270,3
3268,3271,2
3268,3272,3
3268,3273,3
3268,3274,3
3268,3275,2
3268,3276,3
3268,3277,2
3268,3278,3
3268,3279,2
3268,3280,2
3268,3281,3
3268,3282,3
3268,3283,3
3268,3284,3
3268,3285,3
3268,3286,3
3268,3287,3
3268,3288,3
3268,3289,3
3268,3290,3
3268,3291,2
3268,3292,3
3268,3293,3
3268,3294,2
3268,3295,3
3269,3270,3
3269,3271,2
3269,3272,3
3269,3273,3
3269,3274,3
3269,3275,2
3269,3276,3
3269,3277,2
3269,3278,3
3269,3279,2
3269,3280,2
3269,3281,3
3269,3282,3
3269,3283,3
3269,3284,3
3269,3285,3
3269,3286,3
3269,3287,3
3269,3288,3
3269,3289,3
3269,3290,3
3269,3291,2
3269,3292,3
3269,3293,3
3269,3294,2
3269,3295,3
3270,3271,2
3270,3272,3
3270,3273,3
3270,3274,3
3270,3275,2
3270,3276,3
3270,3277,2
3270,3278,3
3270,3279,2
3270,3280,2
3270,3281,3
3270,3282,3
3270,3283,3
3270,3284,3
3270,3285,3
3270,3286,3
3270,3287,3
3270,3288,3
3270,3289,3
3270,3290,3
3270,3291,2
3270,3292,3
3270,3293,3
3270,3294,2
3270,3295,3
3271,3272,2
3271,3273,2
3271,3274,2
3271,3275,2
3271,3276,2
3271,3277,2
3271,3278,2
3271,3279,2
3271,3280,2
3271,3281,2
3271,3282,2
3271,3283,2
3271,3284,2
3271,3285,2
3271,3286,2
3271,3287,2
3271,3288,2
3271,3289,2
3271,3290,2
3271,3291,2
3271,3292,2
3271,3293,2
3271,3294,2
3271,3295,2
3272,3273,3
3272,3274,3
3272,3275,2
3272,3276,3
3272,3277,2
3272,3278,3
3272,3279,2
3272,3280,2
3272,3281,3
3272,3282,3
3272,3283,3
3272,3284,3
3272,3285,3
3272,3286,3
3272,3287,3
3272,3288,3
3272,3289,3
3272,3290,3
3272,3291,2
3272,3292,3
3272,3293,3
3272,3294,2
3272,3295,3
3273,3274,3
3273,3275,2
3273,3276,3
3273,3277,2
3273,3278,3
3273,3279,2
3273,3280,2
3273,3281,3
3273,3282,3
3273,3283,3
3273,3284,3
3273,3285,3
3273,3286,3
3273,3287,3
3273,3288,3
3273,3289,3
3273,3290,3
3273,3291,2
3273,3292,3
3273,3293,3
3273,3294,2
3273,3295,3
3273,4381,2
3274,3275,2
3274,3276,3
3274,3277,2
3274,3278,3
3274,3279,2
3274,3280,2
3274,3281,3
3274,3282,3
3274,3283,3
3274,3284,3
3274,3285,3
3274,3286,3
3274,3287,3
3274,3288,3
3274,3289,3
3274,3290,3
3274,3291,2
3274,3292,3
3274,3293,3
3274,3294,2
3274,3295,3
3275,3276,2
3275,3277,2
3275,3278,2
3275,3279,2
3275,3280,2
3275,3281,2
3275,3282,2
3275,3283,2
3275,3284,2
3275,3285,2
3275,3286,2
3275,3287,2
3275,3288,2
3275,3289,2
3275,3290,2
3275,3291,2
3275,3292,2
3275,3293,2
3275,3294,2
3275,3295,2
3276,3277,2
3276,3278,3
3276,3279,2
3276,3280,2
3276,3281,3
3276,3282,3
3276,3283,3
3276,3284,3
3276,3285,3
3276,3286,3
3276,3287,3
3276,3288,3
3276,3289,3
3276,3290,3
3276,3291,2
3276,3292,3
3276,3293,3
3276,3294,2
3276,3295,3
3277,3278,2
3277,3279,2
3277,3280,2
3277,3281,2
3277,3282,2
3277,3283,2
3277,3284,2
3277,3285,2
3277,3286,2
3277,3287,2
3277,3288,2
3277,3289,2
3277,3290,2
3277,3291,2
3277,3292,2
3277,3293,2
3277,3294,2
3277,3295,2
3278,3279,2
3278,3280,2
3278,3281,3
3278,3282,3
3278,3283,3
3278,3284,3
3278,3285,3
3278,3286,3
3278,3287,3
3278,3288,3
3278,3289,3
3278,3290,3
3278,3291,2
3278,3292,3
3278,3293,3
3278,3294,2
3278,3295,3
3279,3280,2
3279,3281,2
3279,3282,2
3279,3283,2
3279,3284,2
3279,3285,2
3279,3286,2
3279,3287,2
3279,3288,2
3279,3289,2
3279,3290,2
3279,3291,2
3279,3292,2
3279,3293,2
3279,3294,2
3279,3295,2
3280,3281,2
3280,3282,2
3280,3283,2
3280,3284,2
3280,3285,2
3280,3286,2
3280,3287,2
3280,3288,2
3280,3289,2
3280,3290,2
3280,3291,2
3280,3292,2
3280,3293,2
3280,3294,2
3280,3295,2
3281,3282,3
3281,3283,3
3281,3284,3
3281,3285,3
3281,3286,3
3281,3287,3
3281,3288,3
3281,3289,3
3281,3290,3
3281,3291,2
3281,3292,3
3281,3293,3
3281,3294,2
3281,3295,3
3282,3283,3
3282,3284,3
3282,3285,3
3282,3286,3
3282,3287,3
3282,3288,3
3282,3289,3
3282,3290,3
3282,3291,2
3282,3292,3
3282,3293,3
3282,3294,2
3282,3295,3
3283,3284,3
3283,3285,3
3283,3286,3
3283,3287,3
3283,3288,3
3283,3289,3
3283,3290,3
3283,3291,2
3283,3292,3
3283,3293,3
3283,3294,2
3283,3295,3
3284,3285,3
3284,3286,3
3284,3287,3
3284,3288,3
3284,3289,3
3284,3290,3
3284,3291,2
3284,3292,3
3284,3293,3
3284,3294,2
3284,3295,3
3285,3286,3
3285,3287,3
3285,3288,3
3285,3289,3
3285,3290,3
3285,3291,2
3285,3292,3
3285,3293,3
3285,3294,2
3285,3295,3
3286,3287,3
3286,3288,3
3286,3289,3
3286,3290,3
3286,3291,2
3286,3292,3
3286,3293,3
3286,3294,2
3286,3295,3
3287,3288,3
3287,3289,3
3287,3290,3
3287,3291,2
3287,3292,3
3287,3293,3
3287,3294,2
3287,3295,3
3288,3289,3
3288,3290,3
3288,3291,2
3288,3292,3
3288,3293,3
3288,3294,2
3288,3295,3
3289,3290,3
3289,3291,2
3289,3292,3
3289,3293,3
3289,3294,2
3289,3295,3
3290,3291,2
3290,3292,3
3290,3293,3
3290,3294,2
3290,3295,3
3291,3292,2
3291,3293,2
3291,3294,2
3291,3295,2
3292,3293,3
3292,3294,2
3292,3295,3
3293,3294,2
3293,3295,3
3294,3295,2
3295,4118,2
3295,4119,2
3295,4120,2
3299,3313,2
3299,4110,5
3299,4111,2
3299,4565,3
3299,4566,3
3299,4567,2
3302,3587,2
3302,3588,2
3302,3589,2
3302,3590,2
3304,4733,2
3304,4734,2
3304,5434,4
3304,5502,4
3304,4709,4
3304,5503,2
3304,5504,2
3304,5521,2
3304,5530,2
3308,3309,3
3308,3310,3
3309,3310,3
3311,3312,2
3316,3317,2
3316,3318,2
3316,3319,2
3317,3318,2
3317,3319,2
3318,3319,2
3320,4464,2
3320,4359,2
3320,4465,2
3320,4466,2
3320,4467,2
3320,4468,2
3320,4469,2
3322,4786,8
3322,4787,9
3322,4788,6
3323,4660,3
3325,3658,2
3325,4729,2
3325,3660,2
3325,4730,2
3327,3328,2
3327,3329,2
3327,3330,2
3327,3331,2
3327,3332,2
3328,3329,2
3328,3330,2
3328,3331,2
3328,3332,2
3329,3330,2
3329,3331,2
3329,3332,2
3330,3331,2
3330,3332,2
3331,3332,2
3334,3335,2
3336,3837,11
3336,3838,2
3336,3839,2
3336,3840,2
3336,3841,2
3336,3842,2
3336,3843,2
3336,4646,2
3336,5391,2
3336,5392,2
3336,5328,2
3336,4257,2
3336,5473,6
3336,5311,6
3336,5475,2
3341,3342,2
3341,3343,2
3341,3344,2
3341,3345,2
3342,3343,3
3342,3344,3
3342,3345,3
3342,3346,2
3343,3344,3
3343,3345,3
3343,3346,2
3344,3345,3
3344,3346,2
3344,5292,3
3344,3724,3
3344,5296,2
3344,5293,2
3344,5294,3
3344,5295,3
3344,3457,3
3345,3346,2
3349,3350,2
3350,5536,2
3352,3353,2
3352,3354,2
3353,3354,2
3354,5073,3
3354,5074,2
3354,5075,3
3356,3357,3
3356,3358,3
3356,3359,3
3357,3358,3
3357,3359,3
3358,3359,3
3358,3837,4
3358,4482,4
3358,4483,4
3358,4484,4
3358,4485,3
3358,4486,4
3360,4358,7
3360,4344,2
3360,4343,14
3360,4912,2
3360,4913,2
3360,4914,2
3360,4915,2
3362,5055,2
3363,3364,2
3368,3369,2
3370,5027,3
3370,5028,3
3370,5029,3
3371,4978,3
3371,4979,4
3371,3374,4
3371,4984,2
3372,3373,7
3372,3375,3
3373,3375,2
3374,4793,2
3374,4794,2
3374,4978,3
3374,4979,7
3374,4984,3
3374,4985,2
3379,4814,2
3379,4940,2
3379,4941,2
3383,3384,7
3383,3387,5
3383,3396,2
3384,3387,3
3384,3396,2
3386,3404,2
3388,4715,2
3388,4716,2
3390,3391,2
3390,3392,2
3390,3393,2
3390,3394,2
3391,3392,2
3391,3393,2
3391,3394,2
3392,3395,2
3392,3393,3
3392,3394,3
3392,3397,2
3393,3395,2
3393,3394,3
3393,3397,2
3394,3395,2
3394,3397,2
3398,3399,2
3400,3401,4
3400,3402,2
3400,5517,2
3401,3402,2
3401,5517,2
3404,4246,3
3404,4845,3
3404,4846,3
3404,4847,3
3404,4848,3
3404,4849,3
3404,3498,3
3404,4850,3
3404,4851,3
3404,4852,3
3404,4853,3
3404,4856,2
3404,5213,4
3404,5214,2
3404,5527,2
3404,5528,2
3406,3407,9
3406,3408,9
3406,3413,2
3407,3408,10
3407,3413,2
3408,3413,2
3408,3685,4
3408,5103,3
3408,5098,3
3408,4977,2
3408,5141,2
3410,3411,3
3410,3412,2
3411,3412,2
3417,3418,2
3419,3420,2
3420,4115,2
3420,4116,2
3421,3422,2
3421,4268,6
3421,4278,6
3421,4279,6
3422,3423,4
3422,3436,3
3422,5224,2
3423,3436,2
3423,5224,2
3424,3425,4
3424,3426,7
3424,3427,6
3424,3428,6
3424,3429,7
3424,3430,5
3424,3431,4
3424,3432,5
3424,3461,2
3425,3426,4
3425,3427,4
3425,3428,4
3425,3429,4
3425,3430,4
3425,3431,3
3425,3432,3
3426,3427,6
3426,3428,6
3426,3429,7
3426,3430,5
3426,3431,4
3426,3432,5
3426,3461,2
3426,4755,4
3426,4867,2
3426,5357,6
3426,5358,8
3426,5359,6
3426,5360,6
3426,5361,3
3426,5362,3
3426,5363,5
3426,5369,2
3427,3428,6
3427,3429,6
3427,3430,4
3427,3431,3
3427,3432,4
3427,3461,2
3428,3429,6
3428,3430,4
3428,3431,3
3428,3432,4
3428,3461,2
3429,3430,5
3429,3431,4
3429,3432,5
3429,3461,2
3430,3431,4
3430,3432,4
3431,3432,4
3433,3434,3
3433,3435,2
3434,3435,2
3434,3458,2
3434,3459,2
3434,3460,2
3437,4884,2
3437,4885,3
3437,4886,3
3437,4887,3
3437,4888,3
3437,4889,3
3437,4890,3
3439,3440,5
3439,4832,2
3439,4795,3
3440,4832,2
3440,4795,4
3444,3445,2
3444,3446,2
3444,3447,2
3444,3448,2
3444,3449,2
3444,3450,2
3444,3451,2
3444,3452,2
3444,3453,2
3444,3454,2
3444,3455,2
3444,3456,2
3444,3457,2
3445,3446,2
3445,3447,2
3445,3448,2
3445,3449,2
3445,3450,2
3445,3451,2
3445,3452,2
3445,3453,2
3445,3454,2
3445,3455,2
3445,3456,2
3445,3457,2
3446,3447,2
3446,3448,2
3446,3449,2
3446,3450,2
3446,3451,2
3446,3452,2
3446,3453,2
3446,3454,2
3446,3455,2
3446,3456,2
3446,3457,2
3447,3448,2
3447,3449,2
3447,3450,2
3447,3451,2
3447,3452,2
3447,3453,2
3447,3454,2
3447,3455,2
3447,3456,2
3447,3457,2
3448,3449,2
3448,3450,2
3448,3451,2
3448,3452,2
3448,3453,2
3448,3454,2
3448,3455,2
3448,3456,2
3448,3457,2
3449,3450,2
3449,3451,2
3449,3452,2
3449,3453,2
3449,3454,2
3449,3455,2
3449,3456,2
3449,3457,2
3450,3451,2
3450,3452,2
3450,3453,2
3450,3454,2
3450,3455,2
3450,3456,2
3450,3457,2
3451,3452,2
3451,3453,2
3451,3454,2
3451,3455,2
3451,3456,2
3451,3457,2
3452,3453,2
3452,3454,2
3452,3455,2
3452,3456,2
3452,3457,2
3453,3454,2
3453,3455,2
3453,3456,2
3453,3457,4
3453,4176,2
3453,4636,2
3453,4637,2
3453,4638,2
3453,4639,2
3453,4640,2
3453,4641,2
3453,4642,2
3453,4643,2
3453,4644,2
3453,4645,2
3454,3455,2
3454,3456,2
3454,3457,2
3455,3456,2
3455,3457,2
3456,3457,2
3457,4176,2
3457,4636,2
3457,4637,2
3457,4638,2
3457,4639,2
3457,4640,2
3457,4641,2
3457,4642,2
3457,4643,2
3457,4644,2
3457,4645,2
3457,5292,3
3457,3724,3
3457,5296,2
3457,5293,2
3457,5294,3
3457,5295,3
3458,3459,2
3458,3460,2
3459,3460,2
3463,3464,7
3463,4453,5
3463,5221,4
3463,5222,2
3463,5223,5
3463,5247,4
3463,5248,3
3463,4417,3
3463,5234,4
3463,5249,3
3463,5250,3
3463,5251,4
3463,5252,3
3463,5253,2
3464,4453,5
3464,5221,4
3464,5222,2
3464,5223,5
3464,5247,4
3464,5248,3
3464,4417,3
3464,5234,4
3464,5249,3
3464,5250,3
3464,5251,4
3464,5252,3
3464,5253,2
3465,3920,4
3465,3921,4
3465,3922,4
3465,3923,4
3465,3551,5
3465,3924,4
3465,3925,2
3465,3926,4
3465,3552,5
3465,3927,4
3465,4024,3
3465,4025,2
3466,3495,5
3466,3496,6
3466,3497,4
3466,3498,6
3466,3499,6
3466,3500,3
3466,4183,3
3466,5565,3
3466,5572,2
3467,3468,2
3467,3469,2
3467,3470,2
3468,3469,2
3468,3470,2
3469,3470,2
3472,3473,3
3475,3476,3
3475,3477,2
3475,3478,2
3475,3479,2
3475,3480,2
3475,3481,2
3475,3482,2
3475,3483,3
3476,3477,4
3476,3478,4
3476,3479,4
3476,3480,4
3476,3481,3
3476,3482,4
3476,3483,6
3476,4554,2
3476,4555,2
3476,4556,2
3476,4557,2
3476,4558,2
3476,4559,2
3476,4560,2
3477,3478,4
3477,3479,4
3477,3480,4
3477,3481,2
3477,3482,4
3477,3483,4
3478,3479,4
3478,3480,4
3478,3481,2
3478,3482,4
3478,3483,4
3479,3480,4
3479,3481,2
3479,3482,4
3479,3483,4
3480,3481,2
3480,3482,4
3480,3483,4
3481,3482,2
3481,3483,3
3482,3483,4
3483,4554,2
3483,4555,2
3483,4556,2
3483,4557,2
3483,4558,2
3483,4559,2
3483,4560,2
3484,3485,5
3484,3486,5
3484,3487,4
3484,3488,5
3484,3489,3
3484,3490,4
3484,3491,5
3485,3486,6
3485,3487,5
3485,3488,6
3485,3489,3
3485,3490,5
3485,3491,5
3486,3487,5
3486,3488,6
3486,3489,3
3486,3490,5
3486,3491,5
3487,3488,7
3487,3489,3
3487,3490,7
3487,3491,6
3487,4923,3
3487,4924,3
3488,3489,3
3488,3490,7
3488,3491,7
3489,3490,3
3489,3491,3
3490,3491,6
3495,3496,5
3495,3497,4
3495,3498,5
3495,3499,5
3495,3500,3
3496,3497,4
3496,3498,6
3496,3499,6
3496,3500,3
3497,3498,4
3497,3499,4
3497,3500,3
3498,3499,6
3498,3500,3
3498,4246,3
3498,4845,3
3498,4846,3
3498,4854,2
3498,4847,3
3498,4848,3
3498,4849,3
3498,4850,3
3498,4851,3
3498,4852,3
3498,4855,2
3498,4853,3
3498,4856,2
3499,3500,3
3501,3502,3
3501,3503,3
3501,3504,3
3502,3503,3
3502,3504,3
3503,3504,3
3505,3643,2
3505,3556,2
3505,3644,2
3505,3645,2
3505,3646,2
3506,3507,4
3506,3508,4
3507,3508,4
3509,3510,3
3509,3527,2
3510,3511,2
3510,3512,2
3510,3527,3
3511,3512,2
3513,3808,2
3513,4679,5
3513,4680,2
3514,4815,2
3514,4826,2
3514,4658,2
3514,3929,2
3514,5322,2
3514,5560,2
3514,5561,2
3517,5312,2
3518,3519,3
3521,3522,2
3524,3525,2
3525,3526,2
3527,3530,4
3527,3531,3
3527,3532,2
3529,5527,6
3529,5528,6
3530,3531,2
3530,3532,2
3530,5105,2
3530,5106,3
3530,5107,3
3530,4266,3
3530,5108,3
3531,3532,2
3533,3535,2
3533,3536,2
3533,3537,2
3533,3538,2
3533,3539,2
3533,3540,2
3533,3541,2
3533,3543,2
3535,3536,2
3535,3537,2
3535,3538,2
3535,3539,2
3535,3540,2
3535,3541,2
3535,3543,2
3535,5043,2
3535,5044,2
3535,4732,2
3536,3537,2
3536,3538,2
3536,3539,2
3536,3540,2
3536,3541,2
3536,3543,2
3537,3538,2
3537,3539,2
3537,3540,2
3537,3541,2
3537,3542,3
3537,3543,2
3537,5045,3
3537,5094,2
3537,4193,2
3537,5095,2
3537,3653,2
3538,3539,2
3538,3540,2
3538,3541,2
3538,3543,2
3539,3540,2
3539,3541,2
3539,3543,2
3540,3541,2
3540,3543,2
3541,3543,2
3541,4732,2
3542,5045,2
3542,5094,2
3542,4193,2
3542,5095,2
3542,3653,2
3544,3545,2
3544,3546,4
3544,3547,3
3545,3546,2
3546,3547,3
3548,3549,15
3548,3550,13
3548,3563,3
3548,3559,6
3548,3564,4
3548,3565,2
3549,3550,8
3549,3563,2
3549,3559,4
3549,3564,4
3550,3563,3
3550,3559,3
3551,3552,27
3551,3553,2
3551,3920,4
3551,3921,4
3551,3922,4
3551,3923,4
3551,3924,4
3551,3928,2
3551,3925,2
3551,3926,4
3551,3927,4
3551,4024,3
3551,4025,2
3551,4290,2
3551,4291,2
3551,4059,7
3551,4370,2
3551,4356,3
3551,4378,2
3551,4379,2
3551,4479,2
3551,4525,2
3551,4526,5
3551,4256,3
3551,4527,5
3551,4528,3
3551,4529,2
3551,4530,2
3551,4534,2
3551,4531,5
3551,4532,3
3551,4533,3
3551,3901,5
3551,3788,4
3551,3620,2
3551,4535,2
3551,5123,2
3551,5124,2
3551,5125,2
3551,4916,3
3552,3553,2
3552,3920,4
3552,3921,4
3552,3922,4
3552,3923,4
3552,3924,4
3552,3928,2
3552,3925,2
3552,3926,4
3552,3927,4
3552,4024,3
3552,4025,2
3552,4059,11
3552,4290,2
3552,4291,2
3552,4370,2
3552,4356,3
3552,4378,2
3552,4379,2
3552,4479,2
3552,4525,2
3552,4526,5
3552,4256,3
3552,4527,5
3552,4528,3
3552,4529,2
3552,4530,2
3552,4534,4
3552,4531,5
3552,4532,3
3552,4533,3
3552,3901,5
3552,3788,4
3552,3620,2
3552,4535,2
3552,4785,2
3552,5123,2
3552,5124,2
3552,5125,2
3552,4916,3
3555,3556,2
3556,3643,2
3556,3644,2
3556,3645,3
3556,3646,3
3557,3558,4
3559,3564,2
3559,3563,2
3559,5614,5
3559,5615,4
3559,3756,2
3560,3694,3
3560,3696,2
3560,3666,2
3568,4055,5
3568,4056,5
3568,4057,4
3568,4058,5
3568,3935,5
3568,3936,5
3568,4065,4
3569,4709,4
3569,5538,3
3569,5533,3
3569,5534,3
3570,4224,2
3570,4225,2
3570,4226,2
3570,4227,2
3572,4893,2
3572,4894,2
3572,5324,2
3572,5325,2
3574,3575,9
3574,3576,10
3574,3577,7
3574,3578,7
3574,3579,8
3574,3580,8
3574,3581,9
3574,3660,5
3575,3576,9
3575,3577,7
3575,3578,7
3575,3579,8
3575,3580,8
3575,3581,9
3575,3660,5
3576,3577,8
3576,3578,8
3576,3579,9
3576,3580,8
3576,3581,9
3576,3660,6
3576,4576,5
3577,3578,8
3577,3579,8
3577,3580,7
3577,3581,7
3577,3660,6
3578,3579,8
3578,3580,7
3578,3581,7
3578,3660,6
3578,4903,4
3578,4904,3
3579,3580,8
3579,3581,8
3579,3660,6
3580,3581,8
3580,3660,5
3581,3660,5
3585,3687,2
3586,4814,2
3586,4941,2
3587,3588,2
3587,3589,2
3587,3590,2
3588,3589,2
3588,3590,2
3589,3590,2
3590,5215,5
3590,5216,5
3590,5217,7
3590,5218,8
3590,5219,8
3590,5226,8
3590,5227,8
3590,5230,10
3590,5231,6
3590,5232,7
3590,5233,7
3590,4616,6
3590,5235,6
3590,5236,6
3590,5237,6
3590,5239,4
3590,5240,4
3592,3593,2
3592,3594,2
3592,3595,2
3592,3596,9
3592,3598,9
3592,3670,5
3592,3671,5
3592,3672,5
3592,3673,5
3592,3674,7
3592,3675,4
3592,3676,4
3592,3677,5
3592,3678,5
3592,3679,5
3592,3680,4
3592,3681,7
3592,3682,8
3592,3666,18
3592,3683,5
3592,3684,4
3592,3693,2
3592,3694,2
3592,3695,2
3592,3696,8
3592,3700,5
3592,4108,3
3592,4101,3
3592,4109,2
3592,4102,3
3592,3836,3
3592,3833,6
3592,4369,2
3592,3828,7
3592,4395,2
3592,4396,3
3592,4367,7
3592,4398,2
3592,3835,7
3592,4399,2
3592,4400,4
3592,4401,2
3592,4402,2
3592,4415,6
3592,3985,3
3592,4416,3
3592,4419,2
3592,4368,2
3592,4427,2
3592,4414,2
3592,5431,2
3592,5432,2
3593,3594,2
3593,3595,2
3594,3595,2
3596,3598,10
3596,4415,4
3596,3985,3
3596,3828,9
3596,3700,2
3596,3666,8
3596,4416,2
3596,4400,4
3596,4368,3
3596,4367,5
3596,3835,4
3596,3681,2
3596,4426,2
3596,4427,2
3596,5596,2
3596,4318,2
3596,5597,2
3596,4982,2
3596,5598,2
3596,5599,2
3598,3827,3
3598,3831,2
3598,3696,4
3598,4367,5
3598,3835,3
3598,3681,2
3598,3682,2
3598,4399,2
3598,4400,3
3598,4401,2
3598,4415,4
3598,3985,3
3598,3828,5
3598,3700,3
3598,3666,7
3598,4416,3
3598,5596,2
3598,4318,2
3598,5597,2
3598,4982,3
3598,5598,2
3598,3784,2
3598,5599,3
3599,3637,3
3600,3601,3
3602,3603,2
3605,4459,4
3605,4460,4
3605,3705,3
3605,4476,2
3605,5499,2
3605,5500,2
3606,3607,2
3606,3608,2
3606,3609,2
3606,3610,2
3606,3615,3
3606,3616,3
3606,4082,2
3607,3610,2
3608,3611,2
3608,3609,2
3608,3615,2
3608,3616,2
3608,3617,3
3608,4077,3
3608,4079,4
3608,4080,4
3608,4081,2
3608,4082,3
3608,4083,3
3611,5005,2
3611,5006,2
3611,5007,2
3611,5008,2
3612,3613,13
3612,3614,13
3612,5556,4
3612,5600,2
3613,3614,14
3613,5556,4
3613,5600,2
3614,5556,4
3614,5600,2
3615,3616,4
3615,3617,2
3615,3618,2
3615,3619,2
3615,3620,2
3615,4082,2
3616,3617,2
3616,3618,2
3616,3619,2
3616,3620,2
3616,4082,2
3617,3618,2
3617,3619,2
3617,3620,2
3617,4079,2
3617,4080,2
3617,4081,2
3617,4077,2
3618,3619,2
3618,3620,2
3619,3620,2
3620,4526,2
3620,4256,2
3620,4527,2
3620,4531,2
3620,4532,2
3620,4533,2
3620,3901,2
3620,3788,2
3621,3622,4
3621,3623,4
3621,3858,2
3621,5086,3
3621,5087,2
3621,5088,3
3621,5089,2
3622,3623,4
3622,3858,2
3623,3858,2
3624,5115,4
3624,5116,5
3624,5117,5
3624,5118,3
3625,3626,2
3625,3627,3
3625,3628,2
3625,4477,2
3625,4059,3
3625,4428,3
3625,4487,2
3625,4488,2
3625,4479,2
3625,4480,2
3626,3627,4
3626,3628,2
3627,3628,2
3629,3632,2
3631,5521,2
3631,5502,2
3631,4709,2
3633,3634,2
3633,3635,2
3633,3636,2
3633,4321,7
3633,4322,6
3633,4323,7
3633,4324,6
3633,4325,8
3633,4326,6
3633,4327,6
3633,4328,6
3633,4329,6
3633,4259,7
3633,4330,8
3633,4331,8
3633,4332,8
3633,4218,6
3633,4352,2
3634,3635,2
3634,3636,2
3635,3636,2
3637,4282,16
3637,4283,17
3637,4284,17
3637,4285,17
3637,4286,17
3638,4882,3
3638,4883,2
3638,4992,2
3638,4880,2
3642,3796,10
3642,3797,27
3642,3804,8
3642,3799,10
3642,3798,5
3642,3814,2
3642,3805,5
3642,3815,5
3642,3846,10
3642,4087,15
3642,3819,2
3642,4100,2
3643,3644,2
3643,3645,3
3643,3646,2
3644,3645,2
3644,3646,2
3645,3646,3
3647,3648,2
3647,3649,2
3647,3650,2
3648,3649,2
3648,3650,2
3649,3650,2
3653,4193,4
3653,5045,2
3653,5094,3
3653,5095,2
3654,5079,2
3654,5080,2
3654,5081,2
3654,5082,2
3654,5083,2
3654,5084,2
3655,4297,2
3655,4298,2
3655,4517,3
3655,4518,2
3655,4519,2
3655,4520,2
3655,4521,6
3655,5114,3
3656,5537,2
3656,4380,2
3656,4709,2
3658,4729,2
3658,3660,2
3658,4730,2
3660,4729,2
3660,4730,2
3661,3662,2
3661,3663,2
3661,3664,3
3661,4721,2
3661,5050,2
3661,5051,2
3661,3913,2
3662,3663,2
3662,3664,2
3663,3664,2
3666,3670,5
3666,3671,5
3666,3672,5
3666,3673,5
3666,3674,7
3666,3675,4
3666,3676,4
3666,3677,5
3666,3678,5
3666,3679,5
3666,3680,4
3666,3681,4
3666,3682,5
3666,3683,5
3666,3684,4
3666,3693,2
3666,3694,3
3666,3695,2
3666,3696,5
3666,3700,5
3666,4104,3
3666,4105,2
3666,4106,3
3666,4107,2
3666,3836,3
3666,4375,9
3666,4374,2
3666,4373,2
3666,4376,3
3666,3833,4
3666,4369,3
3666,3828,9
3666,4395,2
3666,4396,3
3666,4402,2
3666,4415,4
3666,3985,2
3666,4416,2
3666,4367,5
3666,4419,2
3666,4426,2
3666,4368,3
3666,4427,4
3666,3835,3
3666,4430,2
3666,4441,3
3666,4442,4
3666,4443,2
3666,4446,4
3666,4447,2
3666,4448,4
3666,3831,2
3666,4449,3
3666,4909,3
3667,3685,5
3667,5053,7
3667,5054,4
3667,5103,3
3670,3671,5
3670,3672,5
3670,3673,5
3670,3674,5
3670,3675,4
3670,3676,4
3670,3677,5
3670,3678,5
3670,3679,4
3670,3680,4
3670,3681,2
3670,3682,4
3670,3683,5
3670,3684,4
3671,3672,5
3671,3673,5
3671,3674,5
3671,3675,4
3671,3676,4
3671,3677,5
3671,3678,5
3671,3679,4
3671,3680,4
3671,3681,2
3671,3682,4
3671,3683,5
3671,3684,4
3672,3673,5
3672,3674,5
3672,3675,4
3672,3676,4
3672,3677,5
3672,3678,5
3672,3679,4
3672,3680,4
3672,3681,2
3672,3682,4
3672,3683,5
3672,3684,4
3673,3674,5
3673,3675,4
3673,3676,4
3673,3677,5
3673,3678,5
3673,3679,4
3673,3680,4
3673,3681,2
3673,3682,4
3673,3683,5
3673,3684,4
3674,3675,4
3674,3676,4
3674,3677,5
3674,3678,5
3674,3679,4
3674,3680,4
3674,3681,3
3674,3682,4
3674,3683,5
3674,3684,4
3675,3676,4
3675,3677,4
3675,3678,4
3675,3679,4
3675,3680,4
3675,3682,4
3675,3683,4
3675,3684,4
3676,3677,4
3676,3678,4
3676,3679,4
3676,3680,4
3676,3682,4
3676,3683,4
3676,3684,4
3677,3678,5
3677,3679,4
3677,3680,4
3677,3681,2
3677,3682,4
3677,3683,5
3677,3684,4
3678,3679,4
3678,3680,4
3678,3681,2
3678,3682,4
3678,3683,5
3678,3684,4
3679,3680,4
3679,3682,5
3679,3683,4
3679,3684,4
3680,3682,4
3680,3683,4
3680,3684,4
3681,3682,5
3681,3683,2
3681,3699,2
3681,3700,2
3681,3696,8
3681,3827,4
3681,3829,2
3681,3830,2
3681,3833,3
3681,3836,2
3681,3835,5
3681,3828,3
3681,4367,3
3681,4398,2
3681,4399,2
3681,4400,3
3681,4401,2
3681,5311,2
3681,5520,2
3681,5521,3
3681,4734,2
3681,4709,4
3681,5502,2
3681,5503,2
3681,5523,2
3681,5488,2
3682,3683,4
3682,3684,4
3682,4374,3
3682,3696,3
3682,3833,4
3682,4367,3
3682,4398,2
3682,3835,3
3682,4399,2
3682,4400,3
3682,4401,2
3682,3828,2
3683,3684,4
3685,5053,5
3685,5061,4
3685,5098,13
3685,4977,4
3685,5103,17
3685,5109,3
3685,5110,2
3685,5126,4
3685,5127,6
3685,5129,2
3685,5141,2
3686,4691,4
3686,4694,4
3690,3746,3
3690,3692,2
3690,3795,2
3691,3803,2
3691,3746,2
3692,3795,2
3693,3696,2
3693,4355,2
3694,3696,2
3694,4472,2
3696,3700,2
3696,3827,8
3696,3828,4
3696,3829,3
3696,3833,3
3696,3789,2
3696,4108,2
3696,4101,3
3696,4102,2
3696,4199,2
3696,4200,2
3696,4201,2
3696,3871,2
3696,4367,2
3696,4369,2
3696,3835,2
3696,3836,3
3696,4375,2
3696,4374,4
3696,4373,2
3696,5451,2
3696,5521,2
3696,5502,2
3696,4709,4
3696,5503,2
3696,5523,2
3696,5488,3
3696,4380,2
3698,4814,2
3698,4815,2
3698,4816,2
3698,4817,2
3699,4617,4
3699,4631,2
3700,3828,3
3700,4396,2
3700,4415,2
3700,4400,2
3700,4367,2
3700,3835,2
3700,4374,2
3701,3702,3
3701,3703,3
3702,3703,3
3704,3705,3
3704,4796,2
3704,4363,2
3705,4459,3
3705,4460,3
3705,4476,2
3705,4763,2
3705,4764,2
3705,4765,2
3705,4766,2
3705,4767,2
3705,4768,2
3705,4769,2
3705,4770,2
3705,4771,2
3705,4772,2
3705,4796,3
3705,4363,2
3706,5573,10
3706,5574,11
3706,3789,8
3706,5576,4
3706,3871,5
3706,5160,9
3706,5553,10
3706,5554,10
3706,4275,2
3706,5120,2
3706,5581,2
3706,5582,2
3706,5590,2
3706,5555,2
3707,3736,5
3707,3737,6
3707,3738,6
3707,3739,5
3707,3740,5
3707,3752,2
3708,3709,3
3709,3710,2
3709,3730,2
3711,3712,15
3711,3785,9
3711,3786,11
3711,3787,12
3711,3790,3
3711,3791,2
3712,3785,9
3712,3786,11
3712,3787,12
3712,3790,3
3712,3791,2
3714,3715,2
3714,3716,2
3715,3716,2
3717,3718,11
3717,3719,5
3717,3720,10
3717,3721,10
3717,3876,4
3718,3719,5
3718,3720,10
3718,3721,10
3718,3876,4
3719,3720,5
3719,3721,5
3719,3876,2
3720,3721,10
3720,3875,2
3720,3876,4
3721,3876,4
3721,3998,4
3721,4709,3
3721,3966,2
3721,5507,2
3721,5508,2
3721,5509,2
3721,5510,2
3721,5511,2
3721,5512,2
3721,5513,2
3722,3850,4
3722,3848,2
3722,3851,3
3722,3852,3
3722,3853,3
3722,3855,2
3724,5292,3
3724,5296,2
3724,5293,2
3724,5294,3
3724,5295,3
3725,3727,3
3725,5506,2
3727,5506,2
3729,5284,2
3729,5285,3
3729,5286,5
3732,3733,2
3732,3734,2
3733,3734,2
3736,3737,6
3736,3738,6
3736,3739,6
3736,3740,6
3736,3752,2
3737,3738,7
3737,3739,6
3737,3740,6
3737,3752,2
3738,3739,6
3738,3740,6
3738,3752,2
3739,3740,6
3739,3752,2
3740,3752,2
3742,3743,3
3742,3744,3
3742,3745,3
3743,3744,3
3743,3745,3
3744,3745,3
3746,3803,2
3747,3748,2
3747,3749,2
3747,3750,2
3747,3751,2
3748,3749,2
3748,3750,2
3748,3751,2
3749,3750,2
3749,3751,2
3750,3751,2
3755,3756,2
3755,3757,4
3755,3758,4
3755,3759,2
3755,3760,3
3756,3757,2
3756,3758,2
3756,5614,2
3756,5615,2
3757,3758,4
3757,3759,2
3757,3760,3
3757,4538,6
3757,4539,7
3757,4201,2
3757,4540,6
3758,3759,2
3758,3760,3
3758,5120,2
3759,3760,2
3761,3763,5
3761,3764,3
3761,3847,2
3762,3763,2
3762,3764,2
3763,3764,4
3763,3847,2
3764,3847,2
3766,3767,4
3766,3768,2
3766,3769,9
3766,3770,9
3766,3780,2
3766,3818,3
3766,4341,2
3767,3768,2
3767,3769,4
3767,3770,4
3768,3769,2
3768,3770,2
3769,3770,9
3769,3818,3
3770,3818,3
3773,3775,4
3775,4562,3
3775,4563,3
3776,3777,3
3776,3941,4
3776,3974,4
3776,3978,2
3776,4054,2
3777,4054,2
3781,3929,3
3781,5319,2
3781,5320,3
3781,5322,2
3782,3783,2
3784,4982,2
3784,5599,2
3785,3786,8
3785,3787,8
3786,3787,11
3786,3790,2
3787,3790,3
3787,3791,2
3788,3889,4
3788,3890,5
3788,3892,2
3788,3899,3
3788,3900,3
3788,3901,28
3788,3902,3
3788,4242,3
3788,4243,3
3788,4525,2
3788,4526,4
3788,4256,3
3788,4527,4
3788,4528,2
3788,4529,2
3788,4530,2
3788,4531,4
3788,4532,3
3788,4533,3
3788,4645,9
3788,5272,7
3788,5291,2
3788,5353,11
3788,5354,10
3788,5317,7
3789,5555,4
3789,5553,11
3789,5554,12
3789,5120,2
3789,5573,12
3789,5574,13
3789,5575,2
3789,5576,5
3789,3871,9
3789,5160,12
3789,5581,6
3789,5582,5
3789,4275,5
3789,5590,2
3792,3816,3
3792,3817,3
3792,3823,2
3793,5184,2
3794,3795,2
3796,3797,18
3796,3798,9
3796,3799,15
3796,3804,10
3796,3805,6
3796,3815,5
3796,3814,2
3797,3798,11
3797,3799,19
3797,3804,18
3797,3805,9
3797,3814,5
3797,3815,8
3797,3819,2
3797,3846,7
3797,4087,14
3797,4100,2
3797,5069,2
3797,5070,13
3797,4440,12
3798,3799,9
3798,3804,9
3798,3805,8
3798,3814,4
3798,3815,7
3799,3804,13
3799,3805,8
3799,3814,5
3799,3815,7
3799,5053,2
3799,4827,2
3799,4564,2
3801,4211,3
3801,4206,3
3802,4206,3
3802,4211,2
3804,3805,9
3804,3814,5
3804,3815,8
3804,5070,3
3804,4440,4
3805,3814,5
3805,3815,8
3810,5403,2
3810,5404,2
3810,5405,2
3811,3812,13
3811,3813,14
3811,4052,13
3811,4053,12
3811,4064,8
3812,3813,13
3812,4052,12
3812,4053,11
3812,4064,8
3813,4052,13
3813,4053,12
3813,4064,8
3814,3815,5
3816,3817,3
3816,3823,2
3817,3823,2
3821,3822,2
3821,3823,2
3822,3823,2
3825,5539,2
3825,5540,2
3825,5541,2
3825,5542,2
3825,5543,2
3825,5544,2
3825,5545,2
3825,5546,2
3825,4672,2
3825,5547,2
3827,3828,3
3827,3829,5
3827,3830,3
3827,3831,2
3827,4754,2
3828,3829,2
3828,4367,6
3828,4368,4
3828,4369,3
3828,3835,4
3828,3836,2
3828,4395,2
3828,3833,4
3828,4396,3
3828,4402,2
3828,4400,4
3828,4415,2
3828,3985,2
3828,4416,2
3828,4426,2
3828,4427,3
3828,4430,2
3828,3986,2
3828,4374,2
3828,5596,2
3828,4318,2
3828,5597,2
3828,4982,2
3828,5598,2
3828,5599,2
3829,3830,3
3829,3831,2
3831,4446,2
3833,3836,3
3833,4374,2
3833,4373,2
3833,4369,3
3833,4395,2
3833,4396,2
3833,4367,3
3833,4398,2
3833,3835,2
3833,4400,2
3833,4402,2
3833,4413,2
3833,4419,2
3833,3986,2
3834,5120,4
3835,4367,7
3835,4368,3
3835,4398,2
3835,4399,2
3835,4400,3
3835,4401,2
3835,4415,2
3835,4427,2
3836,4374,4
3836,4369,2
3836,4395,2
3836,4396,2
3836,4605,2
3836,5171,2
3837,3838,2
3837,3839,2
3837,3840,2
3837,3841,2
3837,3842,2
3837,3843,2
3837,4482,5
3837,4483,5
3837,4484,5
3837,4485,3
3837,4486,5
3837,4646,2
3837,5392,2
3837,5473,4
3837,5311,4
3838,3839,2
3838,3840,2
3838,3841,2
3838,3842,2
3838,3843,2
3839,3840,2
3839,3841,2
3839,3842,2
3839,3843,2
3840,3841,2
3840,3842,2
3840,3843,2
3841,3842,2
3841,3843,2
3842,3843,2
3846,4087,6
3848,3849,3
3848,3850,4
3848,3851,4
3848,3852,4
3848,3853,4
3848,3854,2
3848,3855,2
3849,3850,3
3849,3851,3
3849,3852,3
3849,3853,3
3849,3854,2
3850,3851,5
3850,3852,5
3850,3853,5
3850,3854,2
3850,3855,2
3851,3852,5
3851,3853,5
3851,3854,2
3851,3855,2
3852,3853,5
3852,3854,2
3852,3855,2
3853,3854,2
3853,3855,2
3860,3861,2
3860,3862,2
3861,3862,2
3861,4482,2
3861,4172,2
3862,3866,3
3862,3867,2
3863,3864,9
3863,5071,5
3863,5072,9
3863,5246,5
3863,5242,8
3863,5245,7
3864,3865,2
3864,5242,12
3864,5023,2
3864,5245,9
3864,5071,6
3864,5072,11
3864,5246,6
3866,3867,2
3868,3869,2
3870,4387,3
3870,4864,2
3870,4995,2
3870,3872,2
3870,5119,2
3870,5128,2
3871,4496,2
3871,4497,3
3871,4498,3
3871,4499,5
3871,4773,2
3871,4774,4
3871,4775,11
3871,4776,4
3871,4809,8
3871,5573,8
3871,5574,11
3871,5576,4
3871,5160,8
3871,5581,6
3871,5582,5
3871,5553,6
3871,5554,7
3871,5589,2
3871,4275,6
3871,5590,2
3871,5555,3
3872,4995,2
3877,3878,5
3877,3879,4
3877,3880,4
3877,3881,4
3877,3882,5
3877,3883,5
3877,3884,4
3877,3885,4
3877,3886,4
3877,3887,4
3877,3888,5
3878,3879,4
3878,3880,4
3878,3881,4
3878,3882,5
3878,3883,5
3878,3884,4
3878,3885,4
3878,3886,4
3878,3887,4
3878,3888,5
3879,3880,4
3879,3881,4
3879,3882,4
3879,3883,4
3879,3884,4
3879,3885,4
3879,3886,4
3879,3887,4
3879,3888,4
3880,3881,4
3880,3882,4
3880,3883,4
3880,3884,4
3880,3885,4
3880,3886,4
3880,3887,4
3880,3888,4
3881,3882,4
3881,3883,4
3881,3884,4
3881,3885,4
3881,3886,4
3881,3887,4
3881,3888,4
3882,3883,5
3882,3884,4
3882,3885,4
3882,3886,4
3882,3887,4
3882,3888,5
3883,3884,4
3883,3885,4
3883,3886,4
3883,3887,4
3883,3888,5
3884,3885,4
3884,3886,4
3884,3887,4
3884,3888,4
3885,3886,4
3885,3887,4
3885,3888,4
3886,3887,4
3886,3888,4
3887,3888,4
3889,3890,5
3893,5097,4
3893,5130,4
3893,5131,4
3893,5132,4
3893,5133,4
3893,5134,4
3893,5135,4
3893,5136,4
3893,5137,4
3893,5138,4
3893,5139,4
3893,5140,4
3896,3897,3
3897,4289,2
3897,4513,2
3899,3900,4
3899,3901,3
3899,3902,4
3900,3901,3
3900,3902,5
3901,3902,3
3901,4273,3
3901,4306,2
3901,4301,3
3901,4307,2
3901,4311,3
3901,4302,3
3901,4303,3
3901,4525,2
3901,4526,5
3901,4256,3
3901,4527,5
3901,4528,3
3901,4529,2
3901,4530,2
3901,4531,5
3901,4532,3
3901,4533,3
3901,4535,2
3901,4645,9
3901,5272,7
3901,5291,2
3901,5353,11
3901,5354,10
3901,5317,7
3903,3904,2
3908,3914,2
3908,3915,2
3913,4721,2
3913,5050,2
3913,5051,2
3916,3917,6
3916,3918,2
3917,3918,2
3920,3921,4
3920,3922,4
3920,3923,4
3920,3924,4
3920,3925,2
3920,3926,4
3920,3927,4
3920,4024,3
3920,4025,2
3921,3922,4
3921,3923,4
3921,3924,4
3921,3925,2
3921,3926,4
3921,3927,4
3921,4024,3
3921,4025,2
3922,3923,4
3922,3924,4
3922,3925,2
3922,3926,4
3922,3927,4
3922,4024,3
3922,4025,2
3923,3924,4
3923,3925,2
3923,3926,4
3923,3927,4
3923,4024,3
3923,4025,2
3924,3925,2
3924,3926,4
3924,3927,4
3924,4024,3
3924,4025,2
3925,3926,2
3925,3927,2
3926,3927,4
3926,4024,3
3926,4025,2
3927,4024,3
3927,4025,2
3929,5319,2
3929,5320,4
3929,5321,2
3929,5322,5
3929,5323,2
3929,5560,2
3929,5561,2
3930,4954,2
3930,4955,6
3930,4956,6
3931,3932,5
3931,3933,5
3931,3943,3
3931,3934,5
3932,3933,24
3932,3934,22
3932,3943,3
3932,3968,11
3932,3982,10
3932,3983,11
3932,3984,12
3933,3934,22
3933,3943,3
3933,3968,11
3933,3982,10
3933,3983,11
3933,3984,12
3934,3943,3
3934,3968,11
3934,3982,9
3934,3983,10
3934,3984,10
3935,3936,9
3935,3942,2
3935,4055,5
3935,4056,5
3935,4057,4
3935,4058,5
3935,4065,4
3936,4055,5
3936,4056,5
3936,4057,4
3936,4058,5
3936,4065,4
3941,3976,2
3944,3945,2
3944,3946,2
3944,3947,2
3944,3948,2
3944,3949,2
3944,3950,2
3944,3951,2
3944,3952,2
3944,3953,2
3944,3954,2
3944,3955,2
3944,3956,2
3944,3957,2
3944,3958,2
3945,3946,2
3945,3947,2
3945,3948,2
3945,3949,2
3945,3950,2
3945,3951,2
3945,3952,2
3945,3953,2
3945,3954,2
3945,3955,2
3945,3956,2
3945,3957,2
3945,3958,2
3946,3947,2
3946,3948,2
3946,3949,2
3946,3950,2
3946,3951,2
3946,3952,2
3946,3953,2
3946,3954,2
3946,3955,2
3946,3956,2
3946,3957,2
3946,3958,2
3947,3948,2
3947,3949,2
3947,3950,2
3947,3951,2
3947,3952,2
3947,3953,2
3947,3954,2
3947,3955,2
3947,3956,2
3947,3957,2
3947,3958,2
3948,3949,2
3948,3950,2
3948,3951,2
3948,3952,2
3948,3953,2
3948,3954,2
3948,3955,2
3948,3956,2
3948,3957,2
3948,3958,2
3949,3950,2
3949,3951,2
3949,3952,2
3949,3953,2
3949,3954,2
3949,3955,2
3949,3956,2
3949,3957,2
3949,3958,2
3950,3951,2
3950,3952,2
3950,3953,2
3950,3954,2
3950,3955,2
3950,3956,2
3950,3957,2
3950,3958,2
3951,3952,2
3951,3953,2
3951,3954,2
3951,3955,2
3951,3956,2
3951,3957,2
3951,3958,2
3952,3953,2
3952,3954,2
3952,3955,2
3952,3956,2
3952,3957,2
3952,3958,2
3953,3954,2
3953,3955,2
3953,3956,2
3953,3957,2
3953,3958,2
3954,3955,2
3954,3956,2
3954,3957,2
3954,3958,2
3955,3956,2
3955,3957,2
3955,3958,2
3956,3957,2
3956,3958,2
3956,4422,2
3956,4423,2
3956,4424,2
3957,3958,2
3959,3960,2
3959,3961,2
3959,3962,2
3959,3963,2
3959,3964,2
3959,4921,2
3960,3961,2
3960,3962,2
3960,3963,2
3960,3964,2
3961,3962,2
3961,3963,2
3961,3964,2
3962,3963,2
3962,3964,2
3963,3964,2
3965,3966,2
3965,3967,2
3966,3967,2
3966,4342,3
3966,4360,6
3966,5507,2
3966,5508,2
3966,4709,2
3966,5509,2
3966,5510,2
3966,5511,2
3966,5512,2
3966,5513,2
3968,3982,9
3968,3983,9
3968,3984,9
3969,4827,2
3969,4963,2
3969,4964,2
3970,5012,3
3970,5013,2
3970,5014,3
3970,5015,3
3970,5016,3
3970,5017,2
3970,5018,3
3970,5025,2
3970,5026,2
3978,3979,2
3982,3983,10
3982,3984,11
3983,3984,11
3985,4415,3
3985,4416,2
3987,4027,2
3988,3989,6
3989,4333,4
3989,5607,8
3989,5608,8
3989,5634,2
3989,5636,2
3989,5638,2
3990,3991,2
3990,3992,2
3990,3993,2
3991,3992,2
3991,3993,2
3992,3993,2
3995,3996,2
3999,4000,4
3999,4001,4
3999,4007,2
3999,4008,3
3999,4009,2
3999,4010,3
3999,4005,2
4000,4001,4
4000,4007,2
4000,4008,3
4000,4009,2
4000,4010,3
4000,4005,2
4001,4007,2
4001,4008,3
4001,4009,2
4001,4010,3
4001,4005,2
4002,4021,2
4003,4004,2
4005,4007,3
4005,4008,3
4005,4009,3
4005,4010,3
4007,4008,3
4007,4009,3
4007,4010,3
4008,4009,3
4008,4010,4
4008,4168,3
4008,4169,3
4008,4170,4
4008,4132,4
4009,4010,3
4015,4016,2
4017,4018,3
4019,4020,2
4024,4025,2
4026,5001,2
4026,4994,2
4028,4029,2
4028,4030,2
4028,4031,2
4028,4032,2
4028,4033,2
4028,4034,2
4028,4035,2
4028,4036,2
4028,4037,2
4028,4038,2
4028,4039,2
4028,4040,2
4029,4030,2
4029,4031,2
4029,4032,2
4029,4033,2
4029,4034,2
4029,4035,2
4029,4036,2
4029,4037,2
4029,4038,2
4029,4039,2
4029,4040,2
4030,4031,2
4030,4032,2
4030,4033,3
4030,4034,2
4030,4035,3
4030,4036,3
4030,4037,3
4030,4038,2
4030,4039,3
4030,4040,2
4031,4032,2
4031,4033,2
4031,4034,2
4031,4035,2
4031,4036,2
4031,4037,2
4031,4038,2
4031,4039,2
4031,4040,2
4032,4033,2
4032,4034,2
4032,4035,2
4032,4036,2
4032,4037,2
4032,4038,2
4032,4039,2
4032,4040,2
4033,4034,2
4033,4035,3
4033,4036,3
4033,4037,3
4033,4038,2
4033,4039,3
4033,4040,2
4034,4035,2
4034,4036,2
4034,4037,2
4034,4038,2
4034,4039,2
4034,4040,2
4035,4036,3
4035,4037,3
4035,4038,2
4035,4039,3
4035,4040,2
4036,4037,3
4036,4038,2
4036,4039,3
4036,4040,2
4037,4038,2
4037,4039,3
4037,4040,2
4038,4039,2
4038,4040,2
4039,4040,2
4041,4042,5
4041,4043,5
4041,4047,2
4041,4044,6
4041,4045,5
4041,4046,7
4041,4049,2
4041,4050,2
4041,4051,3
4042,4043,5
4042,4044,5
4042,4045,5
4042,4046,5
4042,4050,2
4042,4051,2
4043,4044,5
4043,4045,5
4043,4046,5
4043,4050,2
4043,4051,2
4044,4047,2
4044,4045,5
4044,4046,6
4044,4050,2
4044,4051,3
4045,4046,5
4045,4050,2
4045,4051,2
4046,4047,2
4046,4049,2
4046,4050,2
4046,4051,3
4050,4051,2
4052,4053,12
4052,4064,8
4053,4064,8
4055,4056,5
4055,4057,4
4055,4058,5
4055,4065,4
4056,4057,4
4056,4058,5
4056,4065,4
4057,4058,4
4057,4065,3
4058,4065,4
4059,4262,2
4059,4370,4
4059,4371,2
4059,4372,2
4059,4356,4
4059,4385,2
4059,4388,2
4059,4386,3
4059,4389,2
4059,4477,2
4059,4478,2
4059,4428,4
4059,4479,5
4059,4480,3
4059,4487,2
4059,4488,2
4059,4785,2
4059,4534,2
4059,4916,4
4059,5123,2
4059,5124,2
4059,5125,2
4060,4497,2
4060,4498,2
4060,5090,3
4060,5091,3
4060,5092,3
4061,4062,2
4066,4067,2
4066,4074,2
4067,4074,2
4068,4069,4
4068,4070,4
4068,4071,3
4068,4072,4
4068,4073,3
4069,4070,4
4069,4071,3
4069,4072,4
4069,4073,3
4070,4071,3
4070,4072,4
4070,4073,3
4071,4072,3
4071,4073,3
4072,4073,3
4074,4075,2
4077,4079,2
4077,4080,2
4077,4081,2
4077,4098,2
4077,4082,2
4079,4080,4
4079,4081,2
4079,4082,3
4079,4083,3
4080,4081,2
4080,4082,3
4080,4083,3
4082,4083,3
4082,4098,2
4084,4095,2
4084,4096,2
4087,4100,2
4088,4089,8
4088,4090,7
4088,4091,8
4088,4092,5
4088,4093,6
4088,4094,2
4088,4150,6
4088,4151,6
4088,4152,2
4088,4153,2
4089,4090,7
4089,4091,9
4089,4092,5
4089,4093,6
4089,4094,2
4089,4150,7
4089,4151,6
4089,4152,2
4089,4153,2
4090,4091,7
4090,4092,5
4090,4093,5
4090,4094,2
4090,4150,6
4090,4151,6
4090,4152,2
4090,4153,2
4091,4092,5
4091,4093,6
4091,4094,2
4091,4150,7
4091,4151,6
4091,4152,2
4091,4153,2
4092,4093,5
4092,4094,2
4092,4152,2
4092,4150,4
4092,4151,4
4092,4153,2
4093,4094,2
4093,4152,2
4093,4150,4
4093,4151,4
4093,4153,2
4095,4096,2
4101,4102,3
4101,4108,2
4102,4108,2
4102,4109,2
4104,4105,3
4104,4106,3
4104,4107,2
4104,5396,2
4105,4106,2
4105,4107,2
4106,4107,2
4108,4109,2
4108,4667,4
4108,4668,5
4108,4669,4
4108,4674,4
4108,4677,3
4108,4678,3
4110,4111,2
4110,4565,3
4110,4566,3
4110,4567,2
4112,4113,2
4112,4114,2
4113,4114,2
4115,4116,2
4118,4119,2
4118,4120,2
4119,4120,2
4121,4122,3
4126,4127,4
4126,4128,2
4126,4129,2
4126,4133,2
4126,4134,2
4126,4581,2
4126,4333,2
4126,4571,2
4126,4341,2
4127,4128,3
4127,4129,3
4127,4130,2
4127,4133,3
4127,4135,2
4127,4136,2
4127,4134,4
4128,4129,2
4129,4130,2
4131,4132,2
4132,4168,4
4132,4169,4
4132,4170,7
4132,4171,4
4133,4135,2
4133,4136,2
4133,4134,3
4133,4333,2
4133,4334,2
4133,4335,2
4133,4336,2
4133,4337,2
4133,4338,2
4133,4339,2
4134,4135,2
4134,4136,2
4135,4136,2
4143,4144,3
4148,4149,2
4148,5568,7
4148,5569,6
4148,5570,6
4148,5571,6
4148,5366,3
4150,4151,6
4150,4152,2
4150,4153,2
4151,4152,2
4151,4153,2
4155,4868,2
4155,4857,5
4155,4869,7
4155,4870,2
4155,4871,7
4155,4872,5
4155,4873,7
4155,4874,4
4155,4875,7
4155,4876,2
4155,4877,2
4155,4878,2
4156,4157,2
4158,4159,2
4158,4160,2
4159,4160,2
4161,4162,3
4161,4163,3
4161,4164,2
4162,4163,3
4162,4164,2
4163,4164,2
4164,4185,5
4164,4196,3
4164,4197,3
4164,4198,2
4164,4207,2
4166,4167,2
4167,4183,3
4167,4184,3
4168,4169,4
4168,4170,4
4168,4171,2
4169,4170,4
4169,4171,2
4170,4171,2
4172,4482,3
4173,4174,3
4175,4743,2
4176,4177,2
4176,4178,2
4176,4179,2
4176,4180,2
4176,4181,2
4176,4182,2
4176,4636,2
4176,4637,2
4176,4638,2
4176,4639,2
4176,4640,2
4176,4641,2
4176,4642,2
4176,4643,2
4176,4644,2
4176,4645,2
4177,4178,2
4177,4179,2
4177,4180,2
4177,4181,2
4177,4182,2
4178,4179,2
4178,4180,2
4178,4181,2
4178,4182,2
4179,4180,2
4179,4181,2
4179,4182,2
4180,4181,2
4180,4182,2
4181,4182,2
4183,4184,3
4183,4607,3
4183,4608,4
4183,4501,4
4183,4609,4
4183,4610,4
4183,4942,6
4183,4943,6
4183,5565,2
4185,4196,2
4185,4197,2
4185,4198,2
4185,4207,2
4187,4188,3
4187,4189,3
4187,4190,2
4187,4191,2
4187,4192,2
4188,4189,3
4188,4190,2
4188,4191,2
4188,4192,2
4189,4190,2
4189,4191,2
4189,4192,2
4189,5142,2
4189,5256,2
4189,5257,2
4190,4191,2
4190,4192,2
4191,4192,2
4193,4295,3
4193,4256,3
4193,4732,4
4193,4258,3
4193,4911,2
4193,5045,2
4193,5094,4
4193,5095,2
4194,4195,2
4196,4197,3
4196,4198,2
4197,4198,2
4199,4200,2
4199,4201,2
4200,4201,2
4201,4538,2
4201,4539,2
4201,4540,2
4202,4203,2
4206,4211,3
4206,4212,2
4208,4209,2
4212,5053,2
4213,4720,2
4214,4238,6
4214,4239,7
4215,4216,2
4217,4218,6
4217,4220,2
4217,4221,4
4217,4223,3
4218,4220,2
4218,4221,4
4218,4223,3
4218,4321,5
4218,4322,5
4218,4323,5
4218,4324,5
4218,4325,6
4218,4326,6
4218,4327,5
4218,4328,5
4218,4329,6
4218,4259,6
4218,4330,6
4218,4331,6
4218,4332,6
4218,4352,2
4218,4812,2
4220,4221,2
4221,4223,3
4224,4225,2
4224,4226,2
4224,4227,2
4225,4226,2
4225,4227,3
4226,4227,2
4230,4231,2
4230,4232,2
4230,4233,2
4230,4234,2
4230,4235,2
4230,4236,2
4230,4237,2
4231,4232,3
4231,4233,2
4231,4234,3
4231,4235,2
4231,4236,2
4231,4237,2
4232,4233,2
4232,4234,3
4232,4235,2
4232,4236,2
4232,4237,2
4232,4240,2
4233,4234,3
4233,4235,2
4233,4236,2
4233,4237,2
4234,4235,2
4234,4236,2
4234,4237,2
4234,4240,2
4235,4236,2
4235,4237,2
4236,4237,2
4238,4239,6
4241,4245,5
4242,4243,3
4246,4845,3
4246,4846,3
4246,4847,3
4246,4848,3
4246,4849,3
4246,4850,3
4246,4851,3
4246,4852,3
4246,4853,3
4246,4856,2
4247,4248,2
4247,4249,2
4248,4249,2
4252,4253,7
4252,4265,2
4252,4266,2
4252,4267,2
4253,4265,2
4253,4266,2
4253,4267,2
4254,4255,2
4256,4258,3
4256,4525,2
4256,4526,3
4256,4527,3
4256,4529,2
4256,4530,2
4256,4531,3
4256,4532,3
4256,4533,3
4257,5390,2
4257,5391,4
4257,5392,4
4257,5328,4
4257,5393,3
4258,4732,2
4259,4321,6
4259,4322,6
4259,4323,6
4259,4324,5
4259,4325,7
4259,4326,6
4259,4327,6
4259,4328,5
4259,4329,6
4259,4330,7
4259,4331,7
4259,4332,7
4259,4352,2
4259,4354,2
4259,5448,2
4259,5449,2
4259,5450,2
4259,5592,2
4259,5593,2
4259,5594,2
4260,4261,2
4260,4262,2
4260,4263,2
4260,4264,2
4261,4262,2
4261,4263,2
4261,4264,2
4262,4263,2
4262,4264,2
4262,4385,5
4262,4389,2
4262,4386,5
4262,4457,2
4263,4264,2
4265,4266,2
4265,4267,2
4266,4267,2
4266,5105,2
4266,5106,3
4266,5107,3
4266,5108,3
4267,4270,2
4268,4278,6
4268,4279,6
4273,4301,5
4273,4302,5
4273,4303,5
4273,4311,4
4273,4308,2
4273,4306,2
4273,4307,2
4275,5574,10
4275,5553,4
4275,5554,6
4275,5120,2
4275,5589,2
4275,5581,4
4275,5582,3
4275,5573,4
4275,5160,4
4278,4279,6
4280,4281,2
4280,5161,2
4280,5375,2
4280,5376,2
4280,5377,2
4280,5378,2
4280,5379,2
4280,5380,2
4280,5381,2
4280,5382,2
4280,5383,2
4282,4283,16
4282,4284,16
4282,4285,16
4282,4286,16
4283,4284,17
4283,4285,17
4283,4286,17
4284,4285,17
4284,4286,17
4285,4286,17
4290,4291,3
4293,4799,3
4293,4800,2
4293,4801,2
4294,5348,2
4296,4314,2
4296,4315,2
4296,4316,2
4296,4317,2
4296,4353,3
4296,4489,2
4297,4298,2
4299,5156,2
4300,4650,2
4300,4651,2
4300,4652,2
4300,5437,2
4300,5414,2
4301,4302,5
4301,4303,6
4301,4310,2
4301,4311,4
4301,4308,2
4301,4306,2
4301,4307,2
4302,4303,5
4302,4311,4
4302,4308,2
4302,4306,2
4302,4307,2
4303,4310,2
4303,4311,4
4303,4308,2
4303,4306,2
4303,4307,2
4304,4306,2
4304,4307,2
4304,4309,2
4304,4310,2
4306,4307,4
4306,4309,2
4306,4310,2
4306,4308,2
4306,4311,2
4307,4309,2
4307,4310,2
4307,4308,2
4307,4311,2
4308,4310,2
4308,4311,2
4309,4310,2
4313,4319,2
4314,4315,2
4314,4316,2
4315,4316,2
4318,5596,2
4318,5597,2
4318,4982,2
4318,5598,2
4318,5599,2
4321,4322,6
4321,4323,7
4321,4324,5
4321,4325,7
4321,4326,5
4321,4327,6
4321,4328,6
4321,4329,5
4321,4330,7
4321,4331,7
4321,4332,7
4322,4323,6
4322,4324,4
4322,4325,6
4322,4326,5
4322,4327,6
4322,4328,5
4322,4329,5
4322,4330,6
4322,4331,6
4322,4332,6
4323,4324,5
4323,4325,7
4323,4326,5
4323,4327,6
4323,4328,6
4323,4329,5
4323,4330,7
4323,4331,7
4323,4332,7
4324,4325,6
4324,4326,5
4324,4327,4
4324,4328,5
4324,4329,5
4324,4330,6
4324,4331,6
4324,4332,6
4324,4352,2
4325,4326,6
4325,4327,6
4325,4328,6
4325,4329,6
4325,4330,8
4325,4331,8
4325,4332,8
4325,4352,2
4326,4327,5
4326,4328,5
4326,4329,6
4326,4330,6
4326,4331,6
4326,4332,6
4326,4352,2
4327,4328,5
4327,4329,5
4327,4330,6
4327,4331,6
4327,4332,6
4328,4329,5
4328,4330,6
4328,4331,6
4328,4332,6
4329,4330,6
4329,4331,6
4329,4332,6
4329,4352,2
4330,4331,8
4330,4332,8
4330,4352,2
4331,4332,9
4331,4352,2
4332,4352,2
4333,4334,2
4333,4335,3
4333,4336,3
4333,4337,2
4333,4338,2
4333,4339,3
4333,4340,3
4333,4341,4
4333,4361,2
4333,4391,2
4333,4578,2
4333,4579,2
4333,4580,2
4333,4581,4
4333,4582,2
4333,4571,4
4333,4589,2
4333,4590,2
4333,4591,2
4333,5607,4
4333,5608,4
4333,5636,2
4334,4335,2
4334,4336,2
4334,4337,2
4334,4338,2
4334,4339,2
4335,4336,3
4335,4337,2
4335,4338,2
4335,4339,3
4335,4340,2
4335,4341,2
4335,4582,2
4336,4337,2
4336,4338,2
4336,4339,3
4336,4340,2
4336,4341,2
4336,4582,2
4337,4338,2
4337,4339,2
4338,4339,2
4339,4340,2
4339,4341,2
4339,4582,2
4340,4341,4
4340,4391,2
4340,4571,2
4341,4394,2
4341,4391,2
4341,4571,3
4341,4581,2
4342,4360,2
4343,4344,8
4343,4345,6
4343,4358,9
4344,4345,6
4344,4358,5
4345,4358,3
4346,4347,2
4346,4348,2
4346,4349,2
4346,4350,2
4346,4351,2
4347,4348,2
4347,4349,2
4347,4350,2
4347,4351,2
4348,4349,2
4348,4350,2
4348,4351,2
4349,4350,2
4349,4351,2
4350,4351,2
4353,4489,2
4354,5448,2
4354,5449,2
4354,5450,2
4356,4370,4
4356,4487,2
4356,4428,2
4356,4488,2
4356,4479,2
4356,4480,2
4356,4689,2
4359,4464,2
4359,4465,2
4359,4466,2
4359,4467,2
4359,4468,2
4359,4469,2
4361,4362,2
4361,4363,2
4362,4363,2
4363,4796,2
4363,5398,3
4363,5399,3
4364,4927,10
4367,4368,2
4367,4369,2
4367,4398,2
4367,4399,2
4367,4400,4
4367,4401,2
4367,4413,2
4367,4418,2
4367,4419,2
4367,4430,2
4367,4415,3
4367,4427,2
4368,4427,3
4369,4395,2
4369,4396,2
4370,4428,3
4370,4479,3
4370,4480,3
4370,4487,2
4370,4488,2
4371,4372,3
4373,4471,2
4374,4403,2
4374,4381,2
4374,5457,3
4375,4376,3
4375,4441,3
4375,4442,4
4375,4443,2
4375,4446,3
4375,4447,2
4375,4448,4
4375,4449,2
4378,4379,2
4380,4709,4
4380,5537,3
4381,4382,2
4381,4403,2
4385,4386,8
4385,4388,4
4385,4389,5
4385,4390,2
4386,4388,3
4386,4389,3
4387,4864,2
4388,4389,4
4388,4390,2
4389,4390,2
4392,4393,5
4392,5041,4
4392,5042,4
4393,5041,4
4393,5042,4
4395,4396,2
4398,4400,2
4399,4400,2
4399,4401,2
4400,4401,2
4404,4405,6
4404,4406,5
4404,4407,5
4404,4408,7
4404,4409,7
4404,4410,4
4404,4411,5
4404,4417,3
4404,4431,2
4404,4435,2
4404,4436,2
4404,4437,2
4405,4406,4
4405,4407,4
4405,4408,6
4405,4409,6
4405,4410,4
4405,4411,4
4405,4417,2
4405,4431,2
4405,4435,2
4405,4436,2
4405,4437,2
4406,4407,5
4406,4408,5
4406,4409,5
4406,4410,4
4406,4411,5
4406,4417,3
4406,4431,2
4407,4408,5
4407,4409,5
4407,4410,4
4407,4411,5
4407,4417,3
4407,4431,2
4408,4409,7
4408,4410,4
4408,4411,5
4408,4417,3
4408,4431,2
4408,4435,2
4408,4436,2
4408,4437,2
4409,4410,4
4409,4411,5
4409,4417,3
4409,4431,2
4409,4435,2
4409,4436,2
4409,4437,2
4410,4411,4
4410,4417,2
4410,4431,2
4411,4417,3
4411,4431,2
4414,4415,2
4415,4416,2
4417,4431,2
4417,5247,3
4417,5221,3
4417,5248,2
4417,5234,3
4417,5249,3
4417,5250,3
4417,5251,3
4417,5223,3
4417,5252,2
4417,4453,3
4417,5253,2
4420,4421,5
4420,4434,2
4421,4434,2
4422,4423,2
4422,4424,2
4423,4424,2
4428,4429,3
4428,4478,2
4428,4479,4
4428,4480,4
4428,4487,3
4428,4488,3
4429,4479,2
4429,4480,2
4432,5317,2
4435,4436,2
4435,4437,2
4436,4437,2
4439,4734,3
4439,4709,2
4439,5496,2
4439,5497,2
4439,4722,2
4439,5498,2
4440,5070,9
4441,4442,2
4441,4448,2
4442,4443,2
4442,4446,2
4442,4447,2
4442,4448,3
4442,4449,2
4444,4806,2
4446,4447,2
4446,4448,2
4446,4449,2
4447,4448,2
4448,4449,2
4451,4758,2
4452,5370,2
4452,5371,2
4452,5372,2
4453,5247,4
4453,5221,3
4453,5248,3
4453,5234,4
4453,5249,3
4453,5250,3
4453,5251,4
4453,5223,4
4453,5252,3
4453,5253,2
4459,4460,4
4459,4476,2
4460,4476,2
4461,4462,2
4464,4465,2
4464,4466,2
4464,4467,2
4464,4468,2
4464,4469,2
4465,4466,2
4465,4467,2
4465,4468,3
4465,4469,2
4466,4467,2
4466,4468,2
4466,4469,2
4467,4468,2
4467,4469,2
4468,4469,2
4468,4475,2
4471,4474,2
4474,4541,18
4474,4542,5
4474,4543,13
4474,4549,2
4474,4544,6
4474,4550,2
4474,4551,6
4479,4480,4
4479,4487,3
4479,4488,3
4480,4487,3
4480,4488,3
4482,4483,6
4482,4484,7
4482,4485,3
4482,4486,10
4482,5335,2
4482,5336,2
4483,4484,5
4483,4485,3
4483,4486,6
4484,4485,3
4484,4486,7
4485,4486,3
4487,4488,3
4491,4959,2
4491,4960,2
4491,4962,2
4492,4493,2
4493,4759,2
4493,4760,2
4495,4755,2
4496,4497,3
4496,4498,4
4496,4499,2
4497,4498,4
4497,4499,3
4498,4499,3
4500,5640,6
4500,5641,5
4500,5642,5
4500,5643,5
4500,5644,5
4500,5645,4
4500,5646,2
4501,4607,3
4501,4608,4
4501,4609,4
4501,4610,4
4501,4859,2
4501,4860,2
4501,4861,2
4501,4862,2
4501,5422,3
4501,5423,3
4501,5424,3
4501,5425,3
4501,5426,3
4501,5444,2
4501,5445,2
4501,5446,2
4503,4504,2
4503,4505,2
4504,4505,5
4504,4506,3
4504,4522,3
4504,4523,4
4504,4524,3
4505,4506,3
4505,4522,2
4505,4523,3
4505,4524,2
4506,4522,2
4506,4523,2
4506,4524,2
4507,4508,2
4507,4509,2
4507,4510,2
4507,4511,2
4507,4512,2
4507,4514,2
4507,4515,2
4507,4516,2
4508,4509,2
4508,4510,2
4508,4511,2
4508,4512,2
4508,4514,2
4508,4515,2
4508,4516,2
4509,4510,2
4509,4511,2
4509,4512,2
4509,4514,2
4509,4515,2
4509,4516,2
4510,4511,3
4510,4512,2
4510,4513,2
4510,4514,3
4510,4515,2
4510,4516,2
4511,4512,2
4511,4513,2
4511,4514,3
4511,4515,2
4511,4516,2
4512,4514,2
4512,4515,2
4512,4516,2
4513,4514,2
4513,4778,7
4513,4779,7
4513,4780,7
4513,4781,8
4513,4782,7
4513,5273,2
4513,5274,2
4513,5275,2
4514,4515,2
4514,4516,2
4515,4516,2
4517,4518,2
4517,4519,2
4517,4520,2
4517,4521,2
4518,4519,2
4518,4520,2
4518,4521,2
4519,4520,2
4519,4521,2
4520,4521,3
4522,4523,3
4522,4524,3
4523,4524,3
4525,4526,2
4525,4527,2
4525,4529,2
4525,4531,2
4525,4532,2
4525,4533,2
4526,4527,5
4526,4528,3
4526,4529,2
4526,4530,2
4526,4531,5
4526,4532,3
4526,4533,3
4526,4535,2
4527,4528,3
4527,4529,2
4527,4530,2
4527,4531,5
4527,4532,3
4527,4533,3
4527,4535,2
4528,4531,3
4528,4535,2
4529,4531,2
4529,4532,2
4529,4533,2
4530,4531,2
4530,4532,2
4530,4533,2
4531,4532,3
4531,4533,3
4531,4535,2
4532,4533,3
4534,4785,2
4536,4537,2
4538,4539,6
4538,4540,6
4539,4540,6
4541,4542,6
4541,4543,14
4541,4544,7
4541,4549,2
4541,4551,7
4542,4543,7
4542,4551,2
4543,4551,9
4544,4552,2
4544,4550,2
4554,4555,2
4554,4556,2
4554,4557,2
4554,4558,2
4554,4559,2
4554,4560,2
4555,4556,2
4555,4557,2
4555,4558,2
4555,4559,2
4555,4560,2
4556,4557,2
4556,4558,2
4556,4559,2
4556,4560,2
4556,4804,2
4557,4558,2
4557,4559,2
4557,4560,2
4558,4559,2
4558,4560,2
4559,4560,2
4562,4563,3
4564,5053,3
4564,4827,2
4565,4566,3
4565,4567,2
4566,4567,2
4568,4569,2
4568,4570,2
4569,4570,2
4571,4578,2
4571,4579,2
4571,4580,2
4571,4581,4
4572,4573,2
4572,4574,2
4572,4575,2
4574,4575,2
4574,5648,2
4574,5649,2
4574,5650,2
4574,5651,2
4574,5652,2
4578,4579,2
4578,4580,2
4578,4581,2
4579,4580,2
4579,4581,2
4580,4581,2
4583,4584,2
4583,4585,2
4583,4586,2
4583,4587,2
4583,4588,2
4584,4585,2
4584,4586,2
4584,4587,2
4584,4588,2
4585,4586,2
4585,4587,2
4585,4588,2
4586,4587,2
4586,4588,2
4587,4588,2
4589,4590,2
4589,4591,2
4590,4591,2
4592,4904,5
4592,4903,4
4592,4752,3
4593,4601,3
4593,4602,3
4593,4696,3
4593,4697,3
4593,4833,2
4593,4834,2
4593,4835,2
4593,4836,2
4593,4837,2
4593,4838,2
4594,4595,5
4594,4596,5
4595,4596,3
4597,4598,2
4597,4599,2
4598,4599,2
4601,4602,5
4601,4603,3
4601,4604,3
4601,4696,4
4601,4698,2
4601,4697,3
4601,4833,2
4601,4834,2
4601,4835,2
4601,4836,2
4601,4837,2
4601,4838,2
4602,4603,3
4602,4604,3
4602,4696,4
4602,4698,2
4602,4697,3
4602,4833,2
4602,4834,2
4602,4835,2
4602,4836,2
4602,4837,2
4602,4838,2
4603,4604,2
4603,4696,2
4603,4698,2
4604,4696,2
4605,4606,2
4607,4608,3
4607,4609,3
4607,4610,3
4607,4686,3
4607,4687,2
4608,4609,4
4608,4610,4
4609,4610,4
4611,4612,2
4616,5235,6
4616,5236,6
4616,5231,5
4616,5237,6
4616,5226,6
4616,5232,6
4616,5233,6
4616,5219,6
4616,5227,6
4616,5215,4
4616,5216,4
4616,5217,4
4616,5239,4
4616,5218,4
4616,5240,4
4618,4619,2
4618,4620,2
4618,4621,2
4618,4622,2
4618,4623,2
4618,4624,2
4618,4625,2
4618,4626,2
4618,4627,2
4618,4628,2
4619,4630,2
4619,4620,2
4619,4621,2
4619,4622,2
4619,4623,2
4619,4624,2
4619,4625,2
4619,4626,2
4619,4627,2
4619,4628,2
4620,4621,2
4620,4622,2
4620,4623,2
4620,4624,2
4620,4625,2
4620,4626,2
4620,4627,2
4620,4628,3
4621,4622,2
4621,4623,2
4621,4624,2
4621,4625,2
4621,4626,2
4621,4627,2
4621,4628,2
4622,4623,2
4622,4624,2
4622,4625,2
4622,4626,2
4622,4627,2
4622,4628,2
4623,4624,2
4623,4625,2
4623,4626,2
4623,4627,2
4623,4628,2
4624,4625,2
4624,4626,2
4624,4627,2
4624,4628,2
4625,4626,2
4625,4627,2
4625,4628,2
4626,4627,2
4626,4628,2
4627,4628,2
4629,4789,2
4629,4790,2
4636,4637,2
4636,4638,2
4636,4639,2
4636,4640,2
4636,4641,2
4636,4642,2
4636,4643,2
4636,4644,2
4636,4645,2
4637,4638,2
4637,4639,2
4637,4640,2
4637,4641,2
4637,4642,2
4637,4643,2
4637,4644,2
4637,4645,2
4638,4639,2
4638,4640,2
4638,4641,2
4638,4642,2
4638,4643,2
4638,4644,2
4638,4645,2
4639,4640,2
4639,4641,2
4639,4642,2
4639,4643,2
4639,4644,2
4639,4645,2
4640,4641,2
4640,4642,2
4640,4643,2
4640,4644,2
4640,4645,2
4641,4642,2
4641,4643,2
4641,4644,2
4641,4645,2
4642,4643,2
4642,4644,2
4642,4645,2
4643,4644,2
4643,4645,2
4644,4645,2
4645,5272,7
4645,5291,2
4647,4648,3
4647,4649,3
4648,4649,3
4650,4651,3
4650,4652,3
4650,4654,2
4651,4652,6
4651,4653,2
4651,4654,5
4651,4655,2
4651,4656,2
4652,4653,2
4652,4654,5
4652,4655,2
4652,4656,2
4652,5413,2
4652,5433,3
4652,5435,7
4652,5436,6
4652,5441,2
4653,4654,2
4654,4655,2
4654,4656,2
4655,4656,2
4656,5190,3
4656,5163,3
4656,5191,3
4656,5192,3
4656,5193,3
4658,4791,2
4658,4810,2
4658,4815,3
4658,4826,3
4661,4662,2
4663,4664,3
4663,4665,3
4663,4666,3
4663,4673,2
4664,4665,3
4664,4666,3
4664,4673,2
4665,4666,3
4665,4673,2
4666,4673,2
4667,4668,4
4667,4669,4
4667,4677,3
4667,4678,3
4667,4674,3
4668,4669,4
4668,4674,4
4668,4677,3
4668,4678,3
4669,4677,3
4669,4678,3
4669,4674,3
4670,4671,5
4670,4684,4
4671,4684,4
4672,5539,2
4672,5540,2
4672,5541,2
4672,5542,2
4672,5543,2
4672,5544,2
4672,5545,2
4672,5546,2
4672,5547,2
4674,4677,3
4674,4678,3
4675,4676,4
4675,5629,4
4675,5630,5
4675,5631,3
4675,5632,5
4677,4678,3
4679,4680,2
4681,4682,3
4681,4683,3
4681,4688,2
4682,4683,3
4682,4688,2
4683,4688,2
4686,4687,2
4686,4840,3
4686,4841,4
4686,4842,2
4686,4843,2
4686,4966,2
4686,5280,2
4686,5281,2
4689,5429,4
4689,5430,4
4690,4691,6
4690,4692,2
4690,4693,2
4690,4694,6
4691,4692,2
4691,4693,3
4691,4694,16
4691,4699,3
4692,4693,2
4692,4694,2
4693,4694,3
4694,4699,3
4696,4698,2
4696,4697,3
4696,4833,2
4696,4834,2
4696,4835,2
4696,4836,2
4696,4837,2
4696,4838,2
4697,4833,2
4697,4834,2
4697,4835,2
4697,4836,2
4697,4837,2
4697,4838,2
4700,4701,2
4700,4702,2
4701,4702,2
4701,4703,2
4704,4705,2
4704,4706,2
4705,4706,2
4707,4714,2
4709,4722,2
4709,5479,7
4709,5480,7
4709,5481,2
4709,5486,2
4709,5487,2
4709,5488,10
4709,4734,5
4709,5493,7
4709,5495,2
4709,5494,4
4709,5502,5
4709,5503,4
4709,5504,2
4709,5505,4
4709,5507,2
4709,5508,2
4709,5509,2
4709,5510,2
4709,5511,2
4709,5512,2
4709,5513,2
4709,5518,3
4709,5519,2
4709,5520,2
4709,5521,4
4709,5523,2
4709,5529,2
4709,5434,2
4709,5533,4
4709,5534,5
4709,5537,12
4709,5538,8
4709,5548,12
4709,5549,3
4709,5550,2
4709,5552,2
4711,4712,2
4711,4713,2
4712,4713,2
4715,4716,2
4717,4718,2
4721,5050,2
4721,5051,2
4722,5496,3
4722,5497,6
4722,4734,6
4722,5498,6
4724,4725,4
4724,4726,4
4724,4727,3
4724,4728,2
4725,4726,4
4725,4727,3
4725,4728,2
4726,4727,3
4726,4728,2
4727,4728,2
4729,4730,2
4732,5043,2
4732,5044,2
4732,5094,2
4734,5496,3
4734,5497,6
4734,5498,6
4734,5488,2
4734,5514,3
4734,5515,2
4734,5520,2
4734,5521,3
4734,5531,2
4734,5530,2
4734,5502,2
4734,5532,2
4734,5523,2
4734,5434,2
4736,4737,2
4736,4738,4
4736,4742,3
4737,4738,2
4738,4742,3
4748,4755,2
4750,4751,3
4752,4904,4
4752,4903,3
4759,4760,2
4761,4762,2
4763,4764,2
4763,4765,2
4763,4766,2
4763,4767,2
4763,4768,2
4763,4769,2
4763,4770,2
4763,4771,2
4763,4772,2
4764,4765,2
4764,4766,2
4764,4767,2
4764,4768,2
4764,4769,2
4764,4770,2
4764,4771,2
4764,4772,2
4765,4766,2
4765,4767,2
4765,4768,2
4765,4769,2
4765,4770,2
4765,4771,2
4765,4772,2
4766,4767,2
4766,4768,2
4766,4769,2
4766,4770,2
4766,4771,2
4766,4772,2
4767,4768,2
4767,4769,2
4767,4770,2
4767,4771,2
4767,4772,2
4768,4769,2
4768,4770,2
4768,4771,2
4768,4772,2
4769,4770,2
4769,4771,2
4769,4772,2
4770,4771,2
4770,4772,2
4771,4772,2
4773,4774,2
4773,4775,2
4773,4776,2
4774,4775,4
4774,4776,4
4775,4776,4
4775,4809,7
4778,4779,8
4778,4780,9
4778,4781,7
4778,4782,9
4779,4780,8
4779,4781,7
4779,4782,8
4780,4781,7
4780,4782,9
4781,4782,7
4785,4818,2
4785,4819,3
4785,4820,3
4785,4821,3
4785,4822,2
4785,4823,3
4785,4824,3
4785,4825,3
4786,4787,5
4786,4788,4
4787,4788,5
4789,4790,2
4791,4810,2
4793,4794,2
4795,4832,2
4799,4800,2
4799,4801,2
4807,4808,2
4814,4815,2
4814,4816,2
4814,4817,2
4814,4940,2
4814,4941,3
4815,4816,2
4815,4817,2
4815,4826,3
4816,4817,2
4818,4819,2
4818,4820,2
4818,4821,2
4818,4822,2
4818,4823,2
4818,4824,2
4818,4825,2
4819,4820,3
4819,4821,3
4819,4822,2
4819,4823,3
4819,4824,3
4819,4825,3
4820,4821,3
4820,4822,2
4820,4823,3
4820,4824,3
4820,4825,3
4821,4822,2
4821,4823,3
4821,4824,3
4821,4825,3
4822,4823,2
4822,4824,2
4822,4825,2
4823,4824,3
4823,4825,3
4824,4825,3
4827,5053,2
4828,4829,5
4828,4830,5
4828,4831,3
4828,4858,3
4828,4866,2
4829,4830,6
4829,4831,3
4829,4858,4
4829,4866,3
4830,4831,4
4830,4858,4
4830,4866,4
4833,4834,2
4833,4835,2
4833,4836,2
4833,4837,2
4833,4838,2
4834,4835,2
4834,4836,2
4834,4837,2
4834,4838,2
4835,4836,2
4835,4837,2
4835,4838,2
4836,4837,2
4836,4838,2
4837,4838,2
4840,4841,3
4840,4842,2
4840,4843,2
4841,4842,2
4841,4843,2
4842,4843,2
4845,4846,3
4845,4847,3
4845,4848,3
4845,4849,3
4845,4850,3
4845,4851,3
4845,4852,3
4845,4853,4
4845,4856,2
4846,4847,3
4846,4848,3
4846,4849,3
4846,4850,3
4846,4851,3
4846,4852,3
4846,4853,3
4846,4856,2
4847,4848,3
4847,4849,3
4847,4850,3
4847,4851,3
4847,4852,3
4847,4853,3
4847,4856,2
4848,4849,3
4848,4850,3
4848,4851,3
4848,4852,3
4848,4853,3
4848,4856,2
4849,4850,3
4849,4851,3
4849,4852,3
4849,4853,3
4849,4856,2
4850,4851,3
4850,4852,3
4850,4853,3
4850,4856,2
4851,4852,3
4851,4853,3
4851,4856,2
4852,4853,3
4852,4856,2
4853,4856,2
4854,4855,2
4857,4868,2
4857,4869,5
4857,4870,2
4857,4871,5
4857,4872,5
4857,4873,5
4857,4874,4
4857,4875,5
4857,4878,2
4858,4866,2
4859,4860,2
4859,4861,2
4859,4862,2
4859,4863,4
4860,4861,2
4860,4862,2
4861,4862,2
4867,5362,2
4868,4869,2
4868,4870,2
4868,4871,2
4868,4872,2
4868,4873,2
4868,4874,2
4868,4875,2
4869,4870,2
4869,4871,7
4869,4872,5
4869,4873,7
4869,4874,4
4869,4875,7
4869,4876,2
4869,4877,2
4869,4878,2
4870,4871,2
4870,4872,2
4870,4873,2
4870,4874,2
4870,4875,2
4871,4872,5
4871,4873,7
4871,4874,4
4871,4875,7
4871,4876,2
4871,4877,2
4871,4878,2
4872,4873,5
4872,4874,4
4872,4875,5
4872,4878,2
4873,4874,4
4873,4875,7
4873,4876,2
4873,4877,2
4873,4878,2
4874,4875,4
4874,4878,2
4875,4876,2
4875,4877,2
4875,4878,2
4876,4877,2
4880,4881,2
4880,4882,4
4880,4883,2
4880,5055,2
4882,4883,5
4882,4992,2
4882,5055,4
4883,4992,2
4883,5482,2
4883,5483,5
4883,5188,5
4883,5484,3
4883,5485,5
4883,5490,2
4883,5491,3
4883,5492,2
4884,4885,2
4884,4886,2
4884,4887,2
4884,4888,2
4884,4889,2
4884,4890,2
4885,4886,3
4885,4887,3
4885,4888,3
4885,4889,3
4885,4890,3
4886,4887,3
4886,4888,3
4886,4889,3
4886,4890,3
4887,4888,4
4887,4889,3
4887,4890,4
4888,4889,3
4888,4890,4
4889,4890,3
4893,4894,2
4896,4897,2
4899,4900,2
4901,4902,2
4903,4904,8
4906,4907,3
4912,4913,2
4912,4914,2
4913,4914,2
4916,5123,2
4916,5124,2
4916,5125,2
4917,4918,18
4917,4919,6
4917,4920,17
4917,4922,2
4918,4919,6
4918,4920,17
4918,4922,2
4919,4920,5
4920,4922,2
4923,4924,3
4928,4929,2
4928,4930,2
4928,5628,5
4931,5157,3
4931,5158,2
4931,5159,4
4931,5175,3
4931,5187,2
4933,4934,6
4933,4935,6
4933,4936,6
4933,4937,2
4933,4944,3
4934,4935,6
4934,4936,6
4934,4937,3
4934,4944,3
4935,4936,6
4935,4937,2
4935,4944,3
4936,4937,2
4936,4944,3
4938,4939,5
4940,4941,2
4940,5305,4
4940,5306,4
4940,5307,4
4940,5308,3
4940,5313,2
4940,5314,2
4942,4943,6
4945,4946,3
4945,4947,3
4945,4948,3
4945,4949,3
4945,4950,3
4945,4951,3
4946,4947,3
4946,4948,3
4946,4949,3
4946,4950,3
4946,4951,3
4947,4948,3
4947,4949,3
4947,4950,3
4947,4951,3
4948,4949,3
4948,4950,3
4948,4951,3
4949,4950,3
4949,4951,3
4950,4951,3
4953,5146,2
4953,5147,2
4953,5155,2
4954,4955,3
4954,4956,3
4955,4956,9
4958,4959,2
4958,4960,2
4959,4960,3
4959,4962,2
4960,4962,2
4967,5163,6
4967,5164,6
4967,5165,7
4967,5166,7
4967,5167,7
4967,5168,3
4967,5170,2
4967,5169,4
4968,4969,4
4977,5103,3
4977,5098,2
4977,5141,2
4978,4979,3
4978,4984,2
4979,4984,2
4980,4981,2
4980,4982,2
4980,4983,2
4981,4982,2
4981,4983,2
4982,4983,2
4982,5596,2
4982,5597,2
4982,5598,2
4982,5599,3
4986,4987,4
4986,4988,4
4986,4989,4
4986,4990,4
4986,4991,4
4986,5000,2
4987,4988,4
4987,4989,4
4987,4990,4
4987,4991,4
4987,5000,2
4988,4989,4
4988,4990,4
4988,4991,4
4988,5000,2
4989,4990,4
4989,4991,4
4989,5000,2
4990,4991,4
4990,5000,2
4991,5000,2
4993,4994,2
4994,5001,3
4994,5036,2
4994,5037,2
4994,5038,2
4994,5039,2
4997,4998,2
4997,4999,2
4998,4999,3
5001,5036,2
5001,5037,3
5001,5038,2
5001,5039,3
5003,5004,2
5004,5299,2
5004,5300,2
5004,5301,2
5004,5302,2
5005,5006,9
5005,5007,10
5005,5008,10
5006,5007,11
5006,5008,10
5007,5008,13
5007,5011,2
5012,5013,2
5012,5014,3
5012,5015,3
5012,5016,3
5012,5017,2
5012,5018,3
5012,5025,2
5012,5026,2
5013,5014,2
5013,5015,3
5013,5016,2
5013,5017,3
5013,5018,3
5014,5015,3
5014,5016,3
5014,5017,2
5014,5018,3
5014,5025,2
5014,5026,2
5015,5016,3
5015,5017,3
5015,5018,4
5015,5025,2
5015,5026,2
5016,5017,2
5016,5018,3
5016,5025,2
5016,5026,2
5017,5018,3
5018,5025,2
5018,5026,2
5019,5020,2
5019,5021,2
5019,5022,2
5019,5023,2
5019,5024,2
5020,5021,2
5020,5022,2
5020,5023,2
5020,5024,2
5021,5022,2
5021,5023,2
5021,5024,2
5022,5023,3
5022,5024,3
5023,5024,3
5025,5026,2
5027,5028,10
5027,5029,11
5028,5029,10
5030,5031,8
5030,5032,5
5031,5032,5
5031,5096,2
5034,5035,3
5036,5037,2
5036,5038,2
5036,5039,2
5037,5038,2
5037,5039,3
5038,5039,2
5041,5042,4
5043,5044,2
5045,5094,2
5045,5095,2
5046,5047,2
5048,5049,2
5050,5051,2
5053,5054,8
5053,5056,2
5053,5057,2
5053,5059,2
5053,5060,3
5056,5057,2
5061,5098,2
5062,5063,3
5062,5064,3
5062,5179,2
5062,5102,2
5063,5065,3
5063,5064,12
5063,5178,7
5063,5179,7
5063,5102,7
5064,5065,3
5064,5178,7
5064,5179,7
5064,5102,7
5066,5067,2
5066,5068,2
5067,5068,2
5069,5070,2
5071,5072,7
5071,5245,5
5071,5242,6
5071,5246,2
5072,5245,9
5072,5242,11
5072,5246,6
5073,5074,2
5073,5075,3
5074,5075,2
5077,5078,2
5077,5079,3
5077,5080,3
5077,5081,3
5077,5082,3
5077,5083,3
5077,5084,3
5078,5079,2
5078,5080,2
5078,5081,2
5078,5082,2
5078,5083,2
5078,5084,2
5079,5080,4
5079,5081,4
5079,5082,4
5079,5083,4
5079,5084,4
5079,5085,2
5080,5081,4
5080,5082,4
5080,5083,4
5080,5084,4
5080,5085,2
5081,5082,4
5081,5083,4
5081,5084,4
5081,5085,2
5082,5083,4
5082,5084,4
5082,5085,2
5083,5084,4
5083,5085,2
5084,5085,2
5086,5087,3
5086,5088,4
5086,5089,3
5087,5088,3
5087,5089,2
5088,5089,3
5090,5091,3
5090,5092,3
5091,5092,3
5094,5095,2
5097,5130,4
5097,5131,4
5097,5132,4
5097,5133,4
5097,5134,4
5097,5135,4
5097,5136,4
5097,5137,4
5097,5138,4
5097,5139,4
5097,5140,4
5098,5103,11
5098,5126,4
5098,5127,6
5098,5129,2
5098,5141,2
5099,5100,5
5102,5178,6
5102,5179,7
5103,5109,2
5103,5110,2
5103,5126,4
5103,5127,6
5103,5129,2
5103,5141,2
5105,5106,2
5105,5107,2
5105,5108,2
5106,5107,3
5106,5108,3
5107,5108,3
5111,5112,2
5115,5116,4
5115,5117,4
5115,5118,3
5116,5117,5
5116,5118,3
5117,5118,3
5120,5553,4
5120,5554,4
5120,5574,4
5120,5573,2
5121,5122,2
5123,5124,2
5123,5125,2
5124,5125,2
5126,5127,3
5130,5131,4
5130,5132,4
5130,5133,4
5130,5134,4
5130,5135,4
5130,5136,4
5130,5137,4
5130,5138,4
5130,5139,4
5130,5140,4
5131,5132,4
5131,5133,4
5131,5134,4
5131,5135,4
5131,5136,4
5131,5137,4
5131,5138,4
5131,5139,4
5131,5140,4
5132,5133,4
5132,5134,4
5132,5135,4
5132,5136,4
5132,5137,4
5132,5138,4
5132,5139,4
5132,5140,4
5133,5134,4
5133,5135,4
5133,5136,4
5133,5137,4
5133,5138,4
5133,5139,4
5133,5140,4
5134,5135,4
5134,5136,4
5134,5137,4
5134,5138,4
5134,5139,4
5134,5140,4
5135,5136,4
5135,5137,4
5135,5138,4
5135,5139,4
5135,5140,4
5136,5137,4
5136,5138,4
5136,5139,4
5136,5140,4
5137,5138,4
5137,5139,4
5137,5140,4
5138,5139,4
5138,5140,4
5139,5140,4
5143,5144,2
5143,5145,2
5144,5145,2
5146,5147,3
5146,5155,2
5147,5155,2
5148,5149,2
5148,5150,4
5148,5151,2
5148,5152,2
5148,5153,2
5148,5154,2
5150,5151,2
5150,5152,2
5150,5153,2
5150,5154,2
5152,5153,2
5152,5154,2
5153,5154,2
5157,5158,2
5157,5159,3
5157,5187,2
5158,5159,2
5159,5187,2
5160,5573,13
5160,5574,13
5160,5575,2
5160,5576,5
5160,5553,11
5160,5554,12
5160,5581,5
5160,5582,4
5160,5590,2
5160,5555,3
5161,5375,2
5161,5376,2
5161,5377,2
5161,5378,2
5161,5379,2
5161,5380,2
5161,5381,2
5161,5382,2
5161,5383,2
5163,5164,5
5163,5165,7
5163,5166,7
5163,5167,7
5163,5168,2
5163,5169,5
5163,5172,2
5163,5190,3
5163,5191,3
5163,5192,3
5163,5193,3
5164,5165,6
5164,5166,6
5164,5167,6
5164,5168,2
5164,5170,2
5164,5169,4
5165,5166,8
5165,5167,8
5165,5168,3
5165,5169,5
5165,5170,2
5166,5167,8
5166,5168,3
5166,5169,5
5166,5170,2
5167,5168,3
5167,5169,5
5167,5170,2
5178,5179,6
5180,5181,3
5183,5184,2
5185,5186,5
5188,5482,2
5188,5483,5
5188,5484,3
5188,5485,5
5188,5490,2
5188,5491,3
5188,5492,2
5190,5191,3
5190,5192,3
5190,5193,3
5191,5192,3
5191,5193,3
5192,5193,3
5194,5332,8
5195,5196,2
5195,5197,2
5196,5197,2
5198,5199,6
5198,5200,6
5198,5201,6
5198,5202,6
5198,5203,5
5198,5204,6
5198,5205,6
5198,5206,6
5198,5207,6
5198,5208,6
5198,5209,6
5198,5210,6
5198,5276,4
5198,5277,4
5198,5278,4
5198,5279,5
5198,5326,2
5198,5355,3
5198,5356,3
5199,5200,6
5199,5201,6
5199,5202,6
5199,5203,5
5199,5204,6
5199,5205,6
5199,5206,6
5199,5207,6
5199,5208,6
5199,5209,6
5199,5210,6
5199,5276,4
5199,5277,4
5199,5278,4
5199,5279,5
5199,5326,2
5199,5355,3
5199,5356,3
5200,5201,6
5200,5202,6
5200,5203,5
5200,5204,6
5200,5205,6
5200,5206,6
5200,5207,6
5200,5208,6
5200,5209,6
5200,5210,6
5200,5276,4
5200,5277,4
5200,5278,4
5200,5279,5
5200,5326,2
5200,5355,3
5200,5356,3
5201,5202,6
5201,5203,5
5201,5204,6
5201,5205,6
5201,5206,6
5201,5207,6
5201,5208,6
5201,5209,6
5201,5210,6
5201,5276,4
5201,5277,4
5201,5278,4
5201,5279,5
5201,5326,2
5201,5355,3
5201,5356,3
5202,5203,5
5202,5204,6
5202,5205,6
5202,5206,6
5202,5207,6
5202,5208,6
5202,5209,6
5202,5210,6
5202,5276,4
5202,5277,4
5202,5278,4
5202,5279,5
5202,5326,2
5202,5355,3
5202,5356,3
5203,5204,5
5203,5205,5
5203,5206,5
5203,5207,5
5203,5208,5
5203,5209,5
5203,5210,5
5203,5276,4
5203,5277,4
5203,5278,4
5203,5279,4
5203,5355,3
5203,5356,3
5204,5205,6
5204,5206,6
5204,5207,6
5204,5208,6
5204,5209,6
5204,5210,6
5204,5276,4
5204,5277,4
5204,5278,4
5204,5279,5
5204,5326,2
5204,5355,3
5204,5356,3
5205,5206,6
5205,5207,6
5205,5208,6
5205,5209,6
5205,5210,6
5205,5276,4
5205,5277,4
5205,5278,4
5205,5279,5
5205,5326,2
5205,5355,3
5205,5356,3
5206,5207,6
5206,5208,6
5206,5209,6
5206,5210,6
5206,5276,4
5206,5277,4
5206,5278,4
5206,5279,5
5206,5326,2
5206,5355,3
5206,5356,3
5207,5208,6
5207,5209,6
5207,5210,6
5207,5276,4
5207,5277,4
5207,5278,4
5207,5279,5
5207,5326,2
5207,5355,3
5207,5356,3
5208,5209,6
5208,5210,6
5208,5276,4
5208,5277,4
5208,5278,4
5208,5279,5
5208,5326,2
5208,5355,3
5208,5356,3
5209,5210,6
5209,5276,4
5209,5277,4
5209,5278,4
5209,5279,5
5209,5326,2
5209,5355,3
5209,5356,3
5210,5276,4
5210,5277,4
5210,5278,4
5210,5279,5
5210,5326,2
5210,5355,3
5210,5356,3
5213,5214,3
5215,5216,5
5215,5217,5
5215,5218,5
5215,5219,5
5215,5235,4
5215,5236,4
5215,5231,4
5215,5239,4
5215,5237,4
5215,5226,4
5215,5232,4
5215,5233,4
5215,5240,4
5215,5227,4
5216,5217,5
5216,5218,5
5216,5219,5
5216,5235,4
5216,5236,4
5216,5231,4
5216,5239,4
5216,5237,4
5216,5226,4
5216,5232,4
5216,5233,4
5216,5240,4
5216,5227,4
5217,5218,7
5217,5219,5
5217,5231,5
5217,5226,5
5217,5232,5
5217,5233,5
5217,5227,5
5217,5235,4
5217,5236,4
5217,5239,4
5217,5237,4
5217,5240,4
5218,5219,6
5218,5226,6
5218,5227,6
5218,5231,5
5218,5232,5
5218,5233,5
5218,5235,4
5218,5236,4
5218,5239,4
5218,5237,4
5218,5240,4
5219,5226,7
5219,5227,7
5219,5235,6
5219,5236,6
5219,5231,5
5219,5237,6
5219,5232,6
5219,5233,6
5219,5239,4
5219,5240,4
5221,5222,2
5221,5223,4
5221,5247,3
5221,5248,2
5221,5234,3
5221,5249,3
5221,5250,3
5221,5251,3
5221,5252,2
5221,5253,2
5222,5223,2
5223,5247,4
5223,5248,3
5223,5234,4
5223,5249,3
5223,5250,3
5223,5251,4
5223,5252,3
5223,5253,2
5226,5227,8
5226,5231,6
5226,5232,7
5226,5233,7
5226,5235,6
5226,5236,6
5226,5237,6
5226,5239,4
5226,5240,4
5227,5231,6
5227,5232,7
5227,5233,7
5227,5235,6
5227,5236,6
5227,5237,6
5227,5239,4
5227,5240,4
5228,5229,2
5231,5232,6
5231,5233,6
5231,5235,5
5231,5236,5
5231,5237,5
5231,5239,4
5231,5240,4
5232,5233,7
5232,5235,6
5232,5236,6
5232,5237,6
5232,5239,4
5232,5240,4
5233,5235,6
5233,5236,6
5233,5237,6
5233,5239,4
5233,5240,4
5234,5247,4
5234,5248,3
5234,5249,3
5234,5250,3
5234,5251,4
5234,5252,3
5234,5253,2
5235,5236,6
5235,5237,6
5235,5239,4
5235,5240,4
5236,5237,6
5236,5239,4
5236,5240,4
5237,5239,4
5237,5240,4
5239,5240,4
5242,5245,9
5242,5246,6
5244,5622,2
5244,5623,2
5245,5246,5
5247,5248,3
5247,5249,3
5247,5250,3
5247,5251,4
5247,5252,3
5247,5253,2
5248,5249,2
5248,5250,2
5248,5251,3
5248,5252,3
5248,5253,2
5249,5250,3
5249,5251,3
5249,5252,2
5249,5253,2
5250,5251,3
5250,5252,2
5250,5253,2
5251,5252,3
5251,5253,2
5252,5253,2
5254,5255,2
5256,5257,2
5258,5259,3
5258,5260,3
5258,5261,3
5259,5260,5
5259,5261,5
5259,5262,3
5259,5263,3
5259,5264,3
5259,5265,2
5260,5261,6
5260,5262,4
5260,5263,4
5260,5264,4
5260,5265,2
5260,5524,2
5260,5525,2
5260,5526,2
5260,5535,2
5260,5559,2
5261,5262,4
5261,5263,4
5261,5264,4
5261,5265,2
5261,5559,2
5262,5263,4
5262,5264,4
5262,5559,2
5263,5264,4
5263,5559,2
5264,5559,2
5267,5268,2
5273,5274,2
5273,5275,2
5274,5275,2
5276,5277,4
5276,5278,4
5276,5279,4
5276,5355,3
5276,5356,3
5277,5278,4
5277,5279,4
5277,5355,3
5277,5356,3
5278,5279,4
5278,5355,3
5278,5356,3
5279,5326,2
5279,5355,3
5279,5356,3
5280,5281,2
5282,5283,2
5284,5285,2
5284,5286,2
5285,5286,5
5285,5331,2
5286,5331,3
5287,5288,3
5289,5290,2
5292,5296,2
5292,5293,2
5292,5294,3
5292,5295,3
5293,5294,2
5293,5295,2
5294,5296,2
5294,5295,3
5295,5296,2
5297,5298,3
5297,5304,2
5299,5300,2
5299,5301,2
5299,5302,2
5300,5301,2
5300,5302,2
5301,5302,2
5305,5306,4
5305,5307,4
5305,5308,4
5305,5313,2
5305,5314,2
5306,5307,4
5306,5308,3
5306,5313,2
5306,5314,2
5307,5308,3
5307,5313,2
5307,5314,2
5308,5313,2
5308,5314,2
5309,5310,2
5311,5473,6
5311,5475,2
5313,5314,2
5315,5316,2
5317,5318,2
5317,5353,7
5317,5354,7
5319,5320,2
5320,5321,2
5320,5322,3
5320,5323,2
5321,5322,2
5322,5323,2
5322,5560,2
5322,5561,2
5324,5325,2
5327,5328,3
5327,5329,3
5327,5330,3
5327,5333,2
5328,5329,4
5328,5330,4
5328,5333,3
5328,5390,2
5328,5391,4
5328,5392,4
5328,5393,3
5329,5330,5
5329,5333,3
5330,5333,3
5332,5339,2
5334,5341,4
5335,5336,2
5337,5338,2
5342,5343,3
5345,5346,2
5345,5347,2
5346,5347,2
5348,5349,2
5350,5352,3
5353,5354,10
5355,5356,3
5357,5358,6
5357,5359,5
5357,5360,5
5357,5361,3
5357,5362,3
5357,5363,4
5358,5359,6
5358,5360,6
5358,5361,3
5358,5362,3
5358,5363,5
5358,5369,2
5359,5360,4
5359,5361,2
5359,5362,2
5359,5363,4
5360,5361,3
5360,5362,3
5360,5363,4
5360,5369,2
5361,5362,3
5361,5363,3
5362,5363,3
5365,5366,2
5366,5568,5
5366,5569,5
5366,5570,3
5366,5571,5
5367,5368,2
5370,5371,7
5370,5372,10
5371,5372,7
5375,5376,2
5375,5377,2
5375,5378,2
5375,5379,2
5375,5380,2
5375,5381,2
5375,5382,2
5375,5383,2
5376,5377,2
5376,5378,2
5376,5379,2
5376,5380,2
5376,5381,2
5376,5382,2
5376,5383,2
5377,5378,2
5377,5379,2
5377,5380,2
5377,5381,2
5377,5382,2
5377,5383,2
5378,5379,2
5378,5380,2
5378,5381,2
5378,5382,2
5378,5383,2
5379,5380,2
5379,5381,2
5379,5382,2
5379,5383,2
5380,5381,2
5380,5382,2
5380,5383,2
5381,5382,2
5381,5383,2
5382,5383,2
5384,5385,2
5384,5386,2
5384,5387,2
5385,5386,2
5385,5387,2
5386,5387,2
5388,5389,2
5390,5391,2
5390,5392,2
5390,5393,2
5391,5392,4
5391,5393,3
5392,5393,3
5392,5395,2
5398,5399,3
5400,5401,7
5400,5402,8
5400,5412,4
5401,5402,6
5401,5412,3
5402,5412,3
5403,5404,2
5403,5405,2
5404,5405,2
5407,5408,2
5407,5409,2
5407,5410,2
5407,5411,2
5408,5409,2
5408,5410,2
5408,5411,2
5409,5410,2
5409,5411,2
5410,5411,2
5413,5433,2
5414,5436,3
5414,5437,4
5414,5438,3
5414,5439,2
5415,5416,2
5415,5417,3
5415,5418,3
5415,5419,2
5415,5420,3
5416,5417,4
5416,5418,2
5416,5421,3
5416,5419,3
5416,5420,4
5416,5427,2
5417,5418,3
5417,5421,3
5417,5419,4
5417,5420,5
5417,5427,2
5418,5419,2
5418,5420,3
5419,5421,3
5419,5420,4
5420,5421,3
5420,5427,2
5422,5423,3
5422,5424,3
5422,5425,3
5422,5426,3
5422,5444,2
5422,5445,2
5422,5446,2
5423,5424,3
5423,5425,3
5423,5426,3
5423,5444,2
5423,5445,2
5423,5446,2
5424,5425,3
5424,5426,3
5424,5444,2
5424,5445,2
5424,5446,2
5425,5426,3
5425,5444,2
5425,5445,2
5425,5446,2
5426,5444,2
5426,5445,2
5426,5446,2
5429,5430,4
5431,5432,2
5433,5435,2
5433,5436,3
5434,5521,3
5434,5529,2
5434,5502,3
5434,5531,2
5434,5530,2
5434,5532,2
5434,5523,2
5435,5436,8
5435,5441,2
5436,5437,2
5436,5438,2
5437,5438,3
5437,5439,2
5444,5445,2
5444,5446,2
5445,5446,2
5447,5453,2
5447,5454,2
5447,5455,2
5448,5449,2
5448,5450,2
5449,5450,2
5453,5454,2
5453,5455,2
5454,5455,2
5458,5459,9
5458,5463,4
5458,5472,2
5459,5463,4
5459,5472,3
5460,5461,2
5460,5462,2
5461,5462,2
5466,5467,4
5466,5468,4
5466,5469,4
5466,5470,3
5467,5468,4
5467,5469,4
5467,5470,3
5468,5469,5
5468,5470,4
5469,5470,4
5473,5475,2
5476,5477,5
5476,5489,3
5477,5489,6
5479,5480,8
5479,5481,2
5479,5486,2
5479,5487,3
5480,5481,2
5480,5486,2
5480,5487,3
5482,5483,2
5482,5484,2
5482,5485,2
5483,5484,3
5483,5485,5
5483,5490,2
5483,5491,3
5483,5492,2
5484,5485,3
5485,5490,2
5485,5491,3
5485,5492,2
5488,5521,2
5488,5502,2
5488,5503,2
5488,5523,2
5488,5548,4
5490,5491,2
5491,5492,2
5493,5494,3
5493,5518,3
5493,5537,3
5493,5538,2
5496,5497,3
5496,5498,3
5497,5498,7
5499,5500,2
5500,5501,2
5502,5503,4
5502,5504,2
5502,5521,4
5502,5523,3
5502,5529,2
5502,5531,2
5502,5530,2
5502,5532,2
5503,5504,2
5503,5521,2
5503,5523,2
5505,5548,3
5505,5549,2
5507,5508,2
5507,5509,2
5507,5510,2
5507,5511,2
5507,5512,2
5507,5513,2
5508,5509,2
5508,5510,2
5508,5511,2
5508,5512,2
5508,5513,2
5509,5510,2
5509,5511,2
5509,5512,2
5509,5513,2
5510,5511,2
5510,5512,2
5510,5513,2
5511,5512,2
5511,5513,2
5512,5513,2
5518,5537,2
5520,5521,2
5521,5523,3
5521,5529,2
5521,5531,2
5521,5530,2
5521,5532,2
5523,5531,2
5523,5530,2
5523,5532,2
5524,5525,2
5524,5526,2
5525,5526,2
5527,5528,7
5530,5531,2
5530,5532,2
5531,5532,2
5533,5538,3
5533,5534,2
5534,5537,2
5534,5538,2
5537,5538,4
5537,5548,5
5537,5552,2
5539,5540,2
5539,5541,2
5539,5542,2
5539,5543,2
5539,5544,2
5539,5545,2
5539,5546,2
5539,5547,2
5540,5541,2
5540,5542,2
5540,5543,2
5540,5544,2
5540,5545,2
5540,5546,2
5540,5547,2
5541,5542,2
5541,5543,2
5541,5544,2
5541,5545,2
5541,5546,2
5541,5547,2
5542,5543,2
5542,5544,2
5542,5545,2
5542,5546,2
5542,5547,2
5543,5544,2
5543,5545,2
5543,5546,2
5543,5547,2
5544,5545,2
5544,5546,2
5544,5547,2
5545,5546,2
5545,5547,2
5546,5547,2
5548,5549,3
5553,5555,4
5553,5554,15
5553,5573,13
5553,5574,14
5553,5581,4
5553,5582,3
5553,5590,2
5553,5576,4
5554,5555,4
5554,5573,14
5554,5574,16
5554,5581,5
5554,5582,4
5554,5590,2
5554,5575,2
5554,5591,2
5554,5576,4
5555,5573,3
5555,5574,3
5555,5590,2
5555,5581,2
5557,5558,2
5560,5561,2
5562,5563,2
5568,5569,12
5568,5570,11
5568,5571,13
5568,5603,2
5569,5570,9
5569,5571,10
5569,5603,2
5570,5571,10
5570,5603,2
5571,5603,2
5573,5574,15
5573,5575,2
5573,5576,5
5573,5581,5
5573,5582,4
5573,5590,2
5574,5575,3
5574,5576,5
5574,5577,2
5574,5581,6
5574,5582,5
5574,5589,2
5574,5590,2
5574,5591,2
5575,5591,2
5576,5581,2
5576,5582,2
5578,5579,6
5578,5580,6
5578,5584,4
5578,5585,5
5578,5586,4
5579,5580,6
5579,5584,4
5579,5585,5
5579,5586,4
5580,5584,4
5580,5585,5
5580,5586,4
5581,5582,5
5584,5585,4
5584,5586,3
5585,5586,4
5587,5588,2
5592,5593,2
5592,5594,2
5593,5594,3
5593,5612,2
5593,5616,2
5594,5612,8
5594,5616,6
5594,5617,4
5596,5597,2
5596,5598,2
5596,5599,2
5597,5598,2
5597,5599,2
5598,5599,2
5605,5606,3
5605,5609,2
5606,5609,2
5607,5608,10
5607,5634,2
5607,5636,2
5607,5637,2
5607,5638,2
5608,5634,2
5608,5636,2
5608,5637,2
5608,5638,2
5610,5611,6
5612,5613,3
5612,5616,11
5612,5617,4
5614,5615,5
5616,5617,3
5618,5619,3
5618,5620,3
5619,5620,3
5622,5623,2
5626,5627,3
5629,5630,4
5629,5631,3
5629,5632,4
5630,5631,3
5630,5632,5
5631,5632,3
5640,5641,5
5640,5642,5
5640,5643,5
5640,5644,5
5640,5645,4
5640,5646,2
5641,5642,5
5641,5643,5
5641,5644,5
5641,5645,4
5642,5643,5
5642,5644,5
5642,5645,4
5643,5644,5
5643,5645,4
5644,5645,4
5648,5649,4
5648,5650,4
5648,5651,4
5648,5652,4
5648,5653,2
5648,5654,3
5648,5655,2
5648,5656,3
5649,5650,7
5649,5651,5
5649,5652,6
5649,5653,2
5649,5654,5
5649,5655,2
5649,5656,4
5650,5651,5
5650,5652,6
5650,5653,2
5650,5654,5
5650,5655,2
5650,5656,4
5651,5652,5
5651,5653,2
5651,5654,4
5651,5655,2
5651,5656,3
5652,5653,2
5652,5654,5
5652,5655,2
5652,5656,4
5653,5654,2
5653,5655,2
5653,5656,2
5654,5655,2
5654,5656,4
5655,5656,2
