Id,Label,type
1,SK텔레콤,private_policy
2,과학기술정보통신부,policy
3,충청권,bridge
4,융합보안대학원,bridge
7,WSCE,others
8,과학기술정보통신부(,policy
9,국토교통부,policy
10,대한항공,others
11,도심항공교통,bridge
12,벡스코,bridge
16,케이티,private_policy
17,케이티(KT),private_policy
18,한국수자원공사,bridge
19,와 과학기술정보통신,others
20,KISA,others
21,경남테크노파크,others
22,경상남도,others
23,과기정통부,bridge
24,부산대,bridge
25,부산정보산업진흥원,bridge
26,부산정보산업진흥원장,others
27,울산정보산업진흥원,others
28,융합대학원,others
29,한국선급,others
30,한국인터넷진흥원(,others
32,부산시,bridge
33,도심항공,others
35,국토교통부·과학기술정보통신부,policy
36,대전정보문화산업진흥원,others
37,세종테크노파크,others
38,이노베이션스퀘어,others
39,정보통신,bridge
40,정보화담당관,others
41,충남테크노파크,others
42,충북과학기술혁신원,others
43,교통항만수산국장,others
44,군산시,others
45,BMW,bridge
47,국가정보원,bridge
48,국토지리정보원,others
52,Google,bridge
53,행정부,bridge
55,도시통합센터,citizen
56,교통정보센터,citizen
58,ITS,others
59,수원 ITS,others
60,수원컨벤션센터,citizen
61,아태총회,others
62,조직위원회,bridge
64,도시안전통합센터,citizen
65,대한민국,bridge
66,상담회,bridge
67,수원시,others
68,스마트시티,bridge
69,세종SB플라자,others
70,정보보호네트워크정책관,others
71,한국인터넷진흥원(KISA),others
72,공간정보품질관리원,others
73,영종도,others
74,인천시,bridge
75,인천경제청,bridge
76,과기부,others
77,미래전략,bridge
78,세종시,bridge
79,인천경제자유구역청,bridge
80,전국대회,others
81,경제부시장,others
82,산학협력,bridge
83,충남도청,bridge
84,충남도,bridge
85,동남권,others
86,아시아투데이,bridge
87,평가위,others
88,ICAO,others
89,공간정보혁신센터,citizen
90,교통부,bridge
91,국제민간항공기구,others
92,국토교통,others
93,국토부,bridge
94,보건부,others
95,키헨질레,others
96,한국철도공사,bridge
97,제일엔지니어링,others
98,한국인터넷진흥원,others
99,정보보,others
101,잔지바르,others
102,코레일,others
103,토지주택개발부,others
104,하피드,others
105,공공사업부,others
107,탄자니아,others
109,adm,others
110,app,others
112,eac,others
115,cha,others
116,fina,others
117,세종청사,bridge
118,수주지,others
120,도화엔지니어링,others
121,수주지원단,others
122,진현환,others
123,철도공단,others
125,연합뉴스,others
126,인천광역시,others
127,전주시,others
128,부산상공회의소,others
129,사상공단,others
130,사상기업발전협의회,others
131,사상스마트시티,others
132,부산상의,others
133,서부산청사,others
134,부산경제진흥원,others
135,CIC,others
136,Living,bridge
137,고양도시관리공사,others
138,고양산업진흥원,others
139,고양시,bridge
140,씨엠스튜디오,others
141,엘마인즈,others
142,일산동부경찰서,others
143,진흥원,others
144,City Living,others
145,iss,others
146,사상구,others
147,사상구청,others
148,IoT,bridge
149,수원특례시,others
151,사상스마트,others
153,더불어민주당,bridge
154,민주당,bridge
156,전남도,bridge
157,국립의대,others
158,목포대,bridge
160,국민의힘,bridge
162,보건복지위원회,others
163,인수위,others
164,보건복지부,policy
165,목포대학교,others
166,순천대,others
167,전북자치도,others
168,수원시청,others
169,스포츠서울,others
170,FDI,others
172,베트남,bridge
173,한국토지주택공사(LH),private_policy
174,건설부,bridge
176,한국대사,bridge
177,한국대사관,others
178,파이낸셜뉴스,bridge
179,비씨디이엔씨,others
180,양주시,others
181,㈜비씨디이엔씨,others
182,MBTI,others
184,경기도무용단,policy
185,경기시나위오케스트라,others
186,경부선,bridge
187,광교호수공원,others
188,수원시립합창단,others
189,진우에이티에스,others
190,한국도로공사,policy
191,아주대학교,others
192,수원시수원,others
193,드론쇼,others
194,아세테크,others
195,유니콘팩토리,bridge
196,트위니,others
197,APEC,bridge
198,ITF,others
199,MOU,bridge
200,OECD,others
201,경제협력개발기구,others
202,국제교통포럼,others
203,아시아태평양경제협력체,others
204,인프라부,others
205,지역개발정책위원회,others
206,정책위원회,others
207,경찰청,bridge
208,기초지자체,bridge
209,케이패스,others
210,웨스틴,others
211,조선호텔,others
212,회의서,others
214,K-패스,others
215,장관회,others
216,폴란드,others
217,기금지역정책부,others
218,도시개발,bridge
220,현대건설,private_policy
221,광역자치단체,others
222,누리집,others
223,경북대학교,others
225,대구시,bridge
226,미래혁신성장실장,bridge
227,첨단정보통신융합산업기술원,others
228,티센터,citizen
229,한국데이터산업진흥원,bridge
230,UAM,others
231,UNIST,others
232,슈퍼널,others
234,울산시,others
235,현대차그룹,private_policy
236,울주군,others
237,경북대,bridge
238,LG전자,private_policy
239,교통안전,bridge
240,명선초,others
241,명선초등학교,others
242,포스코고,others
243,한국지능정보사회진흥원,bridge
246,expo,others
247,fie,bridge
248,대구광역시,others
249,NIA,bridge
250,한국지능정보사회진흥원(,others
251,인천경제자유구역청인천경제자유구역청,others
252,ETRI,bridge
253,IITP,bridge
254,KADIF,others
256,산학협력단,others
257,정보통신기획평가원,bridge
258,한국전자통신연구원,bridge
259,한국정보통신기술협회,others
260,엘지전자,private_policy
261,카카오모빌리티,private_policy
262,수성알파시티,bridge
263,NIPA,others
264,서울디지털재단,bridge
265,연세대,bridge
266,정보통신산업진흥원,others
267,행정안전부,policy
268,IT서비스학회,others
269,정보대학원,others
270,한국로봇산업진흥원,others
271,현대자동차그룹,private_policy
272,춘계학술대회,others
273,포스코DX,others
274,한국IT서비스학회장,others
275,한화로보틱스,others
276,한국지능정보사회진흥원(NIA),others
277,IBM,bridge
278,마이크로소프트,bridge
280,디즈니,others
281,토요타,others
282,대한경제,others
283,도쿄대,others
284,산림청,others
285,새만금개발청,others
286,서울시,bridge
287,행정중심복합도시건설청,bridge
288,메타버스,others
289,한국공학한림원,others
290,ABB,bridge
291,대구시청,others
292,신정중학교,others
293,기술정보통신부,others
294,네이버,private_policy
295,네이버랩스,private_policy
296,산업통상자원부,bridge
297,공간정보협의체,others
298,민간위,others
299,구성원,others
300,한국전자기술연구원,bridge
301,아주대,others
302,전략사,bridge
303,행안부,bridge
305,A2G,others
306,G42,others
307,싱가포르,bridge
308,오토노머스에이투지,bridge
309,육상교통청,others
310,자동차안전연구원,others
311,A2D,others
312,킬사글로벌,others
313,USTR,others
314,무역대표부,others
315,카카오,private_policy
316,경희대,others
317,테스트베드,others
318,ICT연구센터,citizen
319,ITRC,others
320,고려대,bridge
321,고려대학교,bridge
322,한국연구재단,others
324,가천대,others
325,경제정의실천시민연합,others
326,구글코리아,others
327,국방부,bridge
328,디지털트윈,others
329,서울대,bridge
330,소상공인연합회,others
331,외교부,bridge
332,정치외교학부,others
333,통일부,others
334,경실련,others
335,경영학과,others
336,한국관광공사,others
338,교차로,others
339,도로교통공단,others
340,샌드박스,others
341,김천시,others
342,환경부,policy
343,CJ올리브네트웍스,others
344,LG CNS,private_policy
345,SK C&C,private_policy
346,삼성SDS,private_policy
347,ISMP,others
348,경제개발공사,others
350,에듀테크,bridge
351,충전소,bridge
352,시정부,others
353,KISTI,bridge
354,금융위원회,others
355,단국대,bridge
356,국정원,others
357,산업부,bridge
358,동서문제연구원,others
359,서울여대,others
360,지능정보보호학부,others
361,한국공간정보산업협회,others
362,APEKSI,others
363,KOTRA,bridge
364,도시정부,others
365,부산항만공사,others
366,수라바야무역관장,others
367,인도네시아,bridge
368,지자체협회,others
369,코트라,bridge
370,한국관,bridge
371,K-스마트시티,others
372,대한무역투자진흥공사,bridge
373,과학기술정보방송통신위원회,others
374,국토교통위원회,others
375,러시아,bridge
376,백악관,others
378,알파벳,others
379,중국 정부,others
381,아이 바다패스,others
382,이어드림,others
384,그린스마트,others
385,부산광역시,policy
386,부산에코델타시티,others
387,실무협의회,bridge
388,에코델타시티,bridge
389,강서경찰서,others
390,명지새동네~국회도서관,others
391,제공부산시,others
392,원도심,others
394,대한산악연맹,others
395,블랙야크,others
396,숙명여자대학교,others
397,팅크웨어,others
398,한국산악회,others
399,국회도서관,others
400,수자원공사,bridge
402,한국수자원공사(K-water,policy
403,교육부,bridge
404,유튜브,bridge
406,유성구청,others
407,한밭대,others
408,국립한밭대,others
409,사업단장,others
412,CES 2025,bridge
413,iM뱅크,others
414,신용보증기금,others
415,엑스코,others
416,유엔디,others
417,플러그앤플레이,others
418,Aff,others
419,Awa,bridge
421,awa,others
422,dri,bridge
423,sig,others
424,App,others
425,Expo,bridge
426,Shi,others
427,㈜릴리커버,others
428,㈜한국알파시스템,others
429,GTE,others
430,GTEL,others
431,공안부,bridge
433,KTL,private_policy
434,간성읍,others
435,건설교통국장,others
436,고성군,others
437,홍천군,others
438,BIM,others
439,건설공사,others
440,심층평가위원,others
441,한국건설기술연구원,bridge
443,스마트건설,others
444,스마트,others
445,예산결산특별위원회,bridge
446,강원특별자치도,bridge
447,강원도,others
448,119안전센터,citizen
449,강원자치도,others
450,강원지역,others
451,강원특별자치도청,others
452,ESG,bridge
453,SOC,bridge
454,경영대,others
455,기획재정부,bridge
457,행복청,bridge
459,엠젠솔루션,others
460,연세대학교,bridge
461,K-건설,others
462,해외건설협회,others
463,마이스터고,others
464,CBS노컷뉴스,others
466,대검찰청,others
467,삼부토건,others
468,우크라이나,others
469,금융감독원,others
470,금감원,others
471,블랙펄인베스트먼트,others
472,GS건설,bridge
473,HD현대중공업,private_policy
474,HJ중공업,others
475,K-건,others
476,SK에코플랜트,private_policy
477,대우건설,bridge
478,동부건설,others
479,동아지질,others
480,두산에너빌리티,bridge
481,삼성 E&A,private_policy
482,삼성물산,private_policy
483,쌍용건설,others
484,이앤씨,others
485,한국전력공사,bridge
486,한신공영,others
487,해건협,others
488,DL이앤씨,others
490,동아건설산업,others
492,엘티삼보,others
493,할리파,others
494,경제자유구역,bridge
495,경제자유구역위원회,others
496,경제자유구역청,others
500,중앙도시계획위원회,others
501,국토발전전시관,others
502,건설산업연구원,others
503,삼성E&A,private_policy
505,E&A,others
506,NEC,others
507,도요타,others
508,중앙대,others
509,기술연구소,others
510,지식경제부,others
511,KT&G,private_policy
512,수자원,bridge
513,메가트렌드,others
515,KIND,bridge
516,나카스,others
517,한국해외인프라도시개발지원공사,bridge
518,국제금융센터,citizen
519,광명시,bridge
520,광명시장,others
522,충북과기원,others
523,충청북도,others
524,미국무역대표부,others
525,기재부,others
527,강남구,others
528,강남구청장,others
529,넷코리아,others
530,샤플앤컴퍼니,others
531,이든티엔에스,others
532,한국무역협회,bridge
533,ICLEI,others
534,LSNG C,others
535,경기도,policy
536,기후총회,others
537,당사국총회,bridge
539,세계지방정부협의회,others
540,시민공청회,others
541,이니셔티브,others
542,이클레이,others
543,케랄라주,others
544,이마트,others
545,경기고양특례시,others
546,국제사회,others
547,ESG지역혁신연구소,others
548,동아대,others
549,동아대학교,others
551,멘토링,others
552,중기부,bridge
553,중소벤처기업부,bridge
554,충남창경센터,citizen
555,충남창조경제혁신센터,citizen
556,사회과학,others
557,EXPO,others
558,솔트룩스,others
559,카이스트,others
560,㈜웨이버스,others
561,노동부,others
562,명문대,bridge
563,안양대,others
564,안양대학교,others
566,대학일자리플러스센터,citizen
567,사립대,others
568,한국정보화진흥원,others
569,향상대책위원회,others
570,발전위원회,others
571,그랜드뷰리서치,others
572,대표단,bridge
573,알카닥 도시건설,others
574,이비엔뉴스센터,citizen
575,투르크메니스탄,others
576,DINNO,others
577,KARI,others
578,KCA,others
579,창업진흥원,bridge
580,한국방송통신전파진흥원,others
581,한국소프트웨어산업협회,others
582,한국과학기술정보연구원(,others
583,한국소프트웨어산업협회(KOSA),others
584,BS그룹,others
585,국제학교,bridge
586,사립학교,others
587,산이정원,others
588,솔라시도,others
590,한국전력,others
591,솔라시도 데이터,others
592,전남개발공사,others
593,파크골프장,bridge
594,구성지구,others
595,국제자동차,others
596,알카닥,others
597,KOSA,others
598,한국과학기술정보연구원,bridge
599,한국항공우주연구원,bridge
600,ASPAC,others
601,UCLG,private_policy
602,세계지방정부연합,others
603,경기연구원,bridge
604,고양특례시,bridge
605,코치시,others
606,K-컬처,others
607,넷플릭스,others
608,문화체육관광부,bridge
609,바이두,others
610,미 정부,others
611,법학과,others
612,가자지구,others
613,구글어스,others
614,국방장관,others
615,대통령 관저,others
616,국세청,others
617,한양대학교,others
618,기획재정위원회,others
620,KAIST,bridge
622,삼성전자,private_policy
623,인이지,others
624,LG화학,private_policy
625,NH투자증권,others
626,SK에너지,private_policy
627,지멘스,others
628,한국동서발전,others
629,(주)한국동서발전,others
630,SBS방송사,bridge
631,경상남도교육청,others
632,국가산업단지,bridge
633,국민체육센터,citizen
635,농림축산식품부,bridge
636,문화관광축제,others
638,밀양대페스타,others
639,밀양대학교,others
640,밀양시,bridge
641,밀양시장,others
642,밀양아리랑대축제,others
643,삼양식품,others
644,스포츠파크,others
645,신세계,bridge
646,야구부,others
647,영남루,others
648,요넥스코리아,others
649,신기원,others
650,IOC,others
651,다봄센터,citizen
652,진로교육원,others
653,시의회,bridge
654,춘천시,others
655,BEXCO,others
656,Fina,others
657,nec,others
658,soc,bridge
659,엑스포,others
660,교육청,bridge
661,밀양아리랑,others
662,에너지산업,others
663,문체부,others
664,춘천시의회,others
665,광주광역시,bridge
666,광주도시공사,others
667,광주시,others
668,광주시청,others
670,마켓플레이스,bridge
673,전석 ㈜그리다에너지,others
674,한전KDN,others
675,삼성전기,private_policy
676,부산시청,others
677,뉴시스,others
679,한국국토정보공사(LX),bridge
680,롯데건설,others
681,롯데캐슬,others
682,포스코이앤씨,bridge
683,한화건설,others
684,Gaia,others
686,인터엑스,others
687,한국OSG,others
689,K스마트시티,others
690,LX공사,others
691,LX한국국토정보공사,bridge
692,오산시,bridge
693,우븐시티,others
694,ABH,others
696,혁신개발청,others
697,고잔역,others
698,안산시,bridge
699,중앙역,others
700,초지역,others
703,비트센싱,others
704,스페이스,others
705,BFC,others
706,수출입은행,others
707,파이낸스,others
709,국가철도공단,others
710,수주지원,others
711,인천국제공항공사,bridge
712,파이낸스센터,citizen
714,피아스페이스㈜,others
715,밀라노,others
717,국토교통부(,policy
718,한국해외인프라도시개발지원공사(KIND,others
719,K-스마트,bridge
722,정부간,others
723,LX공간정보연구원,others
724,국토교통과학기술진흥원,others
725,국토연구원,bridge
726,모라이,others
727,서울시립대,bridge
728,스마트시티공학,others
729,웨이버스,others
731,김포골드라인,private_policy
732,김포시,others
733,김포시청,others
734,김포한강2공공주택지구,others
735,유네스코,others
736,티맵모빌리티,others
737,고양시의회,others
739,임시회,others
740,대구테크노파크,bridge
742,대구TP,others
744,현대차,private_policy
745,CES,bridge
746,노인회,others
747,고양종합운동장,others
748,부천시,others
750,성남시,others
751,경찰서,bridge
752,국가재,others
753,중앙투자심사,others
754,리빙랩 시민참여단,citizen
755,포천시,others
756,포스코홀딩스,others
757,목포시,others
758,Adm,others
759,Deta,others
760,accu,others
761,deta,others
762,고양연구원,others
763,ert,others
764,경주시,others
765,경주시의회,others
766,atbo,others
767,군부대,bridge
769,용인시,bridge
770,용인특례시,others
772,SK하이닉스,private_policy
773,적극행정위원회,others
774,용인특례시청,others
776,용인시장,others
777,용인특례시장,others
778,용인시청,others
779,국가스마트도시위원회,others
780,국토교통과학진흥원,others
781,규제샌드박스,others
782,국토교통부·,policy
783,기초자치단체,others
784,TTA,others
786,개혁신당,others
787,복지부,others
788,난양공과대학교,others
789,리서치,others
791,한국보건산업진흥원,others
793,안산시장,others
794,철도건설교통국,others
795,CIS,others
796,CISA,others
797,CPPG,others
798,SECON,others
799,SECON &,others
800,eGISEC,others
801,조직위,bridge
802,사이버안보비서관,others
803,SECON&eGISEC,others
804,안산시청,others
805,철도부,others
807,건산연,others
808,한국건설산업연구원,others
809,불공정,others
810,드론밸리,others
811,민생경제 점검 회의,others
812,정부서울청사,bridge
813,CISSP,others
814,UNIDO,others
815,대통령실 사이버안보비서관,others
816,스타트업 공동 홍보관,others
817,인포마 그룹,others
818,한국투자진흥사무소,others
819,C&P,others
820,국립공주대,bridge
821,국립공주대학교,others
822,증평군,others
823,bri,others
824,iso,others
826,추진위원회,bridge
828,국회 사무처,others
829,농림부,others
830,법제처,others
831,스마트팜,others
832,예산정책처,bridge
833,인민법원전자,others
834,입법조사처,others
835,전원영,others
837,티지(TG),others
838,한국국제협력단,bridge
839,한컴·,others
840,헌법재판소,others
841,시공사,bridge
843,현대자동차,private_policy
844,온디바이스,others
845,KPI,others
847,EDC,others
848,부산디지털혁신아카데미,others
849,분과위원회,others
850,양자전략위원회,others
851,HL만도,others
852,IBK기업은행,others
853,테슬라,bridge
854,포항공대,others
855,한국산업은행,others
856,라이프자산운용,others
857,우리금융캐피탈,others
858,DSR,others
859,한국은행,others
860,통계청,bridge
862,K-ICT,bridge
863,시교육청,others
864,강원 동해시,others
865,동해시,others
866,동해시청,others
867,사절단,others
868,혁신성장본부장,others
869,경제개발부,others
870,메트로,others
871,멕시코,others
872,쉐인바움,others
873,부산시교육청,others
875,K-IC,others
876,석유화학,others
878,해오름동맹,others
879,간부회,others
880,감사원,bridge
881,공무원,bridge
882,여성가족부,others
883,중앙당,others
884,청와대,others
885,총독부,others
886,국회의사당,others
888,해남군,others
889,행정자치위원회,others
890,북구의회,others
891,한화진,others
892,현대엘리베이터,private_policy
893,현대엘리,private_policy
895,통영시,others
896,항공안전기술원,others
897,DSK,private_policy
898,K-드론,others
899,SK플래닛,private_policy
900,니나노컴퍼니,others
901,드론작전사령부,others
902,영주시,others
903,상주시,others
904,상주시장,others
905,LG유플러스,private_policy
906,사우디아라비아,bridge
907,LG유플,private_policy
908,도이체텔레콤,others
910,대강당,bridge
911,한국국토정보공사,others
912,고양시장,others
914,메콩강,others
915,캄보디아,others
917,제공한국수자원공사,others
918,니어스랩,others
919,드론쇼코리아,others
920,파블로항공,bridge
921,LIG넥스원,others
922,한화에어로스페이스,others
923,상무부,others
925,Cha,bridge
926,GSMA,others
927,K-POP,others
928,SKT,private_policy
929,세계이동통신사업자연합회(GSMA,others
930,양해각,others
932,지니뮤직,others
933,용인언남지구,others
934,이동공공주택지구,others
935,촉진지구,others
936,디와이디,others
938,유상증자,others
939,최대주주,others
940,한국거래소,bridge
941,계룡건설,others
942,계룡건설산업,others
943,과학문화센터,citizen
944,세종경찰청,others
945,㈜에스지고려,others
946,시미리 일원,others
947,양지2지구,others
948,역북2지구,others
949,역북4지구,others
950,주택건설,bridge
952,하이테크,bridge
953,한국토지주택공사,bridge
954,성안동,others
956,중구의회,others
957,혁신도시,others
958,(사)녹색전환연구소,others
960,세종대,others
961,이화여대,others
962,Research Institute,others
963,aga,others
964,who,others
965,aff,others
966,circ,others
967,역사박물관,others
968,공공주택지구,others
969,국가유공자,others
971,수도권,others
972,오전동,others
974,의왕산업진흥원,others
975,의왕시,bridge
976,청계2지구,others
977,초평지구,others
978,녹색전환연구소,others
979,첨단시,others
980,천리지구지,others
981,Cheonri,others
982,Yongin,others
983,㈜에스지고,others
984,삼성자산운용,private_policy
985,한국수출입은행,others
986,K건설,others
987,도로공사,others
988,포시즌스호텔,others
989,한국해외인프라도시개발지원공사(,others
990,지자체 혁신평가,others
991,혁신평가,others
992,YTN,others
993,한국공항공사,others
994,한국해양진흥공사,others
995,도시개발지원공사,others
996,포시즌스,others
997,철도공사,others
998,나노반도체,others
999,우주항공,bridge
1000,중도위,others
1001,제2에코델타시티,others
1002,DMCC,others
1003,ITC,others
1004,F&B,others
1005,G20,bridge
1006,G20 국제,others
1007,G20 회의,others
1008,ITU,others
1009,ITU-,others
1010,ITU-T,others
1011,SG20,others
1012,WP2,others
1013,WTSA-24,others
1014,국제표준화기구,others
1015,세계전기통신표준화총회,others
1016,시티버스 표준전문연구실,others
1017,표준연,others
1018,한국ITU연구위원회,others
1019,ITU-T SG20,others
1020,교통청,others
1021,에티살랏,others
1022,산자부,others
1023,두바이,others
1026,ICT융합,bridge
1027,e나라,others
1028,MICE,others
1029,선도연구센터,citizen
1030,전주시청,others
1031,공동연구소,others
1033,한국환경공단,policy
1034,한국국토정보공사(LX공사,others
1035,첨단기술,others
1036,한국국토정보공사(,others
1038,광양시,others
1039,광양시의회,others
1040,산업건설위원회,others
1041,프라운호퍼연구그룹 IWES,others
1042,건설청,others
1043,육성위원회,others
1044,프라운호퍼연구그룹,others
1045,원팀코리아,bridge
1046,K2그룹,others
1047,한미글로벌,others
1048,NATO,others
1049,대한건설정책연구원,others
1050,북대서양조약기구,others
1052,유럽연합,bridge
1053,이알버드,others
1054,익산시청,others
1055,코스트코,others
1056,우크라,others
1058,국제공항공사,others
1059,전문건설공제조합,others
1061,익산본부,others
1062,imm,others
1063,KIA,others
1064,㈜두루,others
1065,㈜디에이치오토웨어,others
1066,㈜에스오에스랩,others
1067,㈜에코피스,others
1068,㈜오토엘,others
1069,㈜오톰,others
1070,㈜유니컴퍼니,others
1071,㈜제트이브이,others
1072,㈜포스페이스랩,others
1073,광주경제자유구역청,others
1074,농림식품축산부,others
1075,디에이치오토웨어,others
1076,모비스,others
1077,제트이브이,others
1079,자동차,others
1080,ESS,others
1081,에스오에스랩,bridge
1082,에코피스,others
1083,유니컴퍼니,others
1084,오토엘,others
1085,KAIA,bridge
1086,국토교통과학기술진흥원(,others
1087,도시안전주택국장,others
1088,포항남부경찰서,others
1089,포항시,others
1090,고용노동부,bridge
1091,기술교육원,others
1092,플랜트전기,others
1093,현대엔지니어링,private_policy
1095,포스코,others
1096,포항시청,others
1097,고용부,others
1098,코즐로두,others
1099,#NAME?,private_policy
1100,포스코고등학교,others
1101,인천경제자유구역청장,others
1102,인천경제청장,others
1103,용인시산업진흥원,others
1104,경기주택도시공사,bridge
1105,속초시,bridge
1106,속초시장,others
1107,동서고속,others
1109,검단구,others
1110,검단읍,others
1111,영종구,others
1113,유희강,others
1114,인천국제공항,bridge
1115,인천시의회,others
1116,인천항,others
1117,행정안전위,others
1118,행정안전위원회,others
1119,기초의회,others
1120,영종국제도시,others
1121,인천연구원,others
1122,지방시,bridge
1124,신도심,others
1125,한국전쟁,others
1126,전국동시지방선거,others
1127,국립항공박물관,others
1128,안양 스마트시티 통합센터,citizen
1129,철도교통관제센터,citizen
1130,한국도로공사 교통센터,citizen
1131,현대모터스튜디,private_policy
1132,sat,others
1133,AMR,others
1134,서울로보틱스,others
1135,HL클레무브,others
1136,오토모티브,others
1137,이노비즈,others
1138,최고경영자,others
1139,한국자동차연구원,bridge
1140,GIST,others
1141,광주과학기술원(GIST),others
1142,삼성증권,private_policy
1143,세메스,others
1144,에스엘,others
1145,카네비모빌리티,bridge
1148,용인시용인특례시,others
1150,Hynix,others
1151,Samsung,others
1152,nea,others
1153,롯데백화점,others
1154,양우건설,others
1155,오송역,others
1156,청주국제공항,others
1157,한국재료연구원,others
1158,홈플러스,others
1159,국방과학연구소,bridge
1160,두산건설,others
1161,울산시청,others
1162,RIST,others
1163,포스텍,others
1165,포항시장,others
1166,SPC,others
1167,산업은행,others
1168,엔비디아,bridge
1169,스타트업,others
1170,포스텍(포항공과대학교,others
1171,경산시,others
1172,경산시장,others
1174,가우디오랩,others
1175,엠티에스컴퍼니,others
1176,웅진씽크빅,others
1177,모빌린트,others
1178,에이슬립,others
1179,엠티에스컴,others
1180,금천구청,others
1181,나라장터,others
1182,아산시청,others
1183,SMR,bridge
1184,세계경제포럼,others
1185,우크라이나 전쟁,others
1186,과기원,others
1187,K-시티,others
1188,동대문구,others
1189,동대문구청,others
1190,동대문구청장,others
1192,원전기업,others
1193,웨스팅하우스,others
1194,중동지역,others
1195,하마스,others
1196,한국수력원자력,others
1197,한수원,others
1198,마레몬스호텔,others
1199,교통국,others
1200,도시통합정보센터,citizen
1201,실무회,others
1202,보령시,others
1203,시민참여단,others
1204,보령시청보령시,others
1205,아토리서치,others
1206,클라우드앤,others
1207,전남정보문화산업진흥원,others
1208,대방산업개발,others
1209,방배동,others
1210,서울 아파트,others
1211,그린산업,others
1212,다쏘시스템,others
1213,다쏘시쓰템,others
1214,아마존,others
1215,우아한형제들,bridge
1216,천안시,bridge
1217,천안시장,others
1218,코나아이,others
1220,동남아시아,others
1221,중남미,others
1222,코즐로두이,others
1223,한국서부발전,others
1224,공항철도,others
1225,2025 WSCE,others
1226,가덕도신공항,others
1227,국회세종의사당,others
1229,뉴:빌리지,others
1230,디지털플랫폼정부위원회,others
1231,오픈업,others
1232,이엠시티,others
1233,2025,others
1234,GICC,others
1235,제주항공,others
1236,용인이동,others
1237,농식품부,others
1238,그린바이오,others
1239,하동군,others
1241,GovTech,others
1243,SoC,others
1244,모빌리티 동맹,others
1245,모셔널,others
1246,앱티브,others
1247,제너럴모터스,others
1249,농수산물도매,others
1250,법무부,bridge
1251,스마트도시통합센터,citizen
1252,안양시,others
1253,안양시장,others
1254,한경닷컴,others
1255,삼성그룹,private_policy
1256,PPP,others
1259,Consumer Electronics Show,others
1260,정보통신산업정책관,others
1261,한양대,bridge
1264,내일꿈제작소 건립,others
1266,시민복지,others
1267,사우디,bridge
1268,UAE,others
1269,버넥트,others
1270,L12BL,others
1271,스카이 커뮤니티,others
1272,아스펜,others
1274,테라스하우스,others
1275,현대모비스,private_policy
1276,CES 2023,others
1277,CES 2024,others
1278,㈜고스트패스,others
1279,㈜뉴작,others
1280,㈜인디제이,others
1281,㈜호그린에어,others
1282,㈜휴먼아이티솔루션,others
1283,고스트패스,others
1284,농생명,others
1285,마인스페이스,others
1287,비케이에너지,others
1289,신안그린테크,others
1290,와이그램,others
1291,피투제이,others
1292,희생자,others
1293,전남대학교,others
1294,메리핸드,others
1295,CTA,bridge
1296,미국소비자기술협회,others
1298,대전광역시,others
1299,로스쿨,others
1301,SK그룹,private_policy
1302,TCL,others
1303,삼성디스플레이,private_policy
1304,언베일드,others
1305,소비자기술협회(CTA,others
1306,부산관광공사,others
1307,TV조선,others
1308,어워즈,others
1309,유니세프,others
1310,연무동,others
1311,도봉구,bridge
1312,도봉구청장,others
1313,도시정보,others
1314,도시데이터,others
1315,서울신문,others
1318,(재)부산정보산업진흥원,others
1319,과학기술정통부,others
1320,는 국토교통,others
1321,한아세안 특별정상회의,others
1322,양자정보기술,others
1323,클라우드 엑스포,others
1324,스마트빌리지,others
1325,한·아세안 특별정상회의,others
1327,벡스코서,others
1328,아세안 특별정상회의,others
1329,K-City,others
1330,"국토장관 ""제주항공 참사",others
1331,정부세종청사,bridge
1332,국토부장관,others
1333,울산시의회,others
1334,CSEM사,others
1335,SCEWC,bridge
1336,SCEWC 어워즈,others
1337,㈜에프엠케이,others
1338,스마트넷제로시티,others
1339,인베스트,others
1340,킨텍스,others
1341,한국수자원공사(,others
1342,SCEWC 2024,others
1343,JDC,others
1344,제주국제자유도시개발센터,citizen
1345,제주도,bridge
1346,제주특별자치도,others
1347,전자공학부,others
1348,기술보증기금,others
1349,국가단,others
1350,KOTRA오사카 파견,others
1351,감사담당,others
1352,감사담당관실,others
1353,건설본부,others
1354,경제정책,others
1355,경제정책과,others
1356,공보담당관,others
1357,공항기획,others
1358,공항기획과,others
1359,과거사정리위원회 파견,others
1360,관광마이스산업,others
1361,국무조정실 파견,others
1362,권태영,others
1363,기획담당관실,others
1364,김대우,others
1365,대외협력TF,others
1367,맑은물정책과,others
1368,문화예,others
1369,문화예술과,others
1370,미래에너지산업과,others
1371,반도체신소재,others
1372,보건환경연구원,others
1373,부산진해경제자유구역청,others
1374,빅데이터통계담당,others
1375,산업통상자원부 파견,others
1376,상수도사업본부,others
1377,서울본부,bridge
1378,세계도핑방지기구총회추진TF,others
1379,세정정책담당관,others
1380,수산자원연구소,others
1381,시의회사무처,others
1382,신공항사업지원,others
1383,신공항사업지원단,others
1386,영상콘텐츠산업,others
1387,예산담당관,others
1388,인재개발원,bridge
1389,자원순환과장,others
1390,재정협력담당관,others
1391,전국체전기획단,others
1392,조직담당관,others
1393,지방시대위원회 파견,others
1394,지산학협력,others
1395,지산학협력과장,others
1396,차량등록사업소,others
1398,총무과,others
1399,치의학바이오,others
1400,택시운수,others
1401,한국산업단지공단,bridge
1402,한국지역정보개발원,policy
1403,한창엽,others
1404,해양자연사박물,others
1405,현대미술관,private_policy
1406,홍보담당관,others
1407,국제스포츠산업,others
1408,사회복지,bridge
1409,신공항,others
1410,CSEM,others
1411,공학한림원,others
1412,NFL,others
1413,이에이트,others
1414,원광에스앤티,others
1415,자원순환정책과장,others
1416,충남대,bridge
1417,고양시청,others
1418,고양특례시의회,others
1419,정례회,bridge
1421,금샘종합건설,others
1422,충남정보문화산업진흥원,others
1423,태안군,bridge
1425,한서대학교,others
1426,동주민센터,citizen
1427,서초구,bridge
1428,서초구청장,bridge
1429,영국표준협회(BSI),others
1431,도시재생지원센터,citizen
1432,재난관리평가,others
1433,재난안전대책본부,others
1434,gist,others
1435,미래도시,others
1436,중앙도시계획위,others
1437,한국교통연구원,others
1438,하나증권,others
1439,올거나이즈,others
1440,코오롱베니트,others
1441,이노그리드,others
1442,AIC,others
1443,세미나,bridge
1445,경기도의회,policy
1446,경기주택도시공사(GH,bridge
1447,경기주택도시공사(GH),others
1448,스타트업 플래닛,others
1449,상임위,bridge
1450,경기용인플랫폼시티,others
1451,테크노밸리,others
1452,음성군,bridge
1453,달서구,others
1454,달서구청장,others
1455,달서구청,others
1456,에스아이티테크놀로지,others
1457,전파진흥협회,others
1458,한국전파진흥협회,others
1459,동서대,others
1460,시큐리티,others
1461,보상협의회,others
1462,세종도시교통공사,others
1463,중앙대학교,others
1464,충북과기원장,others
1465,충북도,bridge
1467,도심부,others
1469,서울통합,others
1470,교육혁신원장,others
1471,대구대,bridge
1472,해양수산부,bridge
1473,해양진흥공사,others
1474,해진공,others
1475,부산시의회,others
1476,취수원,others
1477,골드시티,others
1478,군지회,others
1479,솔라시도 골프앤빌리지,others
1480,솔라시도CC 옆,others
1481,열린도서관,others
1482,위더스,others
1483,향우회장,others
1484,수원시장,others
1485,캠틱종합기술원,others
1486,IMD,others
1487,국제경영개발대학원,others
1488,스마트도시협회,bridge
1489,아우토크립트,others
1490,체인지업그라운드,others
1491,모빌테크,others
1492,의정부시,others
1493,세종시립도서관,others
1494,시립도서관,others
1495,의정부시장,others
1496,수원시의회,others
1497,한치훈,others
1498,SW중심대학사업단장,others
1499,경기대,others
1500,교육경제개발연구소,others
1501,의정부시의정부시,others
1502,경기대학교,others
1503,의정부시 제공,others
1504,Soc,others
1505,세종시장,others
1506,2030,others
1507,Circ,others
1509,도시통,others
1510,국민대,others
1512,머니투데,others
1513,바이브컴퍼니,others
1514,4차산업혁명위원회,others
1515,특별위원회,others
1516,임원추천위원회,others
1517,상임위원회,others
1518,동안구청,others
1519,아카데미,others
1520,홍익대,others
1521,홍익대 세종캠퍼스,others
1522,고등법원,others
1523,인천고등법원,others
1524,옥스퍼드대,others
1525,케임브리지대,others
1526,WMO,others
1527,세계기상기구,others
1528,기상청,others
1529,기상청장,others
1530,농진청,others
1531,농촌진흥청,others
1532,서울대학교,bridge
1533,질병관리청,others
1534,항공우주국(NASA),others
1535,그린스마트시티,others
1536,벤처투자조합,others
1537,솔루엠,others
1538,호반건설,others
1539,SH공사,bridge
1540,서울주택도시공사(SH공사),others
1541,용산국제업무지구,others
1542,태평양,others
1543,진주시,others
1544,아시아태평양,others
1545,국토교통부장관,policy
1546,국토교통부장,policy
1547,남원시,others
1548,리빙랩,citizen
1549,도시재생혁신지구,others
1550,횡성군,bridge
1552,고려아연,others
1553,동명대,others
1555,동의대,others
1556,부경대,others
1557,교통대,others
1558,KDB인프라자산운용,others
1559,스미토모상사,others
1560,우리은행,bridge
1561,카라마,others
1562,한국남부발전,others
1563,JB주식회사,others
1564,디케이테크인,others
1565,아인스에스엔씨,others
1566,동양일보,others
1567,그린산업단지,others
1568,LH-,private_policy
1569,국가주석,others
1570,동남신도시,others
1572,세대원,others
1574,NHN,others
1575,UGPP,others
1577,뉴에너지㈜,others
1579,백현마이스,others
1580,분당벤처밸리,others
1581,분당지역,others
1582,성균관대,bridge
1584,성남시장,others
1585,성남시정연구원,others
1586,영국표준협회,others
1587,하이테크밸리,others
1588,혁신연구센터,citizen
1589,위원회,others
1590,LS일렉트릭,others
1591,도시정비기획단,others
1593,베드타운,others
1594,수인분당선,others
1595,아자부다이,others
1597,CBS,others
1598,DIP,others
1599,대구디지털혁신진흥원(DIP,others
1600,대구지역,others
1601,에어딥,others
1602,유니바,others
1603,부산도시공사,bridge
1604,LH토지주택연구원,private_policy
1605,국토교통위,others
1606,aDRT,others
1607,대구교통공사,others
1608,위니텍,others
1609,교통공사,others
1610,중구청,others
1611,행정복지,others
1612,국립대,others
1613,도시공학과,others
1614,충북대,others
1615,5G·6G,others
1617,비바이노베이션,others
1618,내년도,others
1619,대사관,bridge
1620,재건 협력,others
1621,우리정부,others
1622,스태티스타,others
1623,에너지,others
1624,SCIRC,others
1625,CVC,others
1626,엑스플로인베스트먼트(GS건설,others
1627,플랜에이치벤처스,others
1629,전자신문,others
1630,한화시스템,bridge
1631,풀스택,bridge
1632,국무총리,others
1633,서울경제진흥원(SBA),others
1635,지방시대위원회,bridge
1636,한국에너지공단,others
1637,창녕군,others
1638,Fujitsu,others
1639,UMC사,others
1640,㈜뉴럴디,others
1641,㈜마이렌,others
1642,㈜티엠씨솔루션즈,others
1644,디자인하우스,others
1646,카투㈜,others
1647,코코넛사일로㈜,others
1648,클라이온,others
1649,텐에이젼트㈜,others
1651,후지쯔,others
1653,Japan,others
1654,shi,others
1655,Bri,others
1656,Iss,others
1657,cia,others
1658,국립주택공사(NHC),others
1659,시티스케이프,others
1660,팀네이버,private_policy
1661,사무소,bridge
1662,마이렌,others
1663,수자원환경부문장,policy
1664,바우처,others
1665,SQI소프트,others
1666,빈홈스,others
1667,와이즈스톤,others
1668,국립주택공사(NHC,others
1669,NASA,bridge
1671,도시구성원,others
1672,아람코,bridge
1674,한국과학기술연구원,others
1675,한화자산운용,others
1676,매일경제,others
1678,양양군,others
1679,양양새활용센터,citizen
1680,양양새활용주식회사,others
1681,양산시,others
1682,양산시장,others
1683,공화당,bridge
1684,재건협력포럼,others
1685,전력공사,others
1686,삼정KPMG,others
1687,중동 시장,others
1688,카타펄트,others
1689,펜타시큐리티,others
1690,이슬람,others
1691,탄소중립지원센터,citizen
1692,양산만,others
1693,Fed,others
1695,JETRO,others
1696,도쿄무역관,others
1697,디지철청,others
1698,디지털청,others
1699,로봇산업진흥원,others
1700,서울경제진흥원,others
1701,제주창조경제혁신센터,citizen
1702,개발청,others
1703,세계은행,bridge
1704,재건청,others
1705,홀텍인터내셔널,others
1706,이스트소프트,others
1707,소프트뱅크,others
1708,KDDI,others
1709,IDB,others
1710,미주개발은행,others
1711,기업혁신파크,others
1712,건설교통부,others
1713,국무조정실,others
1714,국토해양부,others
1715,내무부,others
1716,스탠퍼드대,bridge
1717,한국부동산원,others
1718,주거복지,others
1719,문화부,others
1720,총영사관,others
1721,비엠 시큐리티,others
1723,국제전기통신연합,others
1727,한국ITS학회,others
1728,주야로,others
1729,대한전선,others
1730,삼원에프에이,others
1731,첨단산업국장,others
1732,서울관,others
1733,성남시청,others
1734,K-ESL,others
1735,LH공사,private_policy
1736,LGCNS,private_policy
1737,AMC,others
1738,VKC,others
1739,KICT,others
1740,ODA,others
1741,IPTE,others
1742,ISO,others
1743,무브먼츠,others
1744,창소프트아이앤아이,others
1745,정치국,others
1746,경찰대학,others
1747,과학치안 아이디어 공모전,others
1748,과학치안진흥센터,citizen
1749,소프트웨어융합대학,others
1750,인하대,others
1751,인하대학교,others
1752,한국과학기술연구원(KIST),others
1753,한국컴퓨터정보학회,others
1754,ITS 체계,others
1755,OK민원센터,citizen
1756,서초구청,others
1757,총영사,others
1758,Kara,others
1759,교통부장관,others
1760,카자흐스탄,others
1761,K-UAM,others
1762,공동성명,others
1763,정상회담,others
1764,K-UAM그랜드챌린지,others
1765,K-모빌리티,others
1766,서울로봇인공지능과학관,others
1767,서울시청,others
1769,WTSA,others
1771,국립전파연구원장,others
1772,정보통신산업진흥원(NIPA,others
1773,주립대학,others
1774,국가과학기술연구회,others
1775,한국표준과학연구원,others
1776,TGV,others
1777,HPC,others
1778,GITEX,others
1779,아랍에미리트연합,others
1781,지니언스,others
1782,게티이미지뱅크,others
1783,리벨리온,others
1784,메가존클라우드,others
1785,데이터인공지능청,others
1786,뤼튼테크놀로지스,others
1787,업스테이지,others
1788,마켓앤마켓,others
1789,가로림만,others
1790,벌천포해수욕장,others
1791,서산시,others
1792,서산시장,others
1793,서산시청,others
1794,부산대학교,others
1795,동서대학교,others
1796,부산광역시컨소시엄,policy
1797,부산진구청장,others
1798,아세안 디지털트윈 초청,others
1799,비츠로시스,bridge
1800,비츠로시스글로벌인도네시아,others
1801,빛과전자,others
1802,세계보건기구(WHO,others
1803,인천스타트업파크,bridge
1804,조달청,bridge
1805,IBEN,others
1807,군위군,others
1808,선정위원회,others
1809,스타기업관,others
1810,튀르키예,others
1811,탄소중립,others
1812,세계본부,others
1813,광명3동,others
1814,늘빛하늘정원,others
1815,경기도경제과학진흥원,policy
1816,제천시,bridge
1817,도시정보공학과,others
1818,스마트시티공학과,others
1819,리더스,others
1820,미래재단,others
1821,부총영사,others
1822,대한전선㈜,others
1823,도시첨단산업단지,others
1824,박달스마트밸리,others
1825,지방분권,others
1826,국유재산정책심의회,others
1827,지방정부협의회,others
1828,만안구,others
1829,안양교도소,others
1830,고양가구조합,others
1831,휴게쉼터 조성공사,others
1832,KT클라우드,private_policy
1833,카카오엔터프라이즈,private_policy
1834,GSS,others
1835,IT서비스비즈니스연구회,others
1836,메이지대학,others
1837,시찰단,others
1838,한국공간정보통신,others
1839,청원경찰,others
1840,KSIC,others
1841,KB국민은행,others
1842,국토부-,others
1843,the Living,others
1844,인천일보,others
1845,청년문화센터,citizen
1846,국토위,others
1847,진보당,others
1848,실증단지,others
1849,DGIST,others
1850,과학기술원,others
1851,광주과학기술원,others
1852,머니투데이,others
1853,울산과학기술원(UNIST),others
1854,울산과학기술원,others
1856,한국측,others
1857,경기창조경제혁신센터,citizen
1858,서울투자청,others
1859,한-중동,others
1860,한국콘텐츠진흥원,others
1861,정부역량강화부,others
1862,삼성SDI,private_policy
1864,리콘랩스,others
1865,아이온커뮤니케이션즈,others
1866,한·중동,others
1867,에이치투오호스피,others
1868,자이텍스,others
1869,정부역,others
1870,과기정통부]과학기술정보통신부,policy
1871,기초연,others
1872,대구경북과학기술원(DGIST),others
1873,서울아산병원,others
1874,중앙보훈병원,others
1875,한국기계연구원,others
1876,노벨상,others
1877,하나은행,others
1878,한화큐셀,others
1879,헤드마운트디스플레이,others
1880,공영주차장,others
1881,MoU,others
1882,재난관리,others
1883,재난관리기금,others
1884,재난관리평,others
1885,중앙정부,others
1886,광주과학기술원(GIST,others
1887,한국과학기술정보연구원(KISTI,bridge
1888,안전문화살롱,others
1889,위드위,others
1890,STC,others
1892,무역관장,others
1893,ICT융합엑스포,others
1894,SK리츠,private_policy
1895,프라운호퍼,others
1896,HD현대로보틱스,private_policy
1897,DIFA,others
1898,한국항공우주산업,others
1899,바이오 헬스케어,others
1900,새만금,others
1901,새만금청,others
1902,LVIS,others
1903,세라젬,others
1904,뉴욕타임즈,others
1905,경호처,others
1906,어린이정원,others
1907,올댓아이엠씨,others
1908,한국토지주택공사(,others
1909,경영전문대학원,others
1912,인천경제자유구역청인천,others
1913,유엔-해비타트,others
1914,해비타트,others
1915,마이무,others
1916,말레이시아,others
1917,SUSA,others
1918,서울국제개발협력단,others
1920,자유무역지대,others
1921,5+1,others
1922,산업별,others
1923,KDI,others
1924,공주대,bridge
1925,국제정책대학원,others
1926,MIT,bridge
1927,도시바ESS,others
1928,양자산업,others
1929,큐에라컴퓨팅,others
1930,하버드대,others
1931,한국과학기술원(KAIST),others
1932,한글문화단지,others
1933,SK쉴더스,private_policy
1934,세종청사-국회,others
1935,하버드,others
1936,한국정보보호학회,bridge
1937,국립도서관,others
1938,대통령기록관,others
1939,세종지방법원,others
1940,행정대학원,others
1941,세종시의회,others
1942,세종특별자치시장,policy
1943,한국영상대,others
1945,리야드,others
1946,킹살만파크,others
1947,아이야프,others
1948,리야드시,others
1949,CMI,others
1950,의료혁신센터,citizen
1951,IGC,others
1952,경제청,others
1953,스탠포드대,others
1954,스탠포드대학교,others
1955,조지메이슨대,others
1956,스탠포드,others
1957,한국과학기술원,others
1958,작은도서관,others
1959,판타G버스,others
1960,휴맥스모빌리티,others
1961,율동공원,others
1963,이모빌리티,others
1964,이모빌리티 혁신지구,others
1965,청년아카데미,others
1966,한국지역경영원,others
1968,(사)캠틱종합기술원,others
1969,산업부총리,others
1970,알카닥 신도시,others
1971,한-중앙아 정상회의,others
1972,지역개발부,others
1974,체코 프라하,others
1975,한-체코 스마트시티,others
1977,Ama,others
1979,국가안보실,others
1980,국군방첩사령부,others
1981,솔라윈즈,others
1982,국가사이버안보센터장,citizen
1983,유럽연합(EU),others
1984,도의회,bridge
1985,국토정책관,others
1987,한국환경연구원,others
1988,CJ제일제당,others
1989,LG그룹,private_policy
1990,대법원,others
1991,경제산업국,others
1992,서울시립대학교,others
1993,Fia,others
1994,철도협력회의,others
1995,항공회,others
1996,韓-체코,others
1998,철도시설공사,others
1999,한국철도기술연구원,others
2000,MRO,others
2001,드론산업,others
2002,제작사,others
2003,한국항공대학교,others
2004,고양드론앵커센터,citizen
2005,한국항공대,others
2006,항공대학,others
2007,㈜와이젠글로벌,others
2008,콘텐츠코리아,others
2009,K-스마트시,others
2010,LH(한국토지주택공사,private_policy
2012,맥킨지앤드컴퍼니,others
2013,정보기술,others
2014,일산킨텍스,others
2015,아타드,others
2016,한국수자원공사(K-WATER,policy
2017,강서구청,others
2018,개인정보보호위원회,others
2019,한국언론인협회,others
2020,서강대,others
2021,안양시청,others
2022,코코엠텍,others
2023,양해각서,others
2024,GIC,others
2025,파나마,others
2026,아프리카,others
2027,S&P,others
2028,개발은행,others
2029,아프리카개발은행,others
2030,고위급 다자회의,others
2031,카인드,others
2032,KIND(한국해외인프라도시개발지원공사,others
2034,Google 번역,others
2035,KINTEX,others
2036,다자개발은행,others
2037,해외건설협회장,others
2038,한국수출입은행장,others
2039,도시협회 스마트시티 융합,others
2040,더존비즈온,others
2041,정보통신산업진흥원(,others
2042,한국해양과학기술원(KIOST,others
2043,강서구,bridge
2044,에스앤티시스템,others
2045,지온디티,others
2046,항공교통,others
2047,선도지구,others
2048,유관부서장,others
2050,세종스마트시티㈜,others
2051,㈜세종스마트시티,others
2052,혁신벤처스타트업존,others
2053,제공안양시,others
2054,파워코리아,others
2055,도심항공교통법,others
2056,KB인베스트먼트,others
2057,카카오벤처스,private_policy
2058,WSCE 어워즈,others
2059,한국투자파트너스,others
2060,#NAME?,others
2062,GURS,others
2063,교통정보통신부,others
2064,브루나이,others
2066,현대위아,private_policy
2068,2024 WSCE,others
2069,현대도시개발,private_policy
2070,딜리버리,others
2071,콤파스,others
2072,ANRA,others
2073,스카이포트,others
2075,퍼스트코,others
2077,천연자원환경부,policy
2079,모빌리,others
2080,성남시성남시,others
2081,스마트시티 홍보관,others
2082,드림팀,others
2083,엑스포 어워즈,others
2084,ing,others
2085,POSCO,others
2086,POSTECH,others
2089,새만금개발공사,others
2090,Kio,others
2091,브이투엑스,others
2092,세종시청,others
2093,세종특별자치시,policy
2094,동아닷컴,others
2096,목포시장,others
2097,LH-현대차그룹,private_policy
2098,S-A2,others
2099,DICE,others
2100,국가재정법,others
2101,라온로드,others
2102,라온피플,others
2103,GSO,others
2104,bea,others
2106,현대로템,private_policy
2107,현대글로비스,private_policy
2108,현대제철,private_policy
2109,NVIDIA,others
2110,엔비디아코리아,others
2111,엠피닥터,others
2112,파트너사,others
2113,목포시청,others
2114,한국사무소,others
2115,SAP,others
2117,경남대,others
2118,경남대학교,others
2119,공동연구센터,citizen
2120,마크베이스,others
2121,삼성중공업,private_policy
2122,한화기계,others
2123,알카닥도시건설위원장,others
2124,홍익대학교,others
2125,도심항,others
2126,ICB,others
2127,공간정보산업진흥원,others
2128,공항공사,others
2129,학온역,others
2130,Energy,others
2131,SCI,others
2132,봉은사,others
2133,SCSE,others
2134,BS산업,others
2135,보성그룹,others
2137,㈜솔트룩스,others
2138,경제기획원,bridge
2139,국무총리실,others
2140,대학교육,others
2141,산업협력,others
2142,서울교통공사,others
2143,정보통신부,bridge
2144,재생에너지,others
2145,호남고속철도,others
2146,김해시,others
2147,제공김해시,others
2148,화정초,others
2149,Dri,others
2150,RISE,bridge
2151,개도국,others
2152,유럽연합(,others
2153,한국전산원,others
2154,대한상공회의소,others
2155,인공지능대학원협의회,others
2156,한국정보과학회,others
2157,UN),others
2158,국제전기통신연합(,others
2159,아태지역,others
2160,(사)한국언론인협회,others
2161,국제전기통신연합(ITU,others
2164,미추홀구,others
2165,동해시만,others
2166,경안천,others
2167,고기교,others
2168,교육지원청,others
2169,동막천,others
2170,KBS,others
2171,재난관리평가서,others
2172,특허청,others
2173,건설교육원,others
2174,도시개발협력,others
2176,정상회,others
2178,자유한국당,others
2179,이데일리,bridge
2181,교통안전공단,others
2182,한국지방자치경영대상,others
2183,시흥시,others
2184,파주시,others
2185,다이내믹스,others
2186,인천공항,bridge
2187,현대차-인천국제공항공사,private_policy
2188,미래항공모빌리티,others
2189,#NAME?,private_policy
2190,인천공항공사,others
2191,Hyundai,others
2193,도시개발 혁신,others
2194,엠큐닉,others
2195,상공회의소,bridge
2197,한-사우디,others
2198,네옴시티,bridge
2200,김포시장,others
2201,한국IBM,others
2202,한국마이크로소프트,others
2204,김포한강2콤팩트시티,others
2205,샤라프,others
2206,미래도시기획국장,others
2207,용인도시공사,others
2208,첨단하이테크,others
2210,O&M,others
2211,투자은행,others
2212,한화그룹,others
2213,LH사장,private_policy
2214,삼성PIS글로벌인프라펀드,private_policy
2215,한국투자신탁운용,others
2216,베스핀글로벌,others
2217,바이낸스,others
2218,중동 지역,others
2219,경제관계장관회의,others
2220,주택공사,bridge
2221,해외인프라도시개발공사,others
2223,공항(,others
2224,도로(한국도로공사,policy
2225,의왕시청,others
2227,KIND(,others
2228,대주주,others
2229,재정부,others
2230,민관합동지원단,others
2231,프라도시개발공사,others
2232,아시아,others
2233,수원국,others
2234,코이카,others
2235,KOICA,bridge
2237,한국토지공사(,others
2239,전북도의회,others
2240,NHC,others
2241,라이얀,others
2242,알스와하,others
2243,자치행정주택부,others
2244,통신정보기술부,others
2245,파하드,others
2246,마제드 알,others
2247,폭스콘,others
2248,남북고속철도,others
2250,알스퀘어,others
2253,교통운송부,others
2254,철도건설,others
2255,협력위원회,others
2256,하노이,others
2257,희림종합건축사사무소,others
2258,gap,others
2260,제일건설,others
2261,단국대학교,others
2263,국토정책위원회,others
2264,천안역세권,others
2265,대구지방환경청장,others
2266,박닌성,others
2267,구미사업장,others
2268,정부세종컨벤션센터,citizen
2269,인공지능융합본부,others
2270,해수부,others
2271,대구지방환경청,others
2272,Nan,others
2273,키이우,others
2274,용인교육지원청,others
2275,창조경제혁신센터,citizen
2276,풀무원,others
2278,대전 도시철도,others
2279,목원대학교,others
2280,유성구,others
2281,유성온천역,others
2282,주택산업연구원,others
2283,는 행정안전,others
2284,KTX광명역세권,private_policy
2285,광휘고,others
2286,노선위원회,others
2287,대도시권광역교통위원회,others
2288,도심공항터미널,others
2289,오리서,others
2290,오리서원,others
2291,광명시청,others
2292,호서대,others
2294,과학기술정보통신부·,policy
2295,성균관대학교,others
2296,한국인터넷진흥원(KISA,others
2297,호서대학교,others
2298,KTX,private_policy
2299,Mou,others
2300,한국철강협회,others
2301,광명시광명시,others
2302,부동산업계,others
2303,아너스,others
2304,부동산R114,others
2305,KCC건설,others
2306,교촌동,others
2307,금호건설,others
2308,중앙고,others
2309,더퍼스트,others
2310,11.3m,others
2311,3.3m,others
2312,기아자동차,others
2313,스타트업 후시파트너스,others
2314,후시파트너스,others
2315,도안리버파크,others
2316,광명역,others
2317,KTX광명역,private_policy
2318,민주연구원,others
2319,홍찬표 도시공간기술사사무소,others
2320,Next,others
2321,itute,others
2322,노키아,others
2323,어드밴스드,others
2324,무역관,others
2325,중진공,others
2326,상인회,others
2327,소방본부,others
2328,벤처캐피탈,others
2329,플랜에이치,others
2330,호반그룹,others
2332,호반산업,others
2333,호반호텔앤리조트,others
2334,호반파크,others
2335,스마트건,others
2336,엑스플로,others
2337,엑스플로인베스트먼트,others
2338,플랜에이,others
2339,가스프롬,others
2340,나프토가스,others
2341,대진대,others
2342,대진대학교,others
2344,에이큐오,others
2345,한국경제신문,others
2346,명촌지구,others
2347,북구청,others
2348,프레스센터,citizen
2349,태백시,others
2351,강릉시,others
2353,홍유진,others
2354,데이터사이언스대학원,others
2355,바이브,others
2356,UN공공행정포럼,others
2357,국립세계문자박물관,others
2358,기술혁신지원센터,citizen
2359,주한공관장,others
2360,문화교류,others
2361,UN공공행정포럼 환영오찬,others
2362,기후에너지과,others
2363,WHO,bridge
2364,노인복지관,others
2365,문화자원센터,citizen
2366,한국매니페스토실천본부,bridge
2368,도교육청,bridge
2369,호국원,others
2370,재래식,others
2372,청년창업,bridge
2373,장성광업소,others
2374,더민주,others
2375,APP,others
2376,스마트그린산업단지,others
2377,에코체,others
2378,강원지사,others
2379,한국광해광업공단,others
2380,한국지질자원연구원,others
2383,테크노파크,others
2384,도심융합특구,others
2385,스마트시,others
2386,스마트시티건,others
2387,천안만,others
2388,프랑스,others
2389,스마트그린산단,others
2392,고령군,others
2393,GS칼텍스,others
2394,HL디앤아이한라,others
2395,롯데케미칼,others
2396,고양방송영상밸리,others
2397,처인구,others
2398,반도건설,others
2400,대전시청,others
2401,금오공대,bridge
2402,쏠리드,others
2403,분당서울대병원,others
2404,정선군,others
2405,디지털경제진흥원(DEPA,others
2406,이집트,others
2407,카이로,others
2408,러시아군,others
2409,서유럽,others
2410,유엔 안전보장이사회,others
2411,태국 디지털경제진흥원,others
2412,필리핀,others
2413,한-태국 스마트시티,others
2414,대한상의,others
2415,한국플랜트산업협회,others
2416,HFR,others
2417,TIPF,others
2419,국영가스공사,others
2420,국영화학공사,others
2421,중앙아시아,others
2422,아시카바트,others
2423,동서양,others
2424,한국조선해양기자재공업협동조합,citizen
2425,투르크메니스탄상,others
2426,메르겐 구르도프,others
2427,현대ENG,private_policy
2428,K-ECA,others
2429,윤석열#대통령,others
2430,삼성·,private_policy
2431,투자보장협정,others
2432,비즈니스,others
2434,고양시고양시,others
2435,둘레길,others
2437,비대위,others
2438,우즈베키스탄,bridge
2439,인민이사회,others
2440,대전센터,citizen
2441,지능형자동차부품진흥원,others
2442,the,others
2443,한국데이터산업진흥원(K-DATA),others
2444,대통령비서실,others
2445,수성알파시티에,others
2448,메카로,others
2449,동인청사,others
2450,GIS,others
2451,수성알파,others
2452,사천시,others
2453,우주항공청,others
2455,계명대,bridge
2456,계명대학교,others
2457,대구경북,others
2458,매일신문,others
2459,푸른하늘상,others
2460,용역사,others
2462,르완다,others
2463,웨스틴조선호텔,others
2464,한-아프리카 정상회의,others
2465,국제금융공사(,others
2466,도로부,others
2467,케냐 도로교통부,others
2468,SSCE,others
2469,페이스북,others
2470,인프라,others
2471,글로벌플랜트건설스마트시티,others
2473,EDCF,others
2475,경북도,others
2476,투자선도지구,others
2477,IB총괄,others
2478,SK증권,private_policy
2479,국립아시아문화전당,others
2480,어반플레이,others
2481,SECURITY,others
2483,이디어 경진대회,others
2484,인천도시재생지원센터,citizen
2485,인천도시공사,bridge
2486,3GPP,others
2488,SA1,others
2489,국제 국제표준화 단체,others
2491,통신사,others
2492,마켓앤드마켓,others
2493,AI반도체,others
2494,ESE사,others
2495,아라소프트사,others
2496,아세안,bridge
2497,아세안 정상회의,others
2498,연구혁신청,others
2499,웨이센,others
2500,티멕스티베로,others
2501,한-아세안,others
2502,한-아세안 정상회의,others
2503,통신정보부,others
2504,도안면,others
2505,행복드림버스,others
2506,도시개발공사,others
2508,서울주택도시공사(SH),others
2509,세계일보,others
2510,가이아엑스,others
2511,우경정보기술,bridge
2512,쉐라톤,others
2514,의성군,others
2515,무안군,others
2516,삼성엔지니어링,private_policy
2517,한국전력기술,others
2519,글로컬대학,others
2521,창원국가산단,others
2522,한국전기연구원,others
2523,i-SMR,others
2524,뉴스케일,others
2525,동국대,others
2526,농지공간기획부,others
2527,농지공간기획부 토지청,others
2528,국토교통기술대전,others
2529,동남아대양주지역본부장,others
2530,비즈니스협회,others
2531,에코 시티,others
2532,재무부,bridge
2533,G1방송,others
2534,G1방송 스튜디오,others
2535,국회규칙,others
2536,국회사무처,others
2537,입법부,others
2538,행복청장,others
2539,누리동,others
2540,세종의사당,others
2541,국회규,others
2542,테크밸리,others
2543,KLSC,others
2544,경영전략본부,others
2545,유비벨록스,others
2546,동아일보,others
2547,한국개발연구원(KDI),others
2548,LITT 2024,others
2549,모빌리티관,others
2550,미래항공관,others
2551,발주처 설명회,others
2552,TBM,others
2553,BBC방송,others
2554,대곡역,others
2555,난양공과대학,others
2556,난양공대,others
2557,리드디스커버리,others
2558,바이오파크,others
2559,혁신단,others
2560,EU(유럽연합),others
2561,AI 융합산업,others
2562,KIBWA,others
2564,서울메쎄(대표,others
2565,YH데이타베이스,others
2566,리더스시스템즈,others
2567,메이팜소프트,others
2568,명인이노,others
2569,몬드리안에이아이,others
2570,버즈니,others
2571,블루닷,others
2573,비아이매트릭스,others
2574,비에이치에스엔,others
2575,사미텍,others
2576,사이냅소프트,others
2577,세인티,others
2578,셀바스AI,others
2579,슈어소프트테크,others
2580,슈퍼브에이아이,others
2581,스퀴즈비츠,others
2582,씨에스리,others
2583,씨이랩,others
2584,아이크래프트,others
2585,액션파워,others
2586,앱테스트에이아이,others
2587,어니컴,others
2588,에이데이타,others
2589,에이프리카,others
2590,엔유엘,others
2591,엠클라우독,others
2592,올빅뎃,others
2593,이든티앤에스,others
2594,케이투스,others
2595,테스트웍스,others
2596,티쓰리,others
2597,이노뎁,others
2598,한국산업기술시험원,others
2599,딥브레인AI,others
2600,딥블루닷,others
2601,스누아이랩,others
2602,씨유박스,others
2603,인천광역시청,others
2604,K시티,others
2605,K-시,others
2606,삼성서울병원,private_policy
2607,한국외국어대학교,others
2608,한글학회,others
2609,행정법원,others
2610,기획관,others
2611,지방법원,others
2612,행정자치부,others
2613,국회 법제사법위,others
2614,소청심사위,others
2615,정원도시박람회,others
2616,삼성바이오로직스,private_policy
2617,두산위브,others
2618,롯데바이오로직스,others
2619,송도자,others
2620,오송첨단의료복합단지,others
2621,익산시,others
2622,일산테크노밸리,others
2623,융합얼라이언스,others
2624,동문초등학교,others
2625,신흥SK뷰,private_policy
2626,신흥초,others
2627,중리초,others
2629,광주전남공동혁신도시,others
2630,KOMIR,others
2631,한국사회복지협의회,others
2632,SSNC,others
2634,서부발전,others
2636,한국농수산식품유통공사,others
2637,한국자산관리공사,others
2638,국제도시과학대학원,others
2639,캐나다,others
2640,LX한국국토정보공사(LX공사,others
2641,평촌신도시,others
2642,파이낸싱,others
2643,G2G,others
2644,제공의왕시,others
2645,SK실트론,private_policy
2646,국제수자원관리동맹,others
2647,한국경제인협회,bridge
2648,대학(,others
2649,여주시,bridge
2650,평택캠퍼스,others
2651,티머니,others
2653,㈜무브먼즈,others
2654,㈜비트센싱,others
2655,HBM,others
2656,AI보안연구센터,citizen
2657,ICT융합연구센터,citizen
2658,숭실대,bridge
2659,인천대,others
2660,서울구치소,others
2661,메타이뮨텍,others
2662,정읍시,others
2663,WIS,others
2664,전자신문사,others
2665,부동산원,others
2666,한국해외인프라도시개발지원공사(KIND),others
2667,이티엑스,others
2668,㈜KT,private_policy
2669,IBK투자증권,others
2670,바라카 원전,others
2671,건축정책위원회,others
2672,국가건축정책위원회,others
2673,대전대,others
2674,대전시장,others
2675,도쿄공업대,others
2676,스마트시티건축공학,others
2677,대전대학교,others
2678,총괄건축가,others
2679,충남대학교,bridge
2680,도청신도시,others
2681,예천군,bridge
2682,인프라협력단,others
2683,주택도시개발부,others
2684,도시개발부,others
2685,메트로청,others
2686,미주개발은행(,others
2687,GCCL,others
2688,ommunity,others
2689,국제경영개발연구원,others
2690,서울부동산포럼,others
2691,민생토론회,others
2692,전쟁기념관,others
2693,피스앤파크,others
2694,보건복지,others
2695,한국개발연구원(KDI,others
2696,용인반도,others
2697,세종스마트시티,others
2698,포티투닷,others
2701,매일경제신문,others
2702,sony,others
2703,엔에이치네트웍스,others
2704,창원시,others
2705,AWWA,others
2706,대전컨벤션센터,citizen
2707,독고석,others
2708,블랙골드,others
2709,한국물포럼,others
2710,한국상하수도협회,others
2711,광주광역시장,others
2712,2024,others
2713,fig,others
2714,중소벤처기업진흥공단,others
2715,경상북도,others
2717,사이버침해대응센터,citizen
2718,28기가헤르츠,others
2719,국제 사이버보안 연합,others
2720,국제 사이버보안 위크,others
2721,기술정보통신협의회,others
2722,퀸즈대,others
2723,과학기술정보통신협의회,others
2724,핵테온,others
2725,원자력공사,others
2726,하마스 전쟁,others
2727,카타르에너지,others
2728,주정부,others
2729,소방서,bridge
2730,성동구,others
2731,스마트시티통합,others
2732,스마트안전센터,citizen
2733,스마트안,others
2734,베스트웨스턴플러스,others
2735,BNK금융지주,others
2736,한화시스템(주),others
2737,KRW,others
2739,건국대,others
2740,과학기술청,others
2741,인민위원회,others
2742,짜빈대학교,others
2743,서울대병원,others
2744,공공행정부,others
2745,도시농촌주택부,others
2746,마엔차시,others
2747,이탈리아,others
2748,CSI,others
2749,인사혁신처,others
2750,UAM박람회,others
2751,자율주행기술개발혁신사업단,others
2752,혁신사업단,others
2753,미래자동차 부품,others
2754,자율주,others
2755,구리시,others
2756,구리시장,others
2758,흥국증권,others
2759,조선소,others
2760,ARC,others
2761,MCIT,others
2762,SAPTCO,others
2763,정보통신기술부,others
2764,하이퍼스케일 데이터센터,citizen
2765,스와하,others
2766,아카렌가 창고,others
2767,카시와노하 UDCK,others
2768,자치행정교통부,others
2769,알스와하 통신정보기술부,others
2770,정보통신기술부(MCIT,others
2771,메이팜,others
2772,솔버아이티,others
2773,㈜메이팜,others
2774,㈜버넥트,others
2775,㈜솔버아이티,others
2776,딜로이트,others
2778,콜롬비아,others
2779,폭스바겐,others
2780,KT엔지니어링,private_policy
2781,KT전남·전북법인고객본부,private_policy
2782,곡성군,others
2783,과천시,others
2784,융기원,others
2785,차석원,others
2786,차세대융합기술연구원,others
2787,서영엔지니어링,others
2788,CSI콘퍼런스,others
2789,LEAP,others
2790,카타르,others
2791,통신부,others
2792,화웨이,others
2793,북부경찰서,others
2795,CTECH,others
2796,GSMA(세계이동통신사업자협회,others
2797,㈜우경정보기술(대표,others
2798,유럽지역,others
2799,엑스게이트,others
2800,시큐레터,others
2801,한국정보보호산업협회,others
2802,케이앤어스,others
2803,국제모바일기술박람회,others
2804,디포스,others
2805,전경대구광역시,others
2806,아산정책연구원,others
2807,정보보호대학원,others
2808,주한미군,others
2810,국무위,others
2811,세계이동통신사업자협회,others
2812,가야대,others
2813,경남정보대,others
2814,냉정역,others
2815,동원개발,others
2816,백병원,others
2817,부산보훈병원,others
2818,비스타동원,others
2819,삼선병원,others
2821,스마트시티 개발계획,others
2822,인제대,others
2823,주례여중,others
2824,주례중,others
2826,에스디플렉스,others
2827,한국산업기술진흥원,others
2828,가덕도 신공항,others
2829,대방건설,others
2830,수변공원,others
2831,국제연합,others
2832,강서구청장,others
2833,법정동,others
2834,지명위원회,others
2835,서산우체국,others
2836,서산의료원,others
2837,메타버스과학국장,others
2838,DASH,others
2839,대구스케일업허브,others
2840,베스텔라랩,others
2841,기업부설연구소,others
2842,국민대학교,others
2843,경북경찰청,others
2844,경북소방본부,others
2845,국토지리원,others
2846,GBC,others
2847,한전KPS,others
2848,KB금융,others
2849,새미래,others
2850,오피니언,others
2851,하이브,others
2853,공정위,others
2854,관세청,others
2856,LNG,others
2857,루와이스,others
2858,산업첨단기술부,others
2859,에너지인프라부,others
2860,에티하드,others
2861,한국철도공단,others
2862,아부다비,others
2863,한-UAE 정상회담,others
2864,신활력창작소,others
2865,국립경찰병원,others
2866,내포캠퍼스,others
2867,NIC,bridge
2868,공동위원회,others
2869,국가투자위원회,others
2870,사다위,others
2871,이라크,others
2872,여의도,others
2873,SK렌터카,private_policy
2874,㈜한화,others
2875,이라크 정부,others
2876,국가투자위원회(,others
2877,nistration,others
2878,행정부지사,others
2879,1억300만평,others
2880,서산비행장,others
2881,㈜SK렌터카,private_policy
2882,국방대학교,others
2883,육군항공학교,others
2884,육군훈련소,others
2885,국방미래기술연구센터,citizen
2886,전라남도,others
2888,아산시,others
2889,4270만평,others
2890,서산비행,others
2891,국가산단,others
2892,당진시,bridge
2893,비상경제민생회의,others
2894,당진 기업혁신파크,others
2895,육해공군본부,others
2896,홍성 국가산단,others
2897,현대그룹,private_policy
2898,철도청,others
2899,코오롱글로벌,others
2900,도룡동,others
2901,이마트 트레이더스,others
2902,KAUST,others
2903,RCU,others
2904,사우디아바리아 RCU,others
2905,군포시,others
2906,알울라왕립위원회,others
2907,알울라왕립위원회(,others
2908,왕립위원회,others
2909,The Royal Commission for AlUla,others
2910,나브야,others
2911,한국교통안전공단,others
2912,112상황실,others
2913,스마트시티 통합운영센터,citizen
2914,오산경찰서,others
2915,국제금융기구,others
2916,재건회의,others
2917,스마트교통안전과장,others
2918,오산시장,others
2919,국민통합위원회,others
2920,법무부장관,others
2921,전담기구,others
2922,오산시청,others
2924,전남정보문화산업진흥원·전자신문,others
2925,스마트시티센터,citizen
2926,shop,others
2928,Imm,others
2929,obs,others
2930,IDC,others
2931,소비자기술협회,others
2932,월마트,others
2934,한경 긱스,others
2935,후보군,others
2936,신도시,others
2937,㈜기업성장데이터랩,others
2938,㈜메리핸드,others
2939,㈜젠아이피,others
2940,식약처,others
2941,젠아이피,others
2943,에이모,others
2944,데이터바우처,others
2945,콘티넨탈,others
2947,AI 바우처,others
2948,AIMMO,others
2949,마그나,others
2950,엔젤스윙,others
2951,토지주택연구원,others
2952,융기원장,others
2954,국제개발,others
2955,비상경제장관회의,others
2956,삼성물산·현대건설,private_policy
2957,큐에라,others
2958,스마트시티 융합,others
2959,ICT,others
2960,광주정보문화산업진흥원,others
2961,교육원,others
2962,2호선,others
2963,성남역,others
2964,카네기멜런대,others
2965,위례지구,others
2967,첨단산업단지,others
2968,성남시의료원,others
2969,판교테크노밸리,others
2970,신한은행,bridge
2972,카네기멜론대,others
2973,한국발명진흥회,others
2974,한화투자증권,others
2975,이 국토교통,others
2976,약 10만평,others
2977,한국개발연구원,others
2978,국민권익위원회,citizen
2979,정책위의장,others
2980,예산결산특별위,others
2981,보훈부,others
2982,TMS,others
2983,상림이앤지,others
2984,연천군,others
2985,제천시청,others
2986,Eac,others
2987,구리시청,others
2988,구도심 지역,others
2990,실버복지,others
2991,총선특별취재팀,others
2992,스마트도시국가위원회,others
2994,보궐선거,others
2995,선거사무소,others
2996,국가균형발전위원회,others
2997,새누리당,others
2998,경부고속철도,others
2999,대한산업보건협회,others
3001,옥천군,bridge
3002,한마음혈액원,others
3003,대덕특구,others
3004,롯데호텔,others
3005,연구개발특구진흥재단,others
3006,출연연,bridge
3007,한국화학연구원,others
3008,목원대,others
3009,과학기술정보통신부장관,policy
3010,대덕구,others
3011,누산타라,bridge
3012,국가통계,others
3013,성동구청장,others
3014,성동구청,others
3015,스마트시티공학부,others
3016,교통위원회,others
3017,서울시의회,others
3018,명지대,others
3019,명지대학교,others
3020,항만공사,others
3022,산업통상자원중소벤처기업위원회,others
3024,예결위,others
3025,미래자동차,others
3026,횡성군청,others
3028,군의회,bridge
3029,WCCD,others
3030,세계도시정상회의,others
3031,엠제이비전테크,others
3033,WCC,others
3034,헤일로,others
3035,유시티,others
3037,K-Meta,others
3038,K-Metaverse,others
3041,더투에이치,others
3042,메타에듀시스,others
3043,엘비에스테크,others
3044,웨이브컴퍼니,others
3045,휴먼아이티솔루션,others
3046,전북도,others
3047,램리서치,others
3048,연무마을,citizen
3050,구미국,others
3051,구미산단,others
3052,구미시,others
3053,대구경북신공항,others
3054,토론회,others
3055,낙동강,others
3057,927호선,others
3058,구미시장,others
3059,LCC,others
3060,자문위원회,others
3061,철도연,others
3062,교통공학과,others
3063,핀란드,others
3064,출자심의회,others
3065,인천테크노파크,others
3066,인천환경공단,others
3068,관악구청장,others
3069,스마트경로당,others
3070,내손동,others
3071,예비군,others
3072,왕송호수공원,others
3073,미드바르,others
3074,유레카,others
3075,포스코그룹,others
3076,경북경제진흥원,others
3077,sk하이닉스,private_policy
3078,계성제지,others
3079,대원2동,others
3080,도시공사,bridge
3081,램리서치매뉴팩춰링코리아,others
3082,물향기수목원,others
3083,부영그룹,others
3084,세교종합복지관,others
3086,정책자문위원회,others
3087,청소년수련원,others
3088,한국사학진흥재단,others
3089,방콕무역관,others
3091,일본계,others
3092,공공산후조리원,bridge
3093,전북대,others
3094,육아종합지원센터,citizen
3095,세교1・2지구,others
3096,에프에스,others
3097,KETI(한국전자기술연구원,others
3098,광운대학교,others
3099,인텔리빅스,others
3100,독서문화진흥,others
3101,별빛마루도서관,others
3102,복사골부천,others
3103,부천시 청렴톡,others
3104,부천시립상동도서관,others
3105,부천시장,others
3106,전)부,others
3107,전국도서관,others
3110,환경산업기술원,others
3111,국제개발협력,others
3112,국제개발협력위원회,others
3113,재무성,others
3114,뉴욕타임스,others
3115,한국경제연구원,others
3116,경로당 통합정보 서비스,others
3117,남해경찰서,others
3118,남해군,others
3119,여가복지,others
3120,강남구도시관제센터,citizen
3121,국민정책디자인단,others
3122,언북초 스쿨존,others
3123,시범단,others
3124,안양시의회,others
3125,iH(인천도시공사,private_policy
3126,나인와트,others
3127,펜타게이트,others
3128,인천도시공사(iH),private_policy
3130,경제산업국장,others
3131,IOT,others
3132,K-팝,others
3133,K-푸드,others
3134,도시농업전문가,others
3135,부산디자인진흥원,others
3136,부산테크노파크,others
3137,천마마을,citizen
3140,지방시대,others
3141,국무회의,others
3142,경북도청,others
3143,메타버스과학국,others
3144,(사)수직농장연구회,others
3145,CH금속,others
3146,강원㈜,others
3147,부산경상대학교,others
3148,부산광역시의회,policy
3149,천마산전망대,others
3150,한국프랜차이즈산업협회,others
3154,대외·E,others
3155,BSI,others
3156,OK민원,others
3157,자치회,others
3158,GDIN,others
3159,본투글로벌센터,citizen
3160,브라질,others
3161,조인트벤처,others
3163,에코시스템,others
3164,경제부,others
3165,크래프톤,others
3166,과학기술통신부,others
3167,이에이트(대표이사,others
3169,성결대학교,others
3170,HMM,others
3171,팬오션,others
3172,계획 통합심의위원회 본심의,others
3173,글로벌경영연구소,others
3175,하림그룹,others
3176,현대기아자동차,private_policy
3177,와 스마트도시협,others
3178,다중센서,others
3179,초지능창의연구소,others
3180,진우에이티에스(주),others
3181,진우에이티에스㈜,others
3182,우수AMS,others
3183,최정단,others
3184,비츠로시스(대표이사,others
3185,더플라자 호텔,others
3186,목포만,others
3188,중앙일보,bridge
3189,한국건설안전환경실천연합,others
3190,Kit,others
3191,영국표준협회(BSI,others
3193,정보통신과장,others
3194,천문대,others
3195,마두희 축제,others
3196,PwC,others
3197,SK브로드밴드,private_policy
3198,도이치텔레콤,others
3199,Drug,others
3200,FDA,others
3201,㈜레나투스,others
3202,㈜멋진여성,others
3203,㈜천년식향,others
3204,네슬레,others
3205,미국 식품의약국,others
3206,시공관,others
3207,유타대,others
3208,인하대병원,others
3209,청운대,others
3210,퓨리나,others
3211,강남구청,others
3212,지방시대위,others
3213,KLID,others
3214,경산경찰서,others
3215,경산소방서,others
3216,공유회,others
3217,사회복,others
3218,국민일보,others
3219,경산시청,others
3220,ICT전략연구소,others
3221,뉴빌리티,others
3222,용인세브란스병원,others
3223,한화리조트,others
3224,동부·서,others
3225,태안반도,others
3226,제천시장,others
3227,국가개발기획부,others
3228,경이정,others
3229,태안읍,others
3230,서울대학교병원,others
3231,㈜베스텔라랩,others
3232,TMG그룹,others
3234,2~3m,others
3235,다산역,others
3236,EBRD,others
3237,EIB,others
3238,IMF,others
3239,국제통화기금,others
3240,유럽부흥개발은행,others
3241,유럽투자은행,others
3242,포스코인터내셔널,others
3243,화성시장,others
3244,화성시,others
3245,교육위원회,others
3247,KC인증 불편신고센터,citizen
3248,KTB,private_policy
3249,SECA,others
3250,WTO,others
3251,건강보험공단,others
3252,공공기관운영위원회,others
3253,공정거래위원회,others
3254,광주고용노동청,others
3255,국가희소금속센터,citizen
3257,국민대회,others
3258,국제해사협의회,others
3259,기업환경정책협의회,others
3260,농식품공무원교육원,others
3261,사회보장위원회,others
3262,서민금융진흥원,others
3263,서울고용노동청,others
3264,서울청사,others
3265,소상공인연합회연합회,others
3266,재무차관회,others
3267,전기기술인협회,others
3268,전환이니셔티브,others
3269,청년정책조정위원회,others
3270,탄소중립생활실천,others
3271,통상장관,others
3272,특별총회,others
3273,포스코퓨처엠,others
3274,한-EU,others
3275,환경정책협의회,others
3276,통상교섭본부장,others
3277,CBS매거진,others
3278,광주CBS,others
3279,광주시의회,others
3281,ICC,others
3282,LINC3.0,others
3283,LINC3.0사업단,others
3284,대전창조경제혁신센터,citizen
3285,선도대학,others
3286,LINC,others
3288,정심화국제문화회관,others
3290,창업지원단,others
3292,맹동혁신도서관,others
3293,청주대학교,bridge
3294,충북연구원,others
3295,청주대,others
3296,다쏘시스템코리아,others
3297,정운성,others
3298,신안군,others
3299,제천시의회,others
3300,송학면,others
3301,만도넥스트M,others
3303,통상교섭본부,others
3304,산업광물자원부,others
3305,산업통산자원부,others
3306,CSA,others
3307,FBI,others
3308,SBS,others
3310,월간중앙,others
3311,동부경제회랑사무국,others
3312,전시상담회,others
3313,㈜카카오모빌리티,private_policy
3314,건설주택국,others
3315,대한기계설비건설협회,others
3316,산건위,others
3317,울산광역시,others
3318,드웰링,others
3319,이브이첨단소재,others
3321,Sig,others
3322,글로벌,others
3323,삼보모터스,others
3324,평화산업,others
3325,세계평화,others
3326,수협위판장,others
3327,재목포신안군향우회,others
3328,조선내화,others
3329,조선업 도약센터,citizen
3330,평화광장,others
3331,(주),others
3332,315호선,others
3333,경기도교육청,policy
3334,국민권익위,others
3335,기흥구,others
3336,백암복합문,others
3337,백암초등학교,others
3338,비수도권,others
3339,성복중 체육관,others
3340,수지노인대학,others
3341,수지도서관,others
3342,승하차베이,others
3343,시립미술관,others
3345,용인고등학교,others
3346,용인미디어센터,citizen
3347,용인바이오고,others
3349,중ㆍ고교 학부모회장단,others
3350,부산벤처기업협회,others
3351,포시에스,others
3352,㈜로위랩코리아,others
3353,㈜이유씨엔씨,others
3354,㈜제니스코리아,others
3355,㈜택한,others
3356,㈜팀워크,others
3357,노이즈엑스,others
3359,베어로보틱스코리아,others
3360,성남산업진흥원,bridge
3361,제니스코리아,others
3362,호반골프,others
3363,호반써밋,others
3364,로위랩코리아,others
3365,텐일레븐,others
3366,이유씨엔씨,others
3367,산업자원부,others
3368,한국산림복지진흥원,others
3369,공론화위원회,others
3370,김산업,others
3371,목포시의회,others
3372,삼학아트교,others
3373,스마트시티조성사업,others
3374,해양관광리조트,others
3375,㈜텐일레븐,others
3376,㈜포어시스,others
3377,부산창조경제혁신센터,citizen
3379,2023,others
3381,광해광업공단,others
3382,한국석유공사,others
3383,석유공사,others
3384,NAIAD,others
3385,비즈데이터,others
3386,솔라시,others
3387,제공전라남도,others
3388,STEM 빌리지,others
3389,부산특구,others
3390,한국해양대,others
3391,한국조선해양기자재연구원,others
3392,국제산업물,others
3393,연구개발특구위원회,others
3394,TEM 빌리지,others
3395,첨단복합지구,others
3396,첨단기술기,others
3397,옹진군,others
3399,첨단기술기업,others
3400,BK21,others
3401,DDE,others
3402,에프원소프트,others
3403,충남연구원,others
3404,SCEWC2023,others
3405,혁신산업국장,others
3406,IFEZ,bridge
3407,OBS경인방송,others
3408,고려사,others
3410,군포복합화물터미널,others
3411,군포시장,others
3412,구리토평2지구,others
3414,도시재생대학,others
3415,메이커스페이스,others
3416,메타빌드,others
3417,재건협력,others
3419,HDC현대산업개발,private_policy
3420,현대산업개발,private_policy
3421,씽크풀,others
3422,주택도시보증공사,others
3423,IHS마킷,private_policy
3424,WIKA,others
3425,공공사업주택부,others
3426,부동산개발회사,others
3427,시나르 마스 랜드,others
3428,World Health City Forum,others
3429,경제동향연구재단,others
3430,동남아시아국가연합,bridge
3431,이화여자대학교,others
3432,질병관리청장,others
3433,세계보건기구,others
3434,태장초등학교,others
3435,GCF,others
3436,동남아시아국가연합(,others
3437,아카데미아,others
3438,IEC,others
3439,IEC JTC,others
3440,JTC,others
3441,공동기,others
3442,국립전파연구원,others
3443,국제전기기술위원회,others
3444,국제표준화회의,others
3445,분과위원회(SC),others
3446,스캐닝 작업반,others
3448,도시정책과,others
3449,이동읍,others
3450,ISO/IEC,others
3451,공동기술위원회,others
3452,수도공항공사,others
3453,Sub Committee,others
3454,이화여자대,others
3455,Economic Forum,others
3456,울산대,others
3457,울산시장,others
3458,울산대학교,others
3459,군포시청,others
3460,기흥캠퍼스,others
3462,국회예산정책처,others
3463,국회입법조사처,others
3464,행정중심복합도시건설,others
3465,행복도시건설,others
3466,행복도시건설추진위,others
3467,소위원회,others
3468,원내대책회의,others
3469,메가시티,others
3470,정기국회,others
3471,겐트대학교,others
3472,질병청,others
3473,미국소비자기술협회(CTA,others
3474,스튜디오랩,others
3475,포바이포,others
3476,국제투자보증기구(MIGA,others
3477,무역보험공사,others
3478,MIGA,others
3479,국제투자보증기구,others
3480,한국환경산업기술원,others
3481,한국국제협력단(,others
3482,용인반,others
3483,경기콘텐츠진흥원,others
3484,용인반도체,others
3487,오산역,others
3488,경의중앙선,others
3489,DDE사,others
3490,이동지구,others
3491,Department,others
3492,동부권,others
3493,아차산,others
3494,용인이동지구,others
3495,제주화북2지구,others
3496,청주분평2지구,others
3497,커뮤니티,others
3498,오산세교3지구,others
3499,구리토평2,others
3501,스마트챌린지,others
3502,인천시청,others
3503,Fis,others
3504,인천항만공사,others
3505,대덕연구단지,others
3507,제천경찰서,others
3508,119상황,others
3509,행정안전부장관,policy
3510,중앙일보홀,others
3511,뮌헨공대,others
3512,순천향대,others
3513,ITU(국제전기통신연합),others
3514,국가보안기술연구소,others
3515,플럭시티,others
3516,클로버스튜디오,others
3517,다리소프트,others
3518,바르셀로나,others
3521,포에스맵퍼,others
3522,숲속학교,others
3523,아이와,others
3524,㈜에어포인트,others
3525,소방대원,others
3526,양주도시공사,others
3527,SCEWC 2023,others
3528,인디제이,others
3529,대구디지털혁신진흥원,bridge
3530,대구창조경제혁신센터,citizen
3531,국립중앙도서관,others
3532,네이버㈜,private_policy
3533,세종테크밸리,others
3534,클라우드㈜,others
3535,인비즈,others
3536,대한적십자사,others
3537,사상드림스마트시티,others
3538,스페인,others
3539,AEC,others
3540,ASEAN,others
3541,LG에너지솔루션,private_policy
3542,사이버보안,others
3543,신수도청,others
3544,아세안경제공동체,citizen
3545,에틸렌,others
3546,이슬람 국가,others
3547,자카르타,others
3548,종근당,others
3549,투자조정위원회,others
3550,㈜샤픈고트,others
3551,㈜플럭시티,others
3552,부산관,others
3553,공무원 초청,others
3554,인프라개발부,others
3555,고위공무원,others
3556,샤픈고트,others
3557,국제과학비즈니스벨트,others
3558,종로구,others
3561,세계이동통신사업자협회(,others
3562,IEEE,others
3563,서울경제신문,others
3564,국제학회,others
3565,연구재단,others
3566,대한경제]과학기술정보통신부,policy
3567,LPWA,others
3568,에어포인트,others
3569,지앤티솔루션,others
3570,지앤티,others
3571,한경협,bridge
3572,부동산학과,others
3573,온리원,others
3574,충주기업도시,others
3575,TK신공항,others
3576,경상북도지사,others
3577,중앙지방협력회의,others
3578,기초과학연구원,others
3580,소방대,others
3581,소방청,others
3582,신세계백화점,others
3583,CEA,others
3584,NTT,others
3585,전자정보기술연구소 레티,others
3586,에릭슨,others
3587,자치행정부,others
3588,자치행정,others
3589,데이터센터,citizen
3590,현대건설-사우디텔레콤,private_policy
3591,ECOSOC,others
3592,ESC,others
3593,ESCAP,others
3594,Kor,others
3595,UNESCAP,others
3596,경기도청,policy
3597,경제사회위원회,others
3598,경제사회이사회,others
3599,살시아,others
3600,아미다 살시아,others
3601,지역위원회,others
3602,GCC,others
3603,세계경제,others
3605,이스라엘,others
3606,탈레반,others
3607,stc그룹,others
3608,통신우주기술위원회(CST),others
3610,STC그룹,others
3611,기호일보,others
3612,아세안(,others
3613,투자부,others
3614,한진CY,others
3615,MOMRAH,others
3616,사우디텔레콤,others
3617,신우주기술위원회,others
3618,Nas,others
3619,건설협회,others
3620,교통물류부,others
3621,미래모빌리티,others
3622,삼환기업,others
3624,첨단건설,others
3625,희림건축,others
3626,stc,others
3627,국토정보공사,others
3628,옥사곤,others
3629,KT·현대건설,private_policy
3630,자세르 교통물류부,others
3631,KACST,others
3632,국가과학기술자문회의,others
3633,디지털바이오,others
3634,미래기술 파트너십,others
3635,왕립과학기술원,others
3636,왕립과학기술원(,others
3638,PIF,others
3639,자푸라2,others
3640,첨단건,others
3641,한화오션,others
3642,현대중공업,private_policy
3643,금융부,others
3645,엔씨소프트,others
3646,한국가스공사,others
3647,유엔군,others
3648,합동참모본부,others
3649,CST,others
3650,알울라,others
3652,stc그,others
3653,통신우주기술위원회(,others
3654,KT-현대건설-stc그룹,private_policy
3655,UN-ESCAP,others
3656,HD현대오일뱅크,private_policy
3657,방위사업청,others
3658,안보실,others
3659,주영민,others
3660,자율방범대,others
3661,녹사평역,others
3662,맥도날드,others
3663,안전관리봉사대,others
3664,연합회,others
3665,용산경찰서,others
3666,용산경찰서장,others
3667,용산구,others
3668,용산구청장,others
3669,용산소방서,others
3670,의용소방대,others
3671,이태원관광특구연합회,others
3672,환경미화원,others
3673,도시정,others
3674,아·태 지역,others
3675,태평양 도시포럼,others
3676,날루미사,others
3677,부산엑스포,bridge
3679,CGV,others
3680,CJ ENM,others
3681,컴투스,others
3682,GS그룹,others
3683,HD현대,private_policy
3684,대한무역투자진흥공사(KOTRA,others
3685,건설연,others
3686,세계스마트도시기구,others
3687,합작회사,others
3688,K-UAM 국제컨퍼런스 행사,others
3690,베셀에어로스페이스,others
3691,롯데정보통신,others
3692,버티허브모형,others
3693,부동산인포,others
3694,KB부동산,others
3695,국방대,others
3696,APEC기후센터,citizen
3697,KRISO,others
3698,▲(주)삼우종합건축사사무소,others
3699,㈜오션스페이스,others
3700,㈜파나시아,others
3701,경성대학교,others
3702,기술연구원,others
3703,기술지원위원회,others
3704,기후과학연구소,others
3705,선박해양플랜트연구소,others
3706,에이럽,others
3707,오셔닉스,others
3708,유엔해비타트,others
3709,한국조선해양,others
3710,한국해양과학기술협의회,others
3711,한국해양대학교,others
3712,해상스마트시티,others
3713,해상스마트시티 조성 민관,others
3714,힐튼 호텔 앤 리조트,others
3715,Euro,others
3716,sce,others
3717,h Institute,others
3720,환경노동위원회,others
3721,과학기술정책연구원,others
3722,대한경제신문,bridge
3724,2023 AIoT 국제전시회,others
3725,KDN,others
3726,한국지능형사물인터넷협회,others
3727,AIoT 국제전시회,others
3728,OCEANIX,others
3729,SCIGC,others
3731,멀티스타디움,others
3732,셀트리온,others
3733,송도국제도시,others
3734,스탠포드센터,citizen
3735,싸토리우스,others
3736,인천경제자유구역,others
3737,채드윅,others
3738,청라국제도시,others
3740,헬스케어,others
3742,APAC,others
3743,nuc,others
3744,arm,others
3745,자유민주,others
3746,캐나다 연합팀,others
3747,한반도,others
3748,이통3사,others
3749,KETI,others
3750,엔텔스,others
3751,한국정보통신기술협회(,others
3752,300kg,others
3753,KB증권,others
3754,하나벤처스,others
3755,FIT,others
3756,K콘텐,others
3757,SK바이오사이언스,private_policy
3758,겐트대,others
3759,뉴욕주립대(SBU),others
3760,리조트,others
3761,송도바이오클러스터,others
3762,송도컨벤시아,others
3763,외국인학교,others
3764,청라의료복합타운,others
3765,파라다이스시티,others
3766,플라자,others
3767,하나드림타운,others
3768,스타필드,others
3769,교통방송,others
3770,노동조합,others
3771,노사협력팀,others
3772,태국 도로공사,others
3773,하이패스,others
3774,한국도로공사서비스,policy
3775,전국경제인연합회,others
3776,유럽부흥개발은행(,others
3777,제약바이오,others
3778,청라시티타워,others
3779,LH(,private_policy
3781,서방국,others
3782,KDI(한국개발연구원,others
3783,하니웰스마트홈케어,others
3784,명실상부 글로벌 바이오,others
3785,바이오메디헬스시티,others
3786,서울프레스센터,citizen
3787,세계보건기구(WHO),others
3788,World Economic Forum,others
3789,WHCF,others
3790,관제원,others
3791,금은방,others
3792,CCTV,others
3794,CJ대한통운,others
3795,EIP,others
3796,HD현대건설기계,private_policy
3797,K건설사,others
3799,신한투자증권,others
3800,카본코,others
3801,포스코 인터내셔널,others
3802,한화솔루션,others
3803,자금지원,others
3804,KDB,others
3805,K-ICT창업멘토링센터,citizen
3806,더케이호텔,others
3807,알미랄,others
3808,에사데,others
3809,인공지능 사업단장,others
3810,지휘본부,others
3812,이데일리 K-모빌리티포럼,others
3813,AI사,others
3814,네이버Z,private_policy
3815,국제철도협력기구,others
3816,화상회의,others
3817,경동초,others
3818,노변초,others
3819,매일신문사,others
3820,조서연,others
3821,대구시교육청,others
3822,목영대교,others
3824,공공사업교통부,others
3825,인터콘티넨탈,others
3826,공공사업청,others
3827,ONE,others
3828,JJ그룹,others
3829,재건협력단,others
3830,우체국,bridge
3831,K뷰티,others
3832,국토교통진흥원,others
3833,국토교통진흥원장,others
3834,미래항공교통학과,others
3835,스마트시티건설융합기술대학원,others
3836,MDB,others
3837,공여협정,others
3839,인천대학교,others
3840,건협력단,others
3841,평화 연대 이니셔티브,others
3842,HD현대사이트솔루션,private_policy
3843,부차시,others
3844,우만시,others
3845,오스차드뱅크,others
3846,러시아 전쟁,others
3847,재건협력센터,citizen
3848,금융위,others
3849,지능정보산업협회,others
3850,올렉산드르,others
3851,평화 연대이니셔티브,others
3852,할루시첸코 에너지부,others
3853,재건협력대표단,others
3854,정상회의,others
3855,에너지부,others
3856,재건협력 기업간담회,others
3858,한국환경산업기술원삼성물산,private_policy
3859,현대건설기계,private_policy
3860,정부부처,others
3862,인덱스,others
3863,SK텔레콤·KT·LG유플러스,private_policy
3864,모건스탠리,others
3865,버티포트,others
3866,아우디,others
3867,현대차·,private_policy
3868,롯데마트,others
3869,롯데렌탈,others
3870,한국기상산업기술원,others
3871,법무법인,others
3872,마천루,others
3873,포르쉐,others
3874,UHE,others
3876,<주>,others
3877,미래혁신정책관실,others
3878,산들정보통신,others
3879,에이알미디어웍스,others
3880,한·아세안,others
3881,CNN,others
3882,K-스,others
3883,화정초교,others
3884,의정부,others
3886,M360,others
3887,세계이동통신사업자협회(GSMA,others
3888,싱가포르텔레콤,others
3889,스마트산업안전,others
3890,케이아이오티,others
3891,에이트테크,others
3892,아콘텍,others
3893,법무법인 태평양,others
3894,삼정회계법인,others
3895,한국산업안전보건공단,others
3896,홍보관,others
3897,㈜엠제이비전테크,others
3898,EEC,others
3899,동부경제회,others
3900,랜드로드,others
3901,태국디지털경제진흥원,others
3902,혁신개발부,others
3903,시립대,others
3904,시티챌린지,others
3905,시장관리처장,others
3906,디지코,others
3907,세계이동통신사업자연합회,others
3908,Ocha,others
3909,WSCE2023,others
3910,라웅재 아콘텍,others
3911,아젠다,others
3912,한국클라우드산업협회,others
3913,세계이동통신사업자연합회(,others
3914,차이나모바일,others
3916,충북대병원,others
3917,방송통신위,others
3918,네트워크,others
3919,K-네트워크,others
3920,AI고객센터,citizen
3921,AI반도,others
3922,BC카드,others
3923,Telco,others
3924,강제혁신,others
3925,기업고,others
3927,Mobilit,others
3928,네트워크사업부,others
3929,K-water,policy
3930,AICC,others
3931,KT그룹,private_policy
3932,에이블스쿨,others
3933,세계이동통신사업자연합회(GSMA),others
3934,파트너,others
3935,WSCE Mayors Forum,others
3936,도시재생지원센터사,citizen
3937,보건의료,others
3938,비즈니스대학ㆍ인문사회대학ㆍ공과대학ㆍ사범대학ㆍ예술대학,others
3940,청주대학,others
3941,충북도민,others
3942,세계스마트시티기구,bridge
3943,tem,others
3944,too,others
3945,tai,others
3946,국제디지털경제발전추진위원회,others
3947,백석도서관,others
3948,아람누리도서관,others
3949,화순군,others
3951,LS전선,others
3952,보르네오섬,others
3954,WSCE Mayors,others
3955,지방교육재정연구원,others
3956,국가위원회,others
3957,한화시스템㈜,others
3958,제공광주광역시,others
3959,건설기술연구원,others
3960,네오텍,others
3961,부산의료원,others
3962,삼우이머션,others
3963,제로웹,others
3964,포미트,others
3966,경북중,others
3967,EU(유럽연합,others
3968,평창동계올림픽,others
3969,광역교통위원회,others
3970,국토교통비서관,others
3971,코이카(,others
3972,항공기술교육,others
3973,서울특별시,policy
3976,한국행정학회,others
3977,KDB산업은행,others
3978,부산국제금융센터,citizen
3979,보성산업,others
3981,잡코리아,others
3982,판교1테크노밸리,others
3983,공립박물관,others
3984,복지회,others
3985,원당4구역,others
3987,부산혁신도시,others
3988,에듀센터,citizen
3989,한국과학기술원(KAIST,others
3990,보성산업㈜,others
3991,구·군,others
3992,태양광 발전소,others
3993,NIA(한국지능정보사회진흥원,others
3995,플랫폼기획국장,others
3996,DPG,others
3997,DPG허브,others
3999,새만금개발청장,others
4000,고신대병원,others
4001,부산대병원,others
4002,비즈니스대학,others
4003,인문사회대학,others
4004,국가기술표준원,others
4005,CJ라이브시티,others
4006,산업연구원,others
4007,일산신도시,others
4008,창릉천,others
4009,경기경제자유구역청,others
4010,과기정보통신부,others
4011,세종엔,others
4012,스마트시티연구소,others
4015,국가종합비행성능시험장,others
4016,롯데컨소시엄,others
4017,스카이포츠,others
4018,㈜제일엔지니어링,others
4019,㈜한아도시연구소,others
4020,한아도시연구소,others
4021,부천대,others
4022,부천도시공사,others
4023,해피콜,others
4024,스타트업플래닛,others
4025,판교 스타트업플래닛,others
4026,㈜메타키움,others
4027,㈜브이리스브이알,others
4028,효성중공업,others
4029,스마트ICT융복,others
4030,버클리대,others
4031,GH경기주택도시공사,others
4032,동일 평가군,others
4033,AJ네트웍스,others
4034,EIA,others
4035,공간정보연구원,others
4036,녹십자,others
4037,리드앤,others
4038,벤츠코리아,others
4039,볼보그룹코리아,others
4040,아이텍,others
4041,IRA,others
4042,경기주택도시공사(,others
4043,대구창조경제혁신센터장,citizen
4044,대덕벤처파트너스,others
4045,에코프로,others
4046,에코프로파트너스,others
4047,EIP자,others
4048,EIP자산운용,others
4050,하이로드에너지마케팅 데릭 유진,others
4051,유엔·,others
4052,하이로드에너지마,others
4053,스마트도시사업협의회,others
4054,삼성건설,private_policy
4055,벨파스트,others
4056,세종부총장,others
4057,정보통신기술연구센터,citizen
4058,퀸즈대학교,others
4059,신세계 백화점,others
4060,무역투자청,others
4061,벨파스트시,others
4062,북아일랜드,others
4063,안고카,others
4064,연구센터,citizen
4065,대학정보통,others
4066,북아일랜드무역투자청,others
4067,세종캠퍼스,others
4069,KDI국제정책대학원,others
4070,고양특례시장,others
4072,방문길,others
4073,유신엔지니어링,others
4074,국민연,others
4075,국민연금공단,others
4076,그린에너지,bridge
4077,제주대학교,others
4078,제주대,others
4079,벤처기업협회,others
4080,IPO,others
4081,에이티넘인베스트먼트,others
4082,자비스앤빌런즈,others
4083,찰후아후아초시,others
4084,한국지능형교통체계협회,others
4085,WeGO,others
4086,도시재생 주민협의체,others
4087,삼희교,others
4088,화성산업진흥원,others
4089,100.3MHz,others
4090,울산상공회의소,others
4091,신세계복합쇼핑몰,others
4092,에스케이(SK)플래닛,private_policy
4093,디스커버,others
4094,마리나,others
4095,CEO,others
4096,네옴지원위원회,others
4097,디스커버 네옴,others
4098,비브스튜디오스,others
4099,일대일로,others
4100,사무국,others
4101,네이버1784,private_policy
4102,네옴컴퍼니,others
4103,개최국토교통부,policy
4104,CBU,others
4105,ICAK,others
4106,오누르사,others
4107,암스테르담,others
4108,헬싱키,others
4109,네덜란드,others
4111,국가보훈부,others
4112,fai,others
4113,동해가스전,others
4114,오픈캠퍼스,others
4115,울산연구원,others
4116,PGZ,others
4117,한국투자증권,others
4118,라트비아,others
4119,바이오제약,others
4120,인드릭소네,others
4121,경제개발기술부,others
4122,오누르,others
4123,르비우시,others
4125,의왕시장,others
4126,원자력청,others
4127,바르샤바,others
4128,BHI,others
4129,한국에너지기술평가원,bridge
4130,국립원자력연구센터,citizen
4131,㈜이노뎁,others
4132,계룡시,others
4133,계룡시청,others
4134,충남개발공사,others
4135,동유럽,others
4137,단독회,others
4138,상하원,others
4139,정치부,others
4140,울산경찰청,others
4141,여수시,others
4142,정보문화산업진흥원,others
4144,보건소,others
4145,홍보협력담당관,others
4146,AICIA,others
4147,스마트건설사업단장,others
4148,한울씨앤비,others
4149,계북중학교,others
4150,장수군청소년문화의집,others
4151,KAI,others
4152,경상국립대,others
4153,경상국립대학교,others
4154,에코산업,others
4155,영남대,bridge
4156,영진전문대,others
4157,충북대학교,others
4158,AICIA회장,others
4159,AI기반건설산업연합회,others
4160,중동시장,others
4161,위메이드,others
4162,디캠프,others
4163,샤르자에미리트,others
4164,은행권청년창업재단,others
4166,루브르,others
4167,대한민국특례시시장협의회,others
4168,덕양구,others
4169,대한민국환경대상위원회,others
4170,전남대,others
4171,컴퓨터융합학부,others
4172,주택부,others
4173,케이사인,others
4175,BCAP,others
4176,DKI,others
4177,그린카,others
4178,그린카드,others
4179,금융감독청,others
4180,Bank,others
4181,롯데 컨소시엄,others
4182,롯데그룹,others
4183,롯데몰,others
4184,고흥군,others
4185,구례군,others
4186,나주시,others
4188,(주)천풍,others
4189,㈜날다,others
4190,㈜디에어,others
4191,㈜스카이포츠드론서비스코리아,others
4192,㈜에스엠소프트,others
4193,㈜해양드론기술,others
4194,㈜현대자동차,private_policy
4195,고흥항공센터,citizen
4196,국립공원관리공단,others
4197,선정마을,citizen
4198,여수광양항만공사,others
4199,여수지방해양수산청,others
4200,여수해양경찰서,others
4201,초당대학교,others
4202,fis,others
4203,포어시스,others
4204,평강천,others
4205,한국해양수산개발원,others
4208,농어촌공사,others
4209,경남도민체전,others
4210,도선마을,citizen
4211,한산지역,others
4212,IEA,others
4213,IEA(,others
4214,국제에너지기구,others
4215,리더십그룹,others
4216,원탁회,others
4217,원탁회의,others
4218,KASA,others
4219,국정과제비서관,others
4220,대통령실 비서관,others
4221,ADB,others
4222,아시아개발은행,others
4224,재외동포청,others
4225,사법부,others
4226,서울고등법원,others
4227,톈진시,others
4229,해양경찰청,others
4230,한중관계,others
4231,노지스마트팜,others
4232,드론특별자유화구역,others
4233,무지개연구소,others
4234,에이엠피,others
4235,국제대,bridge
4236,안동의료원,others
4238,예천읍,others
4239,장난감도서관,others
4242,한우특화센터,citizen
4243,방송통신위원회,others
4244,방통위,others
4245,방통위원장,others
4246,프리뉴,others
4247,도심 항공교통,others
4248,AEG,others
4249,AEG사,others
4250,드론앵커센터,citizen
4251,메르세데스 벤츠,others
4252,북유럽,others
4253,스웨덴,others
4254,스톡홀름,others
4255,연방경제기후보호부,others
4256,웁살라대학교,others
4258,한국코트라,others
4259,허스타드,others
4260,한-독,others
4261,고양스마트시티,others
4262,부산유치,others
4263,종자생명산업,others
4264,대학원,others
4265,(재)전북연구원,others
4266,한국전기안전공사,others
4269,중동붐,others
4270,쿠웨이트,others
4271,충북혁신도시,others
4273,에쓰오일,others
4274,바뉴마스,others
4275,신수도,others
4276,대영채비,others
4277,주사우디대사관저,others
4278,시티랩스,others
4279,노동보훈사회부,others
4280,농림수산식품,others
4281,동남아국가연합,others
4282,중소기업중앙회,others
4283,한국경영자총협회,others
4284,한국문화원,others
4285,ECB,others
4286,JP모건,others
4287,아주경제신문,others
4288,중앙은행,others
4289,한국노총,others
4290,중소기업벤처,others
4291,아그담,others
4292,공동위,others
4293,무역부,others
4294,그랜드 하얏트,others
4295,다부처,others
4296,산학협력단장,others
4297,덴마크,others
4298,지옌(Z/Yen)사,others
4299,BIE,others
4300,공산당,others
4301,국제박람회기구,others
4303,상임이사국,others
4304,소르본대학,others
4305,슈크라코브,others
4306,재건부 바실 슈크라코브,others
4307,롯데인벤스,others
4308,유소년,others
4309,루먼랩,others
4310,안산병원,others
4311,오송첨단의료산업진흥재단,others
4312,전자및정보공학과,others
4313,충북대학교병원,others
4315,한국생명공학연구원,others
4316,헬스커넥트,others
4317,리야드무역관장,others
4318,경제부지사,others
4319,중소기업청장,others
4321,LG디지털파크,private_policy
4322,SK E&S,private_policy
4323,LS그룹,others
4324,SK·LG,private_policy
4325,㈜엔에스원소프트,others
4326,가천대학교,others
4327,과학기술사이버안전센터,citizen
4328,대구대학교,others
4329,상명대학교,others
4330,서울과학기술대학교,others
4331,선박해양플랜트연구소(KRISO),others
4332,영남대학교,bridge
4334,6월 호국보훈의 달,others
4335,묵다한주,others
4336,원미경찰서,others
4337,과학기술부,others
4338,싸이버로지텍,others
4339,OTT,others
4340,지바이크,others
4341,콘텐츠웨이브,others
4342,핀트윈,others
4343,한·베,others
4344,WTCL,others
4345,국립건설시험소,others
4347,국토지리정보원장,others
4348,LGU+,private_policy
4349,신라대,others
4350,CNP동양,others
4351,WTC,others
4352,삼우씨엠건축사사무소,others
4353,CSF,others
4354,건설공제조합,others
4355,대한건설단체총연합회,others
4356,한국엔지니어링협회,others
4359,신세계프라퍼티,others
4360,우리금융경영연구소,others
4361,월드트레이드센터,citizen
4362,교보생명,others
4363,서울과학기술대,others
4364,대한주택건설협회,others
4365,한양증권,others
4366,한국건설엔지니어링협회,others
4367,Kakao,others
4368,국토교통위원,others
4369,첨단산업,others
4370,집행위원회,others
4371,세계무역센터,citizen
4372,네옴CEO,others
4373,기획감사실,others
4374,에너지바우처,others
4375,웰바이오텍,others
4376,유가증권,others
4377,K-클라우드,others
4378,이프랜드,others
4380,KISIA,others
4381,대한건설협회,others
4382,삼성전자㈜,private_policy
4383,교육감,others
4384,집행위,others
4385,정부대표단,others
4386,정치대학원,others
4387,BusanSat,others
4388,나로우주센터,citizen
4389,스페이스X,others
4390,국립해양조사원,others
4392,항우연,others
4393,한국해양과학기술원,others
4394,씨엘모빌리티,others
4395,수성구청,others
4397,재난관리단,others
4398,중앙재난관리평가위원회,others
4399,굿네이버스,private_policy
4400,삼성생명,private_policy
4401,세이브더칠드런,others
4402,서자바주,others
4403,부산광역시교육청,policy
4404,공동체영토인프라개발부,citizen
4405,미래혁신정책관,others
4406,서경현,others
4407,경과원,others
4408,성균관대 융합보안대학원,others
4409,상급종합병원,others
4412,현대오토에버,private_policy
4413,참여정부,others
4414,건강보험심사평가원,others
4415,국민건강보험공단,others
4416,국민통합,others
4417,대전시,others
4418,중도일보,others
4419,초중등,others
4421,팬데믹,others
4422,대전세종연구원,others
4423,대덕연구개발특구,others
4424,대한석탄공사,others
4425,배재대,others
4427,한국과학기술기획평가원,others
4428,한국여성경제인협회,others
4429,공공택지지구,others
4430,목동 학원가,others
4431,범어동,others
4433,르노코리아,others
4434,에코델타시티역,others
4436,중흥S,others
4437,중흥건설그룹,others
4438,중흥토건,others
4439,스타필드시티,others
4440,리얼투데이,others
4441,스카이라운지,others
4442,㈜신세계화성,others
4443,파라마운트,others
4444,화성특례시,others
4445,AFC,others
4446,스마트이앤씨,others
4447,에스지에스한국,others
4448,테크밸리산단,others
4449,국제테마파크,others
4450,신세계화성,others
4451,unc,others
4452,Daewoo,others
4453,GX룸,others
4454,명지IC,others
4455,피트니,others
4456,화성국제테마파크,others
4457,㈜신세계,others
4458,(주)신세계화성,others
4459,에듀리버,others
4460,제테마파크,others
4461,화성시청,others
4462,피트니스클럽,others
4463,엄궁대교,others
4464,다함께돌봄센터,citizen
4465,서낙동강,others
4466,피트니스,others
4467,모회사,others
4468,휴맥스,others
4469,휴맥스이브이,others
4470,피에티캐이넨,others
4471,핀베라,others
4472,LLC,others
4473,외교대표단,others
4474,유럽투자지주유한회사,others
4475,호로독 지역,others
4476,도제학교,others
4477,의정부공고,others
4478,의정부공업고등학교,others
4479,의정부교육지원청,others
4480,디노티시아,others
4481,폴라리스오피스,others
4482,서울아리수본부,others
4483,의회도서관,others
4484,BS한양,others
4485,수자인,others
4486,대림산업,others
4487,SK건설,private_policy
4488,에코에너지,others
4489,DMC,others
4490,건우아파트가로주택정비사업조합,others
4491,수주도,others
4492,신원종합개발㈜,others
4493,중·고교,others
4494,LH세종본부,private_policy
4495,온라인뉴스,private_policy
4496,양주경찰서,others
4498,복지재단,citizen
4499,시민복지재단,citizen
4500,부산시티호텔,others
4501,부산항,others
4502,순천시의회,others
4503,순천시,others
4504,고양시민복지재단,citizen
4509,울돌목,others
4510,세종창조경제혁신센터,citizen
4511,신원아침,others
4512,FIFA,others
4513,Fie,others
4515,칼리파,others
4516,국토교통부실거,policy
4517,니어드스톤,others
4518,델타시티,others
4519,리버뷰,others
4521,카카오VX,private_policy
4522,남양주시,others
4523,남양주시장,others
4525,뷰런테크놀로지,others
4526,2040 수원,others
4527,구도심,others
4528,수원화성,others
4529,신세계그룹,others
4530,신세계프라퍼티본사,others
4531,포티투닷)포티투닷,others
4532,탑동이노베이션밸리,others
4533,도시정책 시민계획단 원탁토론회,others
4534,첨단과학혁신도시,others
4535,남청주IC,others
4536,울진군,others
4538,기반기술,others
4539,기술연구원장,others
4540,대한토목학회,others
4541,토목공,others
4542,시리우스,others
4543,시에라베이스,others
4544,가스관,others
4545,아큐버,others
4546,CES 2025',others
4547,대구기계부품연구원,others
4548,세종지역,others
4549,천안논산고속도로,others
4550,합호서원,others
4551,네이튼장,others
4552,라온메디,others
4553,스리차,others
4554,에이든랩스,others
4555,경기신용보증재단,others
4556,경기청년,others
4557,노사민정협의회,others
4558,미래도시전략국,others
4559,소통홍보관실,others
4560,유투브,others
4561,일자리경제과,others
4562,장당노동자복지회관,others
4563,청년창업지원센터,citizen
4564,평택시,others
4565,평택시민신문,others
4566,평택시의회,others
4567,GIO,others
4568,회의록,others
4570,삼우종합건축사사무소,others
4571,쿠시먼앤드웨이크필드,others
4574,fitn,others
4575,ZEB,others
4576,건축사무소대표,others
4577,싸이트플래닝,others
4578,하남교산지구,others
4579,금강보행교,others
4580,경기도 교육청,policy
4581,문화예술회관,others
4582,부곡커뮤니티센터,citizen
4583,장애인단기보호센터,citizen
4584,포일숲속마을,citizen
4585,BMC,others
4586,동국대학교,others
4587,동국대학교BMC,others
4588,동국대학교BMC캠퍼스-일산동부경찰서,others
4589,한동균,others
4590,e Living,others
4591,LINC3.0사업단장,others
4592,고양가디언즈,others
4593,가평군,others
4594,부산창경,others
4595,부산창업청,others
4597,창경센터,citizen
4599,IGC운영재단,others
4600,SK바이오,private_policy
4601,겐트대 글로벌캠퍼스,others
4602,공과대학원,others
4603,덕신고,others
4604,마린유겐트연구소,others
4605,박문여고,others
4606,북일고,others
4607,양정고,others
4608,유타대학교,others
4609,인일여고,others
4610,인천글로벌캠퍼스(IGC)운영재단,others
4611,인천탁주,others
4612,패션기술대,others
4613,하나고,others
4614,한국뉴욕주립대,others
4615,한국스탠포드센터,citizen
4616,한국조지메이슨대,others
4617,한국조지메이슨대학교,others
4618,분당서울대병원장,others
4619,양우종합건설,others
4620,네이버 1784 사옥,private_policy
4621,국립도시건축박물관,others
4622,국립디자인박물관,others
4623,국립디지털문화유산센터,citizen
4624,향토유물박물관,others
4626,국제도시,others
4628,도심항공모빌리티,others
4629,대외/ESG,others
4630,인프라금융부장,others
4631,네이버·네이버클라우드,private_policy
4632,대외·ESG,others
4633,업무협약,others
4635,메르세데스-벤츠,others
4636,어드벤처,others
4637,서스틴베스트,others
4638,FCEV,others
4639,KGM,others
4640,KG그룹,others
4641,미래모빌리티학교,others
4642,중고차,others
4643,한국타이어,others
4644,한국타이어앤테크놀로지,others
4645,수출입은행장,others
4646,보훈명예수당,others
4647,성남시의회,others
4648,IICC,others
4649,K-마,others
4650,메쎄이상,others
4651,K-마이,others
4652,파트너십,others
4653,NUS,others
4654,싱가포르국립대,others
4655,다보스포럼,others
4656,우호협력,others
4657,과학고,others
4658,브이앤지,others
4659,쏘우웨이브,others
4660,Fitn,others
4661,가브론스카,others
4662,엑스포 첫날,others
4663,DLR,others
4664,더아이엠씨,others
4666,복합커뮤니티센터,citizen
4667,세종시교육청,others
4668,평생교육원,others
4669,행복도시건설청,others
4670,SK이노베이션,private_policy
4671,사회과학연구소,others
4672,인디애나대,others
4673,인디애나대학교,others
4674,LIN,others
4675,HKR,others
4676,누리플랜,others
4677,두산중공업,others
4678,부산공장,others
4679,유니슨,others
4680,유니슨HKR,others
4682,고양총회,others
4683,지방정부연합,others
4684,집행부,others
4685,China,others
4686,ASPAC사무총장,others
4687,ASPAC회장,others
4688,고양특례시-세계지방정부연합,others
4689,세계지방정부연합(,others
4690,하노이시,others
4691,KDB자산운용,others
4692,Private Partnership,others
4693,나카스-바삭세히르,others
4694,독립국가연합(CIS),others
4695,르네상스,others
4696,르네상스사,others
4697,한국도로공사?,policy
4698,한국도로공사?한국해외인프라도시개발지원공사,policy
4699,부지사,others
4700,포스트 차이나,others
4701,KIAMCO,others
4702,제어로봇시스템학회,others
4703,한국로봇산업협회,others
4704,뉴욕주립대,others
4705,인천도시공사(,others
4706,크레센트컨설팅 파트너,others
4707,MENA,others
4708,마스다르시티,others
4709,람보르기니,others
4711,레포레,others
4712,볼로냐,others
4713,볼로냐시,others
4714,㈜화이트스캔,others
4715,화이트스캔,others
4716,한국정보통신기술협회(TTA,others
4717,디닷허브,others
4718,IASP,others
4719,두바이상공회의소,others
4720,제진수 경과원,others
4721,(사)부산방송영상포럼,others
4722,게임공학과,others
4723,부산지역,others
4724,시청자미디어재단,others
4725,정무위,others
4726,성사혁신지구,others
4728,근로복지공단,others
4730,효자중,others
4731,현대백화점,private_policy
4732,KBU,others
4733,경복대학교,others
4734,교육국제,others
4735,디지털트윈연구원,others
4736,일반재정지원대학,others
4737,HLB일렉,others
4739,경복대,others
4740,미디어아트센터,citizen
4741,트윈연구원,others
4742,미래공간융합디자인센터,citizen
4743,L&T,others
4744,개발공사,others
4746,뭄바이,others
4747,유엔(,others
4748,이코노믹스,others
4749,타타그룹,others
4750,종합민원,others
4751,신라대학교,others
4752,그린 스마트시티,others
4753,한국영상대학교,others
4754,IAA,others
4755,로이터통신,others
4756,구미상공회의소,others
4757,한일관,others
4759,HMG,others
4760,#NAME?,others
4761,경기도건설본부,policy
4762,경찰대,others
4763,기흥구청,others
4764,수지구청,others
4765,MG새마을금고,citizen
4766,수협중앙회,others
4767,의왕역,bridge
4768,경기시청자미디어센터,citizen
4769,경복대힉교,others
4770,공공의료원,others
4771,남양주,others
4772,영상미디어콘텐츠학과,others
4773,케나즈,others
4775,키테넌트,others
4776,고양성공시대,others
4777,국립보건원,others
4779,대한항공·KT·현대건설,private_policy
4780,미래항공교통,others
4781,플라넷,others
4782,스토니브룩대(SBU,others
4783,인천글로벌캠퍼스,others
4784,인천글로벌캠퍼스(IGC),others
4785,HL그룹,others
4788,삼표그룹,others
4789,엠피시스템,others
4790,건설교통위원회,others
4791,모빌리티연구실,others
4792,유치위원회,others
4793,효성그룹,others
4794,비상대책위원회,others
4795,지케스,others
4796,국가기록박물관,others
4797,국립국어원,others
4798,국립어린이박물관,others
4799,세종학당재단,others
4800,옥상정원,others
4801,기술혁신지구,others
4802,리오몬트,others
4803,서울 CDO,others
4804,스마트시티 서울 CDO,others
4805,내각사무처,others
4807,통합정보센터,citizen
4808,실리콘밸리,others
4809,보스턴컨설팅그룹,others
4810,ISP,others
4811,강원랜드,others
4812,검찰청,others
4814,세종본부,others
4815,국립자연사박물관,others
4816,BBC,others
4817,고양경제자유구역,bridge
4819,ASML,others
4820,IPGD,others
4821,더코디,others
4822,우 뉴빌딩협회,others
4823,호로독시,others
4824,수영구,others
4825,수영구청장,others
4827,서울연구원,others
4828,숙명여대,others
4829,클린에너지,others
4830,혁신정책,others
4831,unp,others
4832,국가데이터관리단,others
4833,국가정보,others
4834,앵커호텔,others
4835,한국건설기술연구원~,others
4836,표명구ㆍ지봉근기자,others
4837,비스타,others
4838,인라이트벤처스,others
4839,티인베스트먼트,others
4840,북카페,others
4841,서부산,others
4842,기업회의,others
4843,야쇼부미,others
4844,삼성화재,private_policy
4845,UTO,others
4847,세계도시연맹,others
4848,세계이사회,others
4849,충남지사,others
4850,지식산업센터,citizen
4851,청년일자리지원센터,citizen
4852,총동문회장,others
4853,NTU,others
4854,롤스로이스,others
4855,매사추세츠공대,others
4856,뿌리산업,others
4857,시험장,others
4858,칭화대,others
4859,하이닉스,others
4860,대우푸르지오,others
4861,롯데캐슬스카이파크,others
4862,세명프라자,others
4863,스마트시티통합운영센터,citizen
4864,제일교회,others
4865,현대아이파크,private_policy
4866,ISCCC,others
4867,국제안전도시공인센터,citizen
4868,국제안전도시지원센터,citizen
4869,남구청장,others
4870,남구청,others
4871,국제안전도시,others
4872,서울연구원장,others
4873,차세대,others
4874,도시개발 담당,others
4877,미래기술연구원,others
4878,서울공항,others
4880,상임공동선대위원장,others
4881,영타운,others
4882,스토니브룩대(SBU),others
4883,유타대 아시아캠퍼스,others
4884,입주대학,others
4885,조지메이슨대학교,others
4886,확장캠퍼스,others
4887,스토니브룩대(,others
4889,아크마인드,others
4890,DxP사업본부,others
4891,네이버-,private_policy
4892,IMI,others
4893,NEBEXT,others
4894,NEBE,others
4895,네이버-삼성물산,private_policy
4896,경찰병원,others
4897,국방대학,others
4898,민세초등학교,others
4899,연기비행장,others
4900,K-SBC,others
4901,Gyeonggi,others
4902,한국산업인력공단,others
4903,경희대학교,others
4904,시·도교육청,others
4905,한국과학창의재단,others
4906,백양터널,others
4907,IFEMA,others
4908,IMI(시립정보기술연구소,others
4910,세종프렌즈,others
4911,중부대학교,others
4912,크라이슬러,others
4913,분당신도시,others
4915,구글 글래스,others
4916,마스터,others
4918,칼리버스,others
4919,한국기술교육대,others
4920,트위터,others
4921,NBA,others
4922,판교 EX,others
4923,의왕시청역,others
4924,국제축구연맹,others
4926,대한무역투자진흥공사(,others
4927,야소부미,others
4928,주인도한국대사관,others
4929,뉴델리,others
4930,서남아지역,others
4931,문화원,others
4933,상수도 사업소,others
4934,아이원넷,others
4935,휴네시온,others
4936,EHS,others
4937,SMA 솔라,others
4939,스위스,others
4940,컴퍼니,others
4941,시화조력발전소,others
4942,건설교통위,others
4943,제도개혁비서관,others
4944,딥바이오,others
4945,브이터치,others
4946,스타트업얼라이언스,others
4947,텐마인즈,others
4948,파이온코퍼레이션,others
4949,K-스타,others
4950,주성엔지니어링,others
4951,CES2024,others
4952,GH용인영덕,others
4953,의왕경찰서,others
4954,의왕소방서,others
4955,중성원자,others
4956,세종교육,others
4957,SBA,others
4958,시의원,others
4959,여의도정책연구원,others
4961,광운대,others
4962,글로벌알앤씨㈜,others
4963,도시계획부동산학과,others
4964,의회사무처,others
4965,잇츠 마이 라이프,others
4966,자치분권발전위원회,others
4967,사무처,others
4968,동구청,others
4969,동일방직,others
4970,청운대학교,others
4971,동구청장,others
4972,YRAC,others
4973,도시계획위원,others
4974,KTC,private_policy
4975,램리서치코리아,others
4976,UPS,others
4977,상림이엔지,others
4978,개발위원회,others
4979,미술대,others
4980,iot,others
4981,LX공사(한국국토정보공사,others
4982,SDN,others
4983,아토액세스,others
4984,법제사법위원회,others
4985,양자암,others
4986,뉴욕시,others
4987,뉴욕시장,others
4989,주한미국상공회의소,others
4990,국립세종수목원,others
4991,운전면허시험장,others
4992,중흥S-클래스,others
4993,TAMOS,others
4994,스튜디오갈릴레이,others
4995,오송읍,others
4996,하버드대학교,others
4997,국회 상임위원회,others
4999,상하이,others
5000,CSR,others
5002,바이오,others
5003,반도체연구소,others
5004,코엑스,others
5005,광명시의회,others
5006,mec,others
5008,선대위,others
5009,시티넷,others
5012,한남대,others
5013,주택공간위원회,others
5014,강서세무서,others
5015,부산지방법원,others
5016,사하 등기소,others
5017,서부산IC,others
5018,장낙대교,others
5019,동아시아정상회의,others
5020,한·아세안 정상회의,others
5021,엘텍유브이,others
5022,엘텍유브이씨,others
5023,국제문화기금 백성흠,others
5024,테크놀러지 총재,others
5025,경기주택도시공사(GH·사장,others
5026,넥스트레인(주),others
5027,남해고속도로,others
5028,경기남부경찰청,others
5029,구성역,others
5030,한성CC,others
5031,힐링포레스트,others
5032,APEC 정상회의,others
5033,국회사무총장,others
5035,에이트원,others
5037,남양연구소,others
5038,무소속,others
5039,미래차,others
5040,방콕시장,others
5041,싯티판,others
5043,푸어타이당,others
5044,TAP,others
5045,쏠라티,others
5046,LX한국국토정보공사사장,others
5047,국립중앙박물관,others
5048,성남고등 반도,others
5049,썬큰가든,others
5050,에코델타시티 반도아이비플래닛,others
5052,KPC,others
5053,에어버스,others
5054,경기도수출기업협회,policy
5055,경기주택공사,others
5057,친체로,others
5058,한국-페루혁신경제포럼,others
5059,부산지방중소벤처기업청,others
5060,부산지방해양수산청,others
5061,우암점,others
5062,해양에너지,others
5063,BIGTORY,others
5064,정보통신담당관,others
5065,부산남구청장,others
5066,부산지식산업센터,citizen
5067,우암부두,others
5068,BIGT,others
5069,고양특례시청,others
5070,경기도정원문화박람회,policy
5071,우리크,others
5072,이르핀시,others
5073,일산시,others
5074,NHC이노베이션,others
5075,네이버아라비아,private_policy
5076,네이버이노베이,private_policy
5077,네이버이노베이션,private_policy
5078,라이얀 알 아킬,others
5079,알아킬,others
5080,전략사업대표,others
5082,NAVER,private_policy
5083,JCR,others
5084,MCCAAi,others
5085,컴퍼니케이파트너스,others
5086,한국투자액셀러레이터,others
5087,삼익THK,others
5088,이앤인베스트먼트,others
5090,NIST,others
5091,국립표준기술연구소,others
5092,표준기술연구소,others
5093,한국방송통신전파진흥원(,others
5094,O2O,others
5095,산업공학과,others
5096,한국공간정보산업협,others
5097,한국과학기술정보연구원(KISTI),others
5098,K-국,others
5100,KB금융그룹,others
5101,NH농협은행,others
5102,W&B,others
5103,미래에셋생명,others
5104,미래에셋증권,others
5105,베어로보틱스,others
5106,신한카드,others
5107,코히어,others
5109,스톤브릿지벤처스,others
5110,스틱벤처스,others
5111,도로교통국,others
5112,태스크,others
5113,천안캠퍼스,others
5114,TOPIS,others
5115,네이버(NA,private_policy
5116,식스팹,others
5117,클라우드,others
5118,폴라리스세원,others
5119,폴라리스오피스그룹,others
5120,폴라리스우노,others
5121,식스팹(Si,others
5122,컴퓨터공학과,others
5123,국가AI위원회,others
5124,한동대,bridge
5125,철강관리공단,others
5126,포항상공회의소,others
5127,포항시의회,others
5128,한동대학교,others
5129,딥시크,others
5131,네이버 ▷라이엇게임즈,private_policy
5132,통합혁신센터,citizen
5133,삼성넥스트,private_policy
5134,SK Telecom,private_policy
5135,간담회,others
5136,세일즈포스,others
5137,에스케이텔레콤,others
5138,에스케이플래닛,others
5139,엔에이치엔클라우드,others
5142,배달의민족,others
5143,싸이닉스시스템,others
5144,옥타코,others
5145,위즈코리아,others
5146,아라비아,others
5147,AMD,others
5148,CES2025,others
5150,C랩 아웃사이드,others
5151,누비랩,others
5152,안진혁,others
5153,키오스크,others
5154,D2SF,others
5155,건축학과,others
5156,ppr,others
5157,CJ인베스트먼트,others
5158,Z벤처캐피탈,others
5159,글락소스미스클라인(GSK),private_policy
5160,무니스,others
5161,신한벤처투자,others
5162,에이온인베스트먼트,others
5163,엠엠에스벤처스,others
5164,연세대학교바이오헬스기술지주회사,others
5165,카익투벤처스,others
5166,쿼드메디슨,others
5167,호라이즌인베스트먼트,others
5168,뮤렉스파트너스,others
5169,두산위브 더센트럴,others
5170,코맥스,others
5171,CJ·,others
5172,RAG,others
5173,SK·동원그룹,private_policy
5174,SaaS,others
5175,e마트,others
5176,mHUB,others
5177,가스공사,others
5178,건보단,others
5179,국가정보자원관리원,others
5180,근복단,others
5181,디지털트윈교통,others
5182,미들웨어SW,others
5183,심평원,others
5184,산업통상부,others
5185,페블스퀘어,others
5186,모빌리티산업전,others
5187,현대케피코,private_policy
5188,마크로젠,others
5189,중소기업기술정보진흥원,others
5190,BKCF,others
5191,ECC,others
5192,UNIFIL,others
5193,가자 지구,others
5194,경제협력위원회,others
5195,동방정책,others
5196,세종학당,others
5197,아세안 확대국방장관회의,others
5198,아세안+,others
5199,유엔 헌장,others
5200,평화유지군,others
5201,한-말레이시아 정책협의회,others
5202,한국교육원,others
5203,AOIP,others
5205,대외ESG,others
5206,시티스케이프2024,others
5207,팀네이버-NHC,private_policy
5208,걸프협력회의,others
5209,알부티,others
5210,국립주택공사,others
5212,시나르마스그룹,others
5213,MMRDA,others
5214,에너지솔루션,others
5216,㈜IGIS,others
5217,㈜Inter-X,others
5218,㈜SK,private_policy
5219,㈜샌드박스,others
5220,㈜스코넥엔터테인먼트,others
5221,㈜이스트소프트,others
5222,더샌드박스,others
5223,스코넥엔터테인먼트,others
5224,카카오헬스케어,private_policy
5225,메타버,others
5226,대구수성알파시티,others
5227,(재)대구디지털혁신진흥원,others
5228,(재)대구테크노파크,others
5229,(재)신용보증기금,others
5230,GAIA-X,others
5231,㈜더샌드박스,others
5232,(주)IGIS,others
5233,(주)KT,private_policy
5234,(주)SK,private_policy
5235,(주)스코넥엔터테인먼트,others
5236,IGIS,others
5237,구름스튜디오,others
5238,대구디지털혁신진흥원(,others
5239,양평군,others
5240,양평톡톡,others
5241,국립암센터,citizen
5242,아르코호텔,others
5243,현대엘리베터,private_policy
5244,현대엘,private_policy
5245,네이버(대표이사,private_policy
5246,대외ㆍESG,others
5247,ARM,others
5248,CMC,others
5249,HABITAT,others
5250,공공데이터전략위원회,others
5251,스마트도시위원회,others
5252,알리익스프레스,others
5253,전문위원회,others
5254,랜드로버,others
5255,로레알,others
5256,유엔회원국,others
5257,KOBC,others
5258,서울 호텔,others
5259,K-w,others
5260,한국중부발전,others
5261,APCEIU,others
5262,UNESCO,others
5263,국제이해교육원,others
5264,유네스코(,others
5265,LG엔솔,private_policy
5266,LG이노텍,private_policy
5267,ADNOC,others
5268,CJ그룹,others
5269,LIG,others
5270,두나무,others
5271,무신사,others
5272,코오롱,others
5273,마스다르 시티,others
5274,AI 컨택센터,citizen
5275,SDAIA,others
5276,알감디,others
5277,유네스코(UNESCO,others
5278,국가정보센터,citizen
5279,알하지미,others
5280,ICT 솔루션즈,others
5281,앤서니,others
5282,컨버지,others
5283,네이버 웨일,private_policy
5284,마이크로소프트(MS),others
5285,빅테크,others
5287,캐시카우,others
5288,레노버,others
5289,에이수스,others
5290,샤오미,others
5291,뉴욕대,others
5292,지방주택부,others
5293,무전공영주차장,others
5294,기술경영전문대학원,others
5295,국토부 주관,others
5296,스트라드비젼,others
5297,W3C,others
5298,미래에너지,others
5299,알리바바,others
5300,HPE,others
5301,㈜프리쉐,others
5302,홍윤표,others
5303,양평군청,others
5304,한국그린데이터,others
5305,해양교통안전공단,others
5306,부산도시가스,others
5307,에프앤가이드,others
5308,SDV,others
5309,정보부,others
5310,ARIES,others
5311,게임체인저인베스트먼트,others
5312,교보증권,others
5313,대성창업투자,others
5314,산은캐피탈,others
5315,엘엔에스벤처캐피탈,others
5316,인터베스트,others
5317,Microsoft,others
5318,DSC인베스트먼트,others
5319,블루포인트파트너스,others
5320,스탠다드에너지,others
5321,에니아이,others
5322,에이치투,others
5323,팹리스,others
5324,스마일게이트인베스트먼트,others
5325,스파크랩,others
5326,LB인베스트먼트,others
5327,롯데벤처스,others
5328,캡스톤파트너스,others
5329,LX판토스,others
5330,제작후,others
5331,스타벅스,others
5332,두산밥캣,others
5333,팀네이버-CJ올리브네트웍스,private_policy
5334,스마트시티 기회,others
5335,삼성종합기술원,private_policy
5336,씨엔티테크,others
5337,K-스타트업,others
5338,부산교대,others
5339,부산대 양산캠퍼스,others
5341,SK이노,private_policy
5342,패션그룹형지,others
5343,K-IT,others
5344,대신증권,others
5345,BYD,others
5346,디리야,others
5347,미래 투자 이니셔티브,others
5348,네이버 클라우드,private_policy
5349,K-컬쳐,others
5350,사우디 양국,others
5351,NIDC,others
5352,SABIC,others
5353,개발청(DGDA,others
5355,인베스트코리아,others
5356,코오롱월드인베스트먼트,others
5357,HD현대일렉트릭,private_policy
5358,반다르,others
5359,한국경제인협회(한경협,others
5360,한전·,others
5361,알후미에드,others
5362,페어몬트호텔,others
5363,UNCPGA,others
5364,유엔 총회,others
5365,유엔총회의장협의회,others
5366,한-카타르 투자포럼,others
5367,KG모빌리티,others
5368,정림건축종합건축사사무소,others
5369,디엘이앤씨,others
5370,KTNET,private_policy
5371,한화비전,others
5372,수니파,others
5373,이슬람교,others
5374,한국일보,others
5375,조선일보,others
5376,삼성벤처투자,private_policy
5378,인천창조경제혁신센터,citizen
5379,코리아스타트업포럼,others
5380,한국여성벤처협회,others
5382,마켓컬리,others
5384,와이젠정보기술,others
5385,인공호수,others
5386,범현대,private_policy
5387,KUNBA,others
5388,뉴빌딩협회,others
5390,NCC,others
5391,안보협,others
5393,전사자,others
5394,국제컨벤션센터,citizen
5395,이랜드,others
5397,연합군,others
5398,아태교육원,others
5399,초ㆍ중학교,others
5400,씨드앤,others
5401,한국표준협회,others
5402,디데이,others
5404,아스트로젠,others
5405,에이블랩스,others
5407,SSAG,others
5408,KT에스테이트,private_policy
5409,Arm,others
5410,CNS(LG씨엔에스,private_policy
5411,농협은행,others
5412,테크놀로지스,others
5413,EXAONE,others
5414,GCP,others
5415,S-OIL,others
5416,에이전틱A,others
5417,클라우,others
5418,LG씨엔에스,private_policy
5419,GDC,others
5420,콘래드호텔,others
5421,ADD,others
5422,SK스퀘어,private_policy
5423,메트로신문,others
5424,전기차,others
5425,조지아주,others
5427,㈜LG,private_policy
5428,CNS(LG씨엔에스),private_policy
5429,LG디스플레이,private_policy
5430,시나르마스,others
5431,스마트로지스틱스,others
5432,LG CNS]LG CNS,private_policy
5433,CNS,others
5434,LG 시나르마스,private_policy
5435,시나르마스 그룹,others
5436,주간사,others
5437,공모주,bridge
5438,SINGLEX,others
5439,나이스신용평가,others
5441,마스턴투자운용,others
5442,스마트로,others
5443,LG 옵타펙스,private_policy
5444,클라우드사업부,others
5445,뱅크오브아메리카,others
5446,맥쿼리,others
5447,맥쿼리자산운용,others
5448,롯데글로벌로지스,others
5449,맥쿼리PE,others
5450,엘지씨엔에스,private_policy
5451,SKC,private_policy
5452,SK엔무브,private_policy
5453,리더십 아카데미,others
5454,마스턴아메리카,others
5455,맨해튼,others
5456,소메라로드,others
5457,소메라로,others
5458,에비뉴,others
5459,마스턴아,others
5461,Gartner,others
5462,가트너,others
5463,한동협,others
5464,위자야,others
5465,시나르마,others
5467,경력사,others
5468,경력사원,others
5469,컨설턴트,others
5470,농업기술원,others
5471,전남지역,others
5472,종자관리소,others
5473,디에이피,others
5474,디에이피 엠엘디엘,others
5475,LG에너지,private_policy
5476,YoY,others
5477,뉴스핌,others
5478,경제조정부,others
5480,IKN,others
5481,LG생활건강,private_policy
5482,유안타증권,others
5483,에스엠플러스,others
5484,에스엠플러스(SM+),others
5485,SM+,others
5486,Joint Venture,others
5487,TSMC,others
5488,레인보우로보틱스,others
5489,뉴삼성,private_policy
5490,사법리스크,others
5491,제일모직,others
5492,제일모직 부당,others
5493,AI 이니셔티브,others
5494,산업AI,others
5495,코오롱FnC,others
5496,텐센트,others
5497,한국산업지능화협회,others
5498,한국생산성본부,bridge
5499,CES 2024 성과공유회,others
5500,국제전자,others
5501,유레카관,others
5502,투핸즈인터,others
5503,한인상공회,others
5505,씨에이랩,others
5506,암웨이,others
5507,투핸즈인터랙티브,others
5508,이노텍,others
5509,제이코,others
5510,지에이치,others
5511,토탈소프트뱅크,others
5512,광성계측기,others
5513,Fai,others
5514,and,others
5515,India,others
5516,HLB,others
5517,LG화학단지,private_policy
5518,온산공단,others
5519,NGO,others
5520,비정부기구,others
5521,사회복지공동모금회,others
5522,삼성드림클래스,private_policy
5523,삼성복지재단,citizen
5524,삼성카드,private_policy
5525,에스원,others
5526,제일기획,others
5529,푸른나무재단,others
5530,삼성청년SW아카데미,private_policy
5532,AMCHAM,others
5533,NYC,others
5535,CJ원,others
5536,㈜삼우종합건축사사무소,others
5537,CARICOM,others
5538,▲오셔닉스,others
5539,㈜싸이트플래닝,others
5540,사사무소,others
5541,하얏트,others
5542,파나시아,others
5543,누산타라 프로젝트,others
5544,아세안권역본부,others
5545,에너지광물자원부,others
5546,자바섬,others
5547,SSG,others
5548,EBS,others
5549,MCU,others
5550,abc,others
5551,찌비뚱,others
5552,롯데쇼핑,others
5555,JCC,others
5556,주주총회,others
5557,재무통,others
5558,임시주총,others
5559,SNU,others
5560,비전AI,others
5561,언어A,others
5562,정보통신공학 전공자,others
5563,list,others
5564,mou,others
5565,Tem,others
5566,미래 도시,others
5567,이사회,others
5568,한국건설기술인협회,others
5569,ForumㆍCSF,others
5570,서울과기대,others
5571,중부매일,others
5573,금강유역환경청,others
5574,충남창경센터장,citizen
5575,안양1번가,others
5576,공주시,others
5577,운정신도시,others
5578,피트니스클,others
5579,지역사회보장협의체,others
5581,GWIST,others
5582,CES 2026,others
5583,LVCC,others
5584,IFEZ 홍보관,others
5585,국제경영개발원,others
5586,SCMP,others
5587,HVAC,others
5589,ESG센터,citizen
5590,㈜엔엠에프,others
5591,㈜합동전기,others
5592,대전사회혁신센터,citizen
5593,VOA건축사사무소,others
5594,사회혁신센터,citizen
5595,spl,others
5596,Kis,others
5597,hug,others
5598,Tokyo,others
5599,동경대,others
5601,아일랜드,others
5602,소고기,others
5603,과학기술보안연구센터,citizen
5604,보안관제,others
5605,우주항공 사이버안전센터,citizen
5606,골프연습장,others
5607,스탠퍼드대학교,others
5608,사회부,others
5609,딥엑스,others
5610,통합사무국,others
5612,에너자이,others
5613,코난테크놀로지,others
5614,한국기계전기전자시험연구원,others
5615,M1UCS,others
5616,모빌리티원,others
5617,구미지원센터,citizen
5618,충남문진원,others
5619,태안군UV랜드,others
5620,전북특별자치도,others
5621,대한체육회,others
5622,다함께,others
5623,지역아동센터,citizen
5624,거창군,others
5625,경남도,others
5626,도시바,others
5627,의료복지,others
5629,인천경제청인천경제자유구역청,others
5630,강원대,others
5631,K-바이오랩허브,others
5632,머스크,others
5633,바이써,others
5635,해운사,others
5636,울산창조경제혁신센터,citizen
5637,KHP,others
5638,충북국제개발협력센터,citizen
5640,스플리트시,others
5641,에르체그,others
5642,유럽재건개발은행,others
5643,크로아티아,others
5644,노바티스,others
5645,가즈노리,others
5647,의원연맹,others
5648,인천상공회의소,others
5649,인천시립교향악단,others
5650,고베시,others
5652,한일지사회의,others
5653,중흥건설,others
5654,CIA,others
5655,HD현대인프라코어,private_policy
5656,교토부,others
5657,세종시문화관광재단,others
5658,BCI,others
5659,심우주,others
5660,더군다나,others
5661,신흥산업,others
5662,과학원,others
5663,우리로,others
5664,바이오에너지,others
5665,한일지사 회의,others
5666,스타트업파크,others
5667,IJM,others
5668,PWCC,others
5670,페낭주,others
5671,K-뷰티,others
5672,경상북도경제진흥원,others
5673,디지털융합산업과,others
5674,포항공과대학교,others
5675,경북도경제진흥원,others
5676,혁신위원회,others
5677,Innovation Committee,others
5678,ence and Technology,others
5679,동안구,others
5680,내일꿈제작소,others
5681,태재대,others
5682,태재대학교,others
5683,Ivoflow사,others
5684,경산경찰서장,others
5685,㈜비즈데이터,others
5686,㈜인터엑스,others
5687,한국OSG㈜,others
5688,현대차·기아,private_policy
5689,AICA,others
5690,FPT디,others
5691,KMAC,others
5692,국가데이터센터,citizen
5693,한국능률협회컨설팅,others
5694,한국능률협회컨설팅(대표이사,others
5695,부천시청,others
5696,국방비,others
5697,CSAP,others
5698,증평군청소년문화의집,others
5699,휴먼시아 경로당,others
5701,중부발전,others
5702,LG헬로비전,private_policy
5703,문경시장,others
5704,사이버진로교육원,others
5705,은평구청장,bridge
5706,인천시교육감,others
5707,태백시장,others
5708,해운대구청장,others
5709,헬로tv뉴스,others
5710,지역채널심의위원회,others
5711,남양주시청,others
5712,Also,others
5713,소프트파워,others
5714,Sat,others
5715,경남창조경제혁신센터,citizen
5716,네브시스,others
5717,Solution Living,others
5718,솔루션 리빙랩,citizen
5719,대학생심리지원단,others
5720,대학생진로멘토단,others
5721,양지유스센터,citizen
5722,유스터즈,others
5723,중원유스센터,citizen
5724,중원유스센터 청소년운영위원회,citizen
5725,청소년 자치기구,others
5726,청소년운영위원회,others
5727,가오슝시,others
5728,가오슝시장,others
5729,녹색에너지,others
5730,천치마이,others
5731,LNG선,others
5732,K-AgeTech,others
5733,동의대학교,others
5734,동의의료원,others
5735,스마트재활복지기술연구소,others
5736,에이지,others
5737,항노화연구소,others
5738,로보원,others
5739,연구개발(R&D)연구소,others
5740,구미전자정보기술원,others
5741,BIFC,others
5742,부산국제금융센터(,citizen
5743,김앤장법률사무소,others
5744,속초시청,others
5745,국제교류실,others
5746,빈하이신구,others
5747,인더텍,others
5748,타임리,others
5749,대구상공회의소,bridge
5750,대구상의,others
5751,지식재산센터,citizen
5752,동백전,others
5753,부산문화회관,others
5754,부산신용보증재단,others
5755,부산청년 취업성공풀,others
5756,서방파제 재해취약지구,others
5757,장애인복지관,others
5758,종합사회복지관,others
5759,솔라시도CC,others
5760,장성군,others
5762,ASML코리아,others
5763,고영테크놀로지,others
5764,도쿄일렉트론,others
5765,도쿄일렉트론코리아,others
5766,에스앤에스텍,others
5767,에스티아이,others
5768,용인캠퍼스,others
5769,유진테크,others
5770,조지아텍,others
5772,베이징,others
5774,BPD,others
5775,PABPDSI,others
5776,미디어랩,others
5777,세종대학교,others
5778,헬스케어바이오텍,others
5779,농업기술센터,citizen
5780,심시스글로벌,others
5781,인지디지털트윈,others
5782,국가혁신센터,citizen
5783,로보티즈,others
5784,샤오펑,others
5785,룽강구,others
5786,사우스차이나모닝포스트,others
5787,선전시,others
5788,쑤첸시,others
5789,장쑤성,others
5790,징둥(JD)닷컴,others
5791,허베이구,others
5792,경남권,others
5793,라이프산업단,others
5794,하이퐁시,others
5795,거제시의회,others
5796,교섭단,others
5797,의회운영위원회,others
5798,FIFA),others
5799,OCA,others
5800,바이애슬론,others
5801,아시아올림픽평의회,others
5802,부산국제철도기술산업전,others
5803,PACIFICO,others
5804,QSNCC,others
5805,프로토콜캐피탈,others
5806,프로토콜캐피탈 그룹,others
5807,공무원 이주,others
5808,수쁘라뜨만,others
5809,공무원 간담회,others
5810,기타큐슈,others
5812,대원씨티에스,others
5814,파운드리 네트웍스,others
5815,합천경찰서,others
5816,합천경찰서장,others
5817,합천군,others
5818,합천초,others
5819,산업정책연구원,others
5820,쿠리치바,others
5821,겐트대학교 마린유겐트연구소,others
5822,AA아키그룹,others
5823,ANU건축,others
5824,에이앤유디자인그룹건축사사무소,others
5825,건축사사무소,others
5826,정림건축,others
5827,MDS테크,others
5828,브엉깐주,others
5829,한국디자인단체총연합회,others
5830,한국상품문화디자인학회,others
5831,애드미러,others
5832,전략사업담당관,others
5833,공동연구원,others
5836,피킷스리차나,others
5838,갠지스강,others
5839,기독교,others
5841,녹야원,others
5842,다신교,others
5843,무굴제국,others
5845,불교문화,others
5846,브라만교,others
5847,시크교,others
5848,아그라,others
5850,영축산,others
5851,왕사성,others
5852,이슬람교도,others
5853,이슬람사원,others
5854,인도정부,others
5855,자이나교,others
5856,조계종,others
5857,중앙신도회,others
5858,카스트제도,others
5859,쿠와트,others
5860,타지마할,others
5861,한국신문,others
5862,헤럴드경제,others
5863,힌두교,others
5864,힌두교사원,others
5865,INSTAR 페스티벌,others
5866,원우회,others
5867,천안시청,others
5868,INSTAR,others
5869,창신대,others
5870,창신대학교,others
5871,수성구,others
5872,수성알파시,others
5873,대구경북경제자유구역청,others
5874,스마트비즈니스센터,citizen
5875,투자청,others
5876,딥파인,others
5877,라스베이거스,others
5878,메디트릭스,others
5879,이지스자산운용,others
5880,핀포인트,others
5881,라이다,others
5882,노인복지,others
5883,(이화여대,others
5884,메타파머스,others
5885,서울캠퍼스타운,others
5886,휴로틱스,others
5887,Electronic Show,others
5888,유니유니,others
5889,써모아이,others
5890,X-Tech,others
5891,롯데이노베이트,others
5892,스마트시티 이니셔티브,others
5893,인천-IFEZ관,others
5894,인천스타트업,others
5895,미국소비자기술협회(CTA),others
5896,뉴에너지,others
5897,만달레이베이,others
5898,(주)미드바르,others
5899,플로우스튜디오(주),others
5900,아임시스템,others
5902,파나소닉,others
5903,기아차,others
5904,델타항공,others
5905,매일경제 취재팀,others
5906,웨스트홀,others
5907,기획투자부,others
5909,HACC,others
5910,씨지라이팅,others
5911,음식진흥센터,citizen
5912,에이투어스,others
5913,세종공동캠퍼스,others
5915,리빙랩 시민연구원,citizen
5916,시민연구원,others
5917,한·필리핀,others
5918,필리핀정부,others
5919,해밀동,others
5920,셀리코,others
5921,유레카 파크,others
5922,에딘트,others
5923,강원교육청,others
5924,강원창업창업체험센터,citizen
5925,강원창업체험센터,citizen
5926,강원특별자치도교육청,others
5927,석정여고,others
5928,늘봄다봄센터,citizen
5929,부북면,others
5930,성과평가위원회,bridge
5931,푸드뱅크,others
5932,함안군,others
5933,INCHEON-IFEZ관,others
5935,교류회,others
5936,동반협력기업,others
5937,리빙랩지원단,citizen
5938,지원단,others
5939,버시스,others
5940,자유구역,others
5941,SNS,others
5942,해병대 협치,others
5943,서울주택공사(SH),others
5944,재경 향우 시군지회,others
5945,첨단신도시,others
5946,HMGICS,others
5947,HMGMA,others
5948,관악구,others
5949,LINC3,others
5950,인천관광공사,others
5951,동의대 대학원,others
5952,부산시청자미디어센터,citizen
5953,부산영상공모전,others
5954,부산청년정책연구원,others
5955,BoomUp,others
5956,IKMP,others
5957,Invest,others
5958,mit,others
5959,붐업코리아,others
5960,웨비나,others
5961,인베스트코리아서밋,others
5962,대한노인회,others
5963,경희사이버대,others
5964,경희사이버대학교,others
5965,평창군,others
5966,경제위,others
5967,경제위원회,others
5968,Prime Minister,others
5969,서울스마트시티센터,citizen
5970,Hello,others
5972,TMG,others
5973,국제민간친선협회,others
5974,국제협력진흥기금,others
5975,안양시스마트도시통합센터,citizen
5976,한국국제교류재단,others
5977,국가지역경쟁력연구원,others
5978,국회행정안전위원회,others
5979,스마트강원,others
5980,과천과학관,others
5981,금천구,others
5982,금천구청장,others
5983,유튜버,others
5984,강원일보,others
5985,사람인,others
5986,춘천사회혁신센터,citizen
5987,진로진학교사,others
5988,NHPC,others
5989,진흥원장,others
5990,밀양시청,others
5991,씨아이티,others
5992,우송대,others
5993,창립총회,others
5994,나이지리아,others
5995,세네갈,others
5996,잠비아,others
5997,인천스마트시티,others
5998,중국대사관,others
5999,28청춘창업소,others
6000,고양미래교육협력지구,others
6001,노인종합복지관,others
6002,아이알데이,others
6003,창업경제혁신센터,citizen
6004,태양광,others
6005,IFE,others
6006,LG 씽큐 온,private_policy
6008,하만 인터내셔널,others
6009,배리어프리,others
6010,나성동,others
6011,부동산플래닛,others
6013,충주시,others
6014,hitc,others
6015,남빈증출장소,others
6016,뉴타운,others
6017,롯데센터출장소,citizen
6018,미딩출장소,others
6019,베트남우리은행,others
6021,㈜씨아이티,others
6022,한인회,others
6023,메디카,others
6024,브로츠와프시,others
6025,유엔사,others
6026,인태지역,others
6027,태평양 지역,others
6028,Summit,others
6029,㈜글로이앤씨,others
6030,㈜동해종합기술공사,others
6031,㈜랩피스,others
6032,㈜카카오엔터프라이즈,private_policy
6033,시민안전센터,citizen
6034,서울시립교향악단,others
6035,삼성·LG전자,private_policy
6036,프로젝터,others
6037,K-NIBRT사업단,others
6038,국능중전그룹,others
6039,정책평가연구원,others
6040,지세븐,others
6041,커넥트,others
6042,하이샹약업,others
6043,CONN,others
6045,한중 미래첨단,others
6046,사이버보안연구센터,citizen
6047,NIA한국지능정보사회진흥원,others
6048,싸이티바,others
6050,엠비언트,others
6051,석탄공사,others
6052,남부권,others
6053,산업경제위원회,others
6054,인사위원회,others
6055,충북도의회,others
6056,㈜루트랩,others
6057,㈜체리,others
6058,디엑스웍스㈜,others
6059,디엑스웍스,others
6060,㈜다원메닥스,others
6061,㈜무지개연구소,others
6062,㈜인트인,others
6063,㈜일만백만,others
6064,한국원자력연구원,others
6065,IBK창공,others
6066,제이솔루션,others
6067,태롱은행,others
6068,기술부,others
6070,함부르크,others
6071,함부르크시,others
6072,항공우주청,others
6073,도시사업협의회,others
6074,대구정책연구원,others
6075,삼성창조캠퍼스,private_policy
6077,CTC,others
6078,미래항공,others
6079,항공우주사업본부,others
6080,에어버스CTC,others
6082,CJ라이브시티 협약,others
6084,대구경북본부,others
6085,대구일보,others
6086,FIX,others
6087,강사1리항,others
6088,Campus Living,others
6089,강사리항,others
6090,마산리항,others
6091,이가리항,others
6092,eBA,others
6093,펌프킨,others
6094,붕깐주,others
6095,완샷씨리,others
6096,㈜RebootUp,others
6097,동국대·,others
6098,미래기술체험부,others
6099,세계도시포럼,others
6100,스마트도시연구센터,citizen
6101,중부대,others
6102,탄소중립녹색성장위원회,others
6103,펜실베이니아 주립대,others
6104,프로그레스,others
6105,항공대,others
6107,BCDA,others
6108,기지전환개발청,others
6109,국립컨벤션센터,citizen
6110,국방장관회,others
6111,한미일 정상회의,others
6113,동남아연구소,others
6114,주니어,others
6115,한·일 국교,others
6116,무역협회,others
6117,서울런,others
6118,닛케이,others
6120,한일중,others
6121,韓·아세안,others
6123,CMIM,others
6124,국방장관회의,others
6125,문무대왕과학연구소,others
6128,한-아세안(,others
6129,UNCLOS,others
6130,동북아시아,others
6132,남중국해,others
6133,아세안+3 정상회의,others
6134,FAA,others
6135,HTWO,others
6136,전망대,others
6137,태안군청,others
6138,교육혁신처,others
6139,IFEZ 스마트시티 리빙랩 시민참여단,citizen
6140,리빙랩 앰버서더,citizen
6141,한국외국어대,others
6142,신행정수도건설특별법,others
6143,제공인천경제청,others
6144,조세ㆍ국제통상 팀장,others
6145,SF미래과학축제,others
6146,국립과천과학관,others
6148,WISE캠퍼스,others
6149,스페이스 위콤보,others
6150,위덕대학교,others
6151,인사채용부,others
6152,GM사,others
6153,건설환경종합연구소,others
6154,보행환경연구센터,citizen
6155,극동대,others
6156,니랏 퐁싯티타원,others
6157,충북문화재단,others
6158,치앙마이,others
6159,치앙마이주,others
6160,퐁싯티타원,others
6161,Nuc,others
6162,제2세종문화회관,others
6163,NEWTATCO,others
6164,NWETATCO,others
6165,충남혁신센터,citizen
6166,오토아이디랩,others
6167,포항사랑,others
6168,운영재단,others
6169,SLW,others
6170,서포터즈,others
6171,㈜큐리어드,others
6172,강진군,others
6173,전략수립위원회,others
6174,K-스타트업 센터,citizen
6175,전북창조경제혁신센터,citizen
6176,K-스타트,others
6177,THE,others
6178,그린바이오산업화 소재,others
6179,대가야,others
6180,대가야축제,others
6181,문화예술창작소,others
6182,월성일반산업단지,others
6183,제2국가산업단지,others
6184,아랍에미리트,others
6185,2024국회,others
6186,공무원노동조합,others
6187,국방위원회,others
6188,국회아프리카포럼,others
6189,국회운영위원회,others
6190,문화체육관광위원회,others
6191,미래비전,others
6192,본회의 산회 직후,others
6193,예산결산심사소위원회,others
6194,의회외교활동자문위원회,others
6195,장군 승전길 토론회,others
6196,제2세미나,others
6197,행안위,others
6198,국방위,others
6199,운영위,others
6200,Kia,others
6201,Smart,others
6202,교통연구센터,citizen
6203,도시공간연구소,others
6204,도시공간연구소 국제심포지엄,others
6206,유니버시티칼리지런던,others
6207,청화대,others
6208,미디어아트,others
6209,스마트시티 리빙랩 시민참여단,citizen
6210,광주관광공사,others
6212,KDI대학원,others
6213,KAIST-GS건설,others
6214,Nexus,others
6215,Too,others
6216,스마트도서관,others
6217,부산대-,others
6218,반도체공동연구소,others
6219,민속체험박물관,others
6220,증평군의회,others
6221,일본무역진흥기구,others
6222,광주창조경제혁신센터,citizen
6223,알체라,others
6224,시지부,others
6225,㈜우경정보기술,others
6226,런던대,others
6227,전자통신연구원,others
6228,서울대학교 환경대학원,others
6229,도심항공교통(UAM),others
6230,진흥회,others
6231,한국광융합산업진흥회,others
6232,신에너지,others
6233,한국광산업진흥회,others
6234,SGA,others
6235,SGA그룹,others
6236,SGA솔루션즈,others
6237,SGA이피에스,others
6238,보이스아이,others
6239,에스지앤,others
6240,제로트러스트,others
6241,방재연구센터,citizen
6242,제공부산도시공사,others
6243,부민병원,others
6244,큐브스,others
6245,큐브스LED,others
6246,스탠포드대학,others
6247,스타레이크시티,others
6248,신라호텔,others
6249,키움증권,others
6250,교롱초,others
6251,남원시장,others
6252,원광여고,others
6253,전북기계공고,others
6254,태봉초,others
6255,풍문초,others
6256,플레이코,others
6258,스마트시티 리빙랩,citizen
6259,도시정보통합,others
6260,도시정보통합센터,citizen
6261,한국능률협회,others
6262,부서장,others
6263,LA시티대학,others
6264,LA코리아센터,citizen
6265,LA한국교육원,others
6266,LA한국문화원,others
6267,거점 세종학당,others
6268,세인트폴,others
6269,캘리포니아대학교 한국학연구소,others
6270,콘코디아 한국어마을,citizen
6271,한국관광공사 LA지사,others
6272,한국문화콘텐츠진흥원 미국비즈니스센터,citizen
6273,한국어마을,citizen
6274,한글문화 글로벌 포럼 초청,others
6275,㈔한국공공자치연구원,others
6276,한국지방자치경영대상은,others
6277,한국지방자치경영대,others
6278,SCEW,others
6280,롯데몰 웨스트레이크,others
6281,대반동 백사장,others
6282,목포고,others
6283,목포수산식품지원센터,citizen
6284,베스타스,others
6286,해양경찰,others
6287,119상황실,others
6288,아카데,others
6289,서산온금지구,others
6290,세계평화공원,others
6291,기독교 근대역사관 건립,others
6292,남도문예전시관,others
6293,목포역,others
6294,목포스카이워크,others
6295,초중고교생,others
6296,계룡대,others
6297,국립 박물관,others
6298,도시건축박물관,others
6299,디자인박물관,others
6300,미래박물관,others
6301,유지필성,others
6302,한글사랑거리,others
6303,영운국민체육센터,citizen
6304,청주시의회,others
6305,국립세종도서관,others
6306,서울스마트,others
6307,소리울도서관,others
6308,LH인천지역본부,private_policy
6309,미래도시건축연구원장,others
6310,백령도,others
6311,인하공전,others
6312,개최도시선정위원회,others
6313,107,others
6314,947천toe,others
6315,제주도청,others
6316,디지털기술부,others
6317,타슈켄트시,others
6319,유엔 회원국,others
6320,유엔총회,others
6321,영국과학혁신처,others
6322,사이버안전센터,citizen
6323,사이버위협,others
6325,SGV,others
6326,솔라시도 홍보관,others
6327,퍼블릭,others
6328,㈜한양,others
6329,서남해안기업도시개발㈜,others
6330,세컨하우스,others
6331,솔라시도 레저,others
6332,퍼블릭 골프장,others
6333,㈜BS산업,others
6334,스마트시티지원,others
6335,ADB(아시아개발은행,others
6336,FAB,others
6337,국제전시회,others
6338,ADB(,others
6339,남가주대학,others
6340,두산로보틱스,others
6341,한-유럽,others
6342,세종TP,others
6343,AI 다자 연구센터,citizen
6344,FKI,others
6345,ITIF,others
6346,정보혁신재단,others
6347,한미협력,others
6348,안보동맹,others
6349,불광천미디어센터,citizen
6350,수메당군,others
6351,은평구,others
6352,은평구청,others
6353,진관사,others
6354,태극기,others
6355,반둥한인회,others
6356,반둥한인회장,others
6357,수색초등학교,others
6358,금융결제원,others
6359,파주시청,others
6360,하나금융그룹,others
6361,NPU,others
6362,더플라자호텔,others
6363,KEA,others
6364,한국전자정보통신산업진흥회,others
6365,공주대학교,others
6366,청년창업사관학교,others
6367,AITS,others
6368,애스클AI,others
6369,SDI,others
6370,스마텍,others
6371,한국지역개발학회,others
6372,AFP,others
6374,JAMSHI,others
6375,이에이,others
6376,베를린,others
6377,플라츠,others
6378,포츠다머플라츠,others
6379,울산중구가족센터,citizen
6380,청년문화연구회,others
6381,디토닉,others
6383,부산연구원,others
6384,오산시오산시,others
6385,글로벌 바이오,others
6386,기술혁신센터,citizen
6387,백석고,others
6388,수산정수장,others
6389,연수소,others
6390,인천의료원,others
6391,펜타포트,others
6392,esc,others
6393,KOICA(,others
6394,건설도시개발부,others
6395,몽골과학기술대,others
6396,울란바타르시,others
6397,한몽도시협력센터,citizen
6398,경로당,others
6399,ICA,others
6400,S-Quad Project,others
6401,국제협력처,others
6402,몽골과학기술대학교,others
6403,미 연방정부,others
6404,상무부차관,others
6405,플로리다주,others
6408,㈜에이블랩스,others
6409,㈜청춘에프앤비(대표,others
6410,㈜파블로항공(대표,others
6411,디안시,others
6412,서대문구,others
6413,서대문구청장,others
6414,유스호스텔,others
6415,서대문구청,others
6416,㈜청춘에프앤비,others
6417,㈜파블로항공,others
6418,에치에프알,others
6419,마스다르,others
6421,2040,others
6423,성남도시개발공사,others
6424,확대간부회의,others
6425,연례투자회의,others
6426,행정교통부,others
6427,AIM,others
6428,국립발레단,others
6429,미래교통,others
6430,쇼파라,others
6431,손목닥터9988,others
6432,남춘천여중,others
6433,대성고,others
6434,봉의고,others
6435,영서고,others
6436,한국청년기업가정신재단,others
6437,황지정보산업고,others
6439,스페이스허브,others
6440,도로교통청,others
6442,음악예술재단,others
6443,인베스트서울,others
6444,확대간,others
6445,제1함대사령부,others
6446,국제인공지능대전,others
6447,제주한화우주센터,citizen
6449,탐라대학교,others
6450,페리지에어로스페이스,others
6451,탐라대,others
6452,한화우주센터,citizen
6453,한화우,others
6454,나만간시,others
6455,범국민,others
6456,경성대,others
6457,디지털물관리부,others
6458,송도세브란스병원,others
6459,아이코어,others
6461,문화관광부,others
6462,ASTRI,others
6463,이프 응용과학기술연구소,others
6466,에너지경제연구원,others
6467,푸른도시여가국,others
6468,CES 스타트업,others
6469,쌍용예가,others
6471,숭실대학교,others
6472,SV인베스트먼트,others
6473,고양캠퍼스,others
6474,관광대학원,others
6475,관광부,others
6476,스마트관광연구소,others
6477,호텔관광대학,others
6478,㈜로제타텍,others
6479,㈜엔엑스,others
6480,㈜원더풀플랫폼,others
6481,메타빌드㈜,others
6482,엔엑스,others
6483,원더풀플랫폼,others
6484,조만영,others
6485,한국버스방송㈜,others
6486,선거관리위원회,others
6487,하이패스IC,others
6488,Aramco,others
6489,강화군,others
6490,아트센터,citizen
6491,에코토피아,others
6492,전북연구원,others
6493,인천본부,others
6494,지적청,others
6495,글로벌엔지니어링센터,citizen
6496,용산공원,others
6498,LG 시그니처 올레드 M,private_policy
6499,LVCC 웨스트홀,others
6500,두산그룹,others
6501,격렬비열도,others
6502,산림자원연구소,others
6503,태안읍성,others
6504,비전케어,others
6505,미래 항공산업,others
6506,씨티씨,others
6507,에어버스 씨티씨,others
6508,파워반도체,others
6509,에어버스 CTC,others
6510,정보통신보안담당관,others
6511,KT서부광역본부,private_policy
6512,KT서부광역본부장,private_policy
6513,SST,others
6514,국립대학교,others
6515,니켄세케이,others
6516,아카렌가,others
6517,재개발협의회,others
6518,시찰단장,others
6519,웅상중앙병원,others
6520,데이터베이스,others
6521,정보화위원회,others
6522,에어캐빈,others
6526,녹우당,others
6527,다산밥상,others
6529,미황사,others
6530,별미 ⓵,others
6531,청보리,others
6532,한경란 종부,others
6533,해남고,others
6534,해남고구마빵,others
6535,익스트림 테마파크,others
6536,중앙선대위,others
6538,공과대,others
6539,글로벌학교재단,others
6540,디스커버리,others
6541,모더나,others
6542,바이오랩스,others
6543,바이오정밀,others
6544,제자유구역,others
6545,바이오뱅크,others
6546,도시재생지원센터장,citizen
6547,2024 지역혁신 아이디어 경진대회,others
6548,롯데몰 웨스트레,others
6549,에어비앤비,others
6550,영도경찰서,others
6551,82startup,others
6552,대전인,others
6553,대학연합산학협력협의체,others
6554,목원대(총장,others
6555,세계가전박람회(CES,others
6556,츠쿠리에(TSUCRIA,others
6557,한인상공회의소,others
6558,도시계획위원회,others
6559,식품의약품안전처,others
6560,사회적협동조합,citizen
6561,국립치의학연구원,others
6562,AI반도체 혁신기업,others
6563,CEO 앨런 살마시,others
6565,홍성 국가첨단,others
6566,영월군,others
6568,국방산단,others
6569,대통령 민생토론회,others
6570,장호종 경제과학부시장,others
6571,비아사,others
6572,서산비,others
6573,논산시,others
6574,로타렉스,others
6575,SK렌터카㈜,private_policy
6576,실천본부,others
6577,성도이엔지,others
6578,영진종합건설,others
6579,한미글로벌건축사사무소,others
6581,소비자기술협회(CTA),others
6582,KAIST),others
6583,디지털재단,others
6584,주성환 디지털재단,others
6585,경북창조경제혁신센터,citizen
6586,경북창조경제혁신센터장,citizen
6587,CC25,others
6588,커피전문점,others
6589,간부공무원 회의,others
6590,슬리머스,others
6591,알파탄그룹,others
6592,오스템임플란트,others
6593,플라소닉,others
6594,하이로닉,others
6595,쿠시부,others
6596,노원구,others
6597,노원구청,others
6598,노원구청장,others
6599,통신복,others
6600,민주평통,others
6601,선거구,others
6603,에스토니아,others
6604,창원시장,others
6605,창원특례시장,others
6606,BIT,others
6607,도봉구청,others
6608,알림마당,others
6609,운영위원회,others
6610,창업보육센터,citizen
6611,K-바이오,others
6612,BK21 교육연구단,others
6613,BK21 대학원혁신사,others
6614,ICT융합 해양스마트시티,others
6615,교육연구사업,others
6616,전임교원,others
6617,첨단융합기술원,others
6618,BK21 대학원혁신사업 컨퍼런스,others
6619,엔드투엔드,others
6620,만리포니아,others
6622,항공ㆍ,others
6623,대외경제협력기금운용위원회,others
6624,당진시청,others
6625,시민리빙랩,citizen
6626,당진시장,others
6627,신반정보고등학교,others
6630,대한민국 국회,others
6631,마이스터고등학교,others
6632,자원그린에너지파크,others
6633,국민안전체험관,others
6634,상주적십자병원,others
6635,혁신농업타운,others
6637,세계풍력에너지협의회,others
6638,GWEC,others
6639,ICCA,others
6641,국제컨벤션협회,others
6642,연차총회,others
6643,한국관광공사(국제관광본부장,others
6644,국회세종의사,others
6645,국제본부,others
6646,노인복지회관,others
6647,청소년문화센터,citizen
6648,포스코 수소환원제철소,others
6650,로드시스템,others
6652,우버기즈모,others
6653,이노프렌즈,others
6654,인천교통정보,others
6655,제이치글로벌,others
6656,스마트병,others
6657,예술의전당,others
6658,해병대,others
6660,서울중앙지검,others
6661,인천교통정보센터,citizen
6663,AEPC,others
6664,대체에너지 진흥센터,citizen
6665,도시개발기금,others
6666,언맨드,others
6667,중구청장,others
6668,DAU,others
6669,ICT융합해양스마트시티,others
6670,승학캠퍼스,others
6671,도청119안전센터,citizen
6672,갤럭시코퍼레이션,others
6673,성장관리계획,others
6674,㈜탑테이블,others
6675,만드로(주),others
6677,서울창조경제혁신센터,citizen
6678,기주옥,others
6679,달서구의회,others
6680,용인특례시의회,others
6681,의정혁신연구회Ⅱ,others
6682,용인시의회,others
6683,의정혁신연구회,others
6684,엘유엘코리아,others
6685,파워플레이어,others
6686,특례시의회,others
6687,닥터테일,others
6689,한국광기술원,others
6690,익산시장,others
6691,목포고등학교,others
6692,목포여자고등학교,others
6694,과학기술연구부,others
6695,국제경찰지식센터,citizen
6696,스마트치안지능센터,citizen
6697,치안정책연구소,others
6698,한국반도체연구조합,others
6699,한국전자기술연구원(KETI),others
6700,한국산업기술기획평가원,others
6701,라스베이거스컨벤션센터,citizen
6702,가야고,others
6703,TIPS,others
6704,엠디에이,others
6705,KOTRA관,others
6706,서울기업,others
6707,서울만,others
6709,소비자 기술협회,others
6710,이대화,others
6711,전남관,others
6712,전남지사,others
6713,농수산식품,others
6715,임대사업소 조성,others
6716,일자리경제진흥원,others
6717,2026,others
6718,봉안당,others
6720,해양치유센터,citizen
6721,Gap,others
6722,삼학도,others
6723,대중교통혁신TF,others
6724,도로과,others
6725,도시과,others
6726,서산버드랜드사업소,others
6727,정신보건위생과장,others
6728,조흥미,others
6729,황동희,others
6730,IMO,others
6731,국제해사기구,others
6732,리노공업,others
6733,UAM연구센터,citizen
6734,공군학군단,others
6735,아이돌봄광역지원센,others
6737,학군단,others
6738,항공기술교육원,others
6739,항공모빌리티연구소,others
6740,Mec,others
6741,항공운항학,others
6742,경기장,others
6743,미식산업TF팀,others
6744,KT컨소시엄,private_policy
6745,SKT컨소시엄,private_policy
6746,롯데정보통신컨소시엄,others
6747,아이돌봄광역지원,others
6748,문화재단,others
6749,인천스타트업파크내,others
6750,충청남도,others
6751,노인복지센터,citizen
6752,산업위생과장,others
6753,덕양구청장,others
6754,상하수도사업소,others
6755,삭선리,others
6756,전국단위 체육대회,others
6757,텍사스,others
6758,한국투자,others
6759,경북만,others
6760,Electronis Show,others
6761,BANF,others
6762,UrbanLinkX,others
6763,꾸러기수비대,others
6764,리틀켓,others
6765,쉐코(대표,others
6766,스타트업 버시스,others
6768,국가ㆍ스타트업,others
6769,nci,others
6770,씨티셀즈,others
6771,경북지사,others
6772,애드플러스,others
6773,인셉션랩,others
6774,국도건설,others
6775,신흥사,others
6776,원전해체연구소,others
6778,인천지역,others
6779,위플로,others
6780,인터브랜드,others
6782,심사위원회,others
6783,울산만,others
6784,국제치안산업대전,others
6785,ADT캡스,others
6786,인천경찰청,others
6787,덕성여대,others
6788,부산시의회 제공부산시의회,others
6789,비투엔,others
6790,교육재단,others
6791,해남매일시장,others
6792,화원산단,others
6793,디지털훈련센터,citizen
6794,로봇직업혁신센터,citizen
6795,하남시,others
6796,하남시의회,others
6797,스마트시티 시민 리빙랩 아카데미,citizen
6798,하남시장,others
6799,국립금오공과대학교,others
6801,일반회,others
6802,천안아산역,others
6803,글로벌바이오,others
6804,녹색에너지연구원,others
6805,바이오진흥원,others
6806,생물의약연구센터,citizen
6807,신용보증재단,others
6808,전남관광재단,others
6809,전남테크노파크,others
6810,전라남도지사,others
6811,청소년미래재단,others
6812,중소기업일자리경제진흥원,others
6813,레저넌스,others
6814,컨설턴시,others
6815,동북아,others
6816,예결특위,others
6817,시나르마스 랜드,others
6818,울산시교육청,others
6820,BMRC,others
6821,MIT Alliance for Research and Technology,others
6822,MIT 합동공학연구센터,citizen
6823,SERC,others
6824,고양바이오정밀,others
6825,과학기술연구회(,others
6826,과학기술청(ASTAR),others
6827,국가연구소,others
6828,난양공대와 공동연구소,others
6829,바이오메디컬연구소,others
6830,인피니온,others
6831,코넬대학교,others
6832,증평군청,others
6833,한-걸프협력회의,others
6834,경찰서장,others
6835,일산동,others
6836,씨씨티비,others
6837,태백시의회,others
6838,고덕강일지구,others
6839,야놀자클라우드,others
6840,트러스테이,others
6841,계룡건설산업(주),others
6842,청주시,others
6843,KIEP,others
6844,현대건설 컨소시엄,private_policy
6845,국방특화센터,citizen
6846,전략기획본부장,others
6847,항공기술연구원장,others
6848,항공우주기술,others
6849,drug,others
6850,백두대간권,others
6851,상주시의회,others
6852,스마트팜혁신밸리,others
6855,제2국민체육센터,citizen
6856,중동교 위험교량,others
6857,CEPTED,others
6858,단원경찰서,others
6859,안산소방서,others
6860,위치추적중앙관제센터,citizen
6861,STATION-G,others
6863,김해공공의료원,others
6864,노동지청,others
6865,김해시장,others
6866,김해시청,others
6867,환경청,others
6868,주롱혁신단지,others
6869,통상산업부,others
6870,퍼스널,others
6871,123m,others
6872,대표팀,others
6873,스마트시티 서울,others
6874,에너지청,others
6875,코펜하겐,others
6876,피아트,others
6877,환경자원,others
6878,의왕시의회,others
6879,ITS 학회,others
6880,제주한라대학교,others
6881,경영지원처,others
6882,음성군장학회,others
6883,한국가스안전공사,others
6884,한국기업경영학회,others
6886,스마트도시협의체,others
6887,DEA,others
6890,환경자원센터,citizen
6891,도의원,others
6892,땅끝황토친환경영농조합법,others
6893,재난안전특교세,others
6894,전남도의회,others
6895,해남경찰서장,others
6896,해남문화원장,others
6897,호남권연구센터,citizen
6898,제주도의회,others
6899,Bie,others
6900,빌바오시,others
6901,빌바오시장,others
6902,국표원,others
6903,상담소,others
6904,씨티아이랩,others
6905,피아스페이스,others
6906,시설물통합정보,others
6907,양천경찰서,others
6908,양천구,others
6909,양천구청장,others
6910,이화학연구소,others
6911,치바현,others
6912,한일의원연맹,others
6913,기획경제위원회,others
6914,전국 광역시도의회,others
6915,충남도의회,others
6917,사우디 대표단,others
6918,㈜컨텍(대표,others
6919,오름샛,others
6920,우주강,others
6921,우주지,others
6922,항공우주연구원,others
6923,강북구,others
6924,감전역,others
6925,골프존,others
6928,ICL,others
6929,ITRI,others
6930,공업기술연구원,others
6931,정보통신연구소,others
6932,건축연구소,others
6933,초광역 도심항공교통,others
6934,KT부사장,private_policy
6935,기용건축사사무소,others
6936,도시생태건축,others
6937,부안군,others
6938,세종정부청사-국회,others
6939,SOS랩,others
6940,전략파트너십 위원회,others
6941,러시아-우크라,others
6942,사우디 투자포럼,others
6943,사우디산업개발기금,others
6944,중동 그린 이니셔티브,others
6945,중소기업벤처부,others
6946,지식재산청,others
6947,특허협력조약,others
6948,한국벤처투자(KVIC,others
6949,협력 이니셔티브,others
6950,대외경제정책연구원,others
6951,평화의,others
6952,도시안전정보,others
6953,도시안전정보센터,citizen
6954,투신사,others
6955,광진구,others
6956,비엠티,others
6957,한-중동 경제협력 민관추진위원회,others
6958,한국무역보험공사,others
6959,신달라,others
6960,홍해 리조트 섬,others
6961,기타큐슈시의회,others
6963,도미니카공화국,others
6964,복합커뮤니티단지,others
6965,인천광역의회,others
6966,기타큐슈 시의회,others
6967,송도캠퍼스,others
6968,㈜셀트리온,others
6969,삼성바이오로직스㈜,private_policy
6970,사이버 침해대응센터,citizen
6971,KAMA,others
6972,주롱혁신지구,others
6973,세인트 레지스 호텔,others
6974,한국배터리산업협회,others
6975,산업협회,others
6976,주롱도시공사,others
6977,세종시외버스터미널,others
6978,CIP,others
6979,도시개발(주),others
6980,베를린시,others
6981,사이버브레인연구실,others
6982,HHI,others
6983,과학연구소,others
6984,베를린주정부,others
6985,주니퍼,others
6986,프라운호퍼 FOKUS,others
6987,유니버설로봇,others
6988,한경 글로벌,others
6989,장생포,others
6990,삼성리서치이스라엘,private_policy
6991,걸프협력회의(GCC),others
6992,그리스,others
6994,삼성리서치,private_policy
6995,경북교육청교육진흥원,others
6996,고아웃캠프,others
6997,괴산군,others
6998,괴산콜버스,others
6999,GGGI,others
7000,가오슝,others
7001,녹색성장연구소,others
7002,한컴인스페이스,others
7003,구민참여단,others
7004,스마트시티 리빙랩 성과공유회,citizen
7006,하이마트,others
7007,몬테네그로,others
7008,부산 엑스포,others
7009,세인트루시아,others
7010,한국안,others
7012,인증원,others
7013,오원지구,others
7014,위성총조립시험센터,citizen
7015,기술원,others
7017,생활문화체육센터,citizen
7018,옥천군의회,others
7019,총동창회,others
7020,KASI,others
7021,한-ASEAN,others
7022,CEPA,others
7023,우주청,others
7025,㈜블루코어PFV,others
7026,골든테라시티내,others
7027,발전자문위원회,others
7028,송도랜드마크시티,others
7029,한미일,others
7030,빈사르 판자이탄,others
7031,수랄라야발전소,others
7032,원자력협회,others
7033,원전수출산업협회,others
7034,한·동남아시아국가연합,others
7035,해양투자조정부장관,others
7036,CIDC,others
7037,LH인도지사,private_policy
7038,ONGC,others
7039,TATA에너지연구원,others
7040,TERI,others
7041,상공부,others
7042,연락사무소장,others
7043,조진철,others
7044,천연가스공사,others
7045,△대외경제정책연구원,others
7046,솔라시도 골프앤,others
7047,안보리,others
7048,인태 지역,others
7049,한-아세안 정상회의 비공개회의,others
7050,태평양도서국,others
7052,한·미·일 정상회의,others
7053,주민참여단,others
7054,옵저버,others
7055,바이오필릭,others
7056,전주시장,others
7057,알엑스오,others
7058,태국지사,others
7059,외동읍,others
7060,내진보강공사,others
7061,의총교,others
7062,장애인종합복지관,others
7063,남원시의회,others
7064,스마트공과대학,others
7065,VKBIA,others
7066,반도그룹,others
7067,종로구청,others
7068,현대엔지니어링현대엔지니어링,private_policy
7069,제이에이코리아,others
7071,서구청,others
7072,청소년 창의캠프,others
7073,인천시교육청,others
7074,텔아비브대,others
7075,주한이스라엘대사,others
7076,텔아비브대학,others
7077,스마트시티 리빙랩 연구회,citizen
7078,고양경찰서,others
7079,2025 APEC,others
7082,장록습지,others
7083,황룡강,others
7084,아이티센,others
7085,콤텍시스템,others
7086,기획재경위원회,others
7087,오렌지카운티,others
7088,6G Open Hub,others
7090,국제전기전자공학회,others
7091,애널리틱스,others
7092,어레이,others
7093,클래리베이트,others
7094,BISTEP,others
7095,ERC,others
7096,부산산업과학학신원,others
7097,미래스마트건설연구본부,others
7098,인덕동,others
7099,㈜스마트,others
7100,전남 정보문화산업진흥원,others
7101,시빅테크,others
7102,인공지능산업융합사업단,others
7103,AIT,others
7104,제주개발,others
7106,주한외국공관,others
7107,광주광역시사회서비스원,others
7108,광주광역시의회,others
7109,EBS미디어,others
7110,제주특별자치도교육청,others
7111,제주특별자치도청,others
7112,한국항공우주소년단,others
7113,항공모빌리티융합연구센터,citizen
7114,항공우주산업,others
7115,대한민국시도지사협의회,others
7116,아시아·태평양경제협력체,others
7117,엠버서더 호텔,others
7118,정선고등학교,others
7119,가족복합커뮤니티센터,citizen
7120,스마트시티 선정,others
7121,수리조선산업,others
7123,태화강마두희축제,others
7124,국립의과대학,others
7125,대한의사협회,others
7127,일반농산어촌개발,others
7128,안흥진성 종합,others
7129,DAC,others
7130,개발원조위원회,others
7131,국민총소득,others
7132,UNDRR,others
7133,유엔재난위험경감사무국,others
7134,톈진시-딜로이트사,others
7135,B2B상담회,others
7136,디지털산업협회장,others
7137,삼성독일법인,private_policy
7138,고양스마트,others
7139,일산서부경찰서,others
7141,크라운플라자호텔,others
7142,HCHJ,others
7143,LLC사,others
7144,광산업진흥회,others
7145,우즈베기스탄,others
7146,“인천,others
7147,필립스,others
7148,진천군,others
7149,진천군청,others
7150,문화재청,others
7151,Eumseong-,others
7152,그랑포레 데시앙,others
7153,마더팩토리,others
7155,에누마,others
7156,진양교,others
7157,ASEANㆍ동남아시아국가연합,others
7158,EODES,others
7159,LNG발,others
7161,GS에너지,others
7162,과학기술연구원(VKIST,others
7163,관세당,others
7164,산업무역부,others
7166,한·베 정상회담,others
7167,Vietnam,others
7168,VKIST,others
7169,과학기술연구원,others
7171,영상정보처리위원회,others
7172,음성경찰서,others
7173,준법지원센터,citizen
7174,음성군통합관제센터,citizen
7175,개조전기차,others
7176,에이스투자㈜,others
7177,탄소중립 에듀센터,citizen
7178,솔라시도 재생에너지,others
7180,에이스투자,others
7181,에스파,others
7182,GPMF,others
7183,Management Forum,others
7184,한국중견기업연합회,others
7185,안전보장이사회,others
7186,중기중앙회,others
7187,남구의회,others
7188,예산군,others
7189,민주주,others
7190,서원대,others
7191,서원대학교,others
7192,응웬짜이대,others
7193,응웬짜이대학교,others
7194,충북경제자유구역청,others
7195,도시정보관리,others
7196,라오스,others
7197,내포신도시,others
7198,민방위,others
7199,융복합대학,others
7200,군사정부,others
7201,WeGO 스마트시티 챔피언즈,others
7202,가짜뉴스,others
7204,딜리시,others
7205,에이펙,others
7206,공동체주택부,citizen
7207,연수경찰서,others
7208,인천연수경찰서,others
7209,중앙선거관리위원회,others
7210,한국천문연구원,others
7211,방범대원,others
7212,HS4A,others
7213,도지사,others
7214,앰버서더 호텔,others
7215,서울디자인연구소,others
7216,은평캠퍼스,others
7217,차세대통신,others
7218,쿠데타,others
7219,천주교,others
7220,재판부,others
7221,항저우,others
7222,기획조정실,others
7223,도시주택국,others
7224,친환경사업본부,others
7225,평생학습사업본부,others
7226,평생학습사업소,others
7227,홍보기획관,others
7228,환경수도사업소,others
7229,공원녹지과,others
7230,아세안·G20,others
7231,부산외국어대,others
7232,오데사,others
7233,인도주,others
7234,NASA(항공우주국,others
7235,나라스페이스,others
7236,연세대팀,others
7237,이노스페이스,others
7238,천문우주학과,others
7239,환경위,others
7240,오사카,others
7241,총리실,others
7242,TMA,others
7243,씨드앤이,others
7244,홍원진 씨드앤 부대표,others
7245,릴리커버,others
7246,큐빅케이,others
7247,티엠이브이넷,others
7248,한국알파시스템,others
7249,E.N.SOFT,others
7250,웍스메이트,others
7251,㈜이엠에스,others
7252,KEPCO,others
7253,연우테크놀러지,others
7254,AIaa,others
7255,대보디엑스,others
7256,에스알,others
7257,에이치엘비일렉,others
7258,선문대,others
7259,선문대학교,others
7260,프리젠,others
7261,스타트업파크 오픈스튜디,others
7262,신호등주,others
7263,스타트업파크 오픈스튜디오,others
7264,KDT,others
7265,서울캠퍼스,others
7266,세미콘 아카데미,others
7267,프리콘,others
7268,AMI,others
7269,IIo,others
7270,케빈랩,others
7271,100kg,others
7272,미래산업 선,others
7273,미래일자리연구소,others
7274,도심항공교통체계,others
7275,메타그린스마트시티,others
7276,민원지적과장,others
7277,UPI뉴스,others
7278,아스팩미래기술경영연구소,others
7279,서울특별시장,policy
7280,SPAC,others
7282,상상인,others
7283,신영증권,others
7284,아이엠티,others
7285,어세룡,others
7286,APA,others
7287,NTT도코모,others
7288,새턴바스,others
7289,서울신문사,others
7290,뷰메진,others
7291,스마트버스정류장,others
7292,서울창업허브,others
7293,메이커톤,others
7295,쇼케이스,others
7296,유로모니터,others
7297,(주)케이아이오티,others
7298,트로제나,others
7299,픽스포디,others
7300,PIX4D,others
7301,국회의원단,others
7302,일본 자민당,others
7303,정보통신전략조사회,others
7304,주오사카대한민국총영사,others
7305,중의원,others
7306,지방창생특별위원회,others
7307,한일국교,others
7308,밀리어네리,others
7309,네비웍스,others
7310,메타아이즈,others
7311,시흥시장,others
7313,큐링이노스,others
7314,(주)버시스,others
7315,(주)비바이노베이션,others
7316,IFEZ관,others
7317,더넥스트에이아이,others
7318,아이핀랩스,others
7319,성남관,others
7320,SCEWC2024,others
7321,ISM,others
7322,씨엔와이더스,others
7323,한국토지주택공사(LH,private_policy
7324,ABC,others
7325,국립대만과학기술대학,others
7326,아수스,others
7327,아이스테이징,others
7328,엔비디아-아수스-국립대만과학기술대학,others
7329,이하 디지털트윈,others
7330,추선우,others
7331,칭화대학,others
7332,표준연구본부,others
7333,세계전기통신표준총회,others
7334,국방ㆍ스마트시티,others
7335,로제타텍,others
7336,HBFQ,others
7337,걸프협력이사회(GCC,others
7338,관세동맹,others
7339,헬랄 알,others
7340,과학기술정보통신,others
7341,픽스4D,others
7342,홍보마케팅실,others
7343,홍보마케팅실 이사,others
7344,비상경제대책회,others
7345,후에시,others
7346,(사)한국측량학회,others
7347,공간정보기술사회,others
7348,대한공간정보학회,others
7349,인하공업전문대학,others
7350,한국측량학회,others
7351,STO,others
7352,디에이건축,others
7353,공공주택부,others
7355,Skyline,private_policy
7356,기상산업기술원,others
7357,보은군,others
7358,군의회의장,others
7359,보은군의회의장,others
7360,KT맨,private_policy
7362,LG하우시스,private_policy
7363,토큰증권,others
7364,판교 알파돔,others
7365,에이트원-디에이건축,others
7366,PAMNet,others
7367,ResilienX,others
7368,도심지역,others
7369,프리 IPO,others
7370,Longbo,others
7371,Trueweather,others
7372,위드웍스,others
7374,휴젝트,others
7375,경북경찰청장,others
7376,연수구청,others
7377,인천교통공사,others
7378,자연과학대학,others
7379,가든호텔,others
7380,조선비즈,others
7381,동부경제회랑,others
7382,동작구,others
7383,동작구청장,others
7384,서울 동작구,others
7385,홍주초등학교,others
7386,수성알파시티 스마트시티센터,citizen
7387,한국정부,others
7388,소공연,others
7391,수퍼게이트,others
7392,에이직랜드,others
7393,국민신문고,citizen
7394,팔란티어,others
7395,시흥도시공사,others
7396,한국정보공학기술사회,others
7397,OASC,others
7398,스마트시티 디지털,others
7399,스마트시티 혁신센터,citizen
7401,SIRIUS,others
7402,Automotive Task Forc,private_policy
7403,IATF,others
7404,LH연구원,private_policy
7405,인앤아웃,others
7406,L20,others
7407,연방항공국,others
7408,슈프리마,others
7409,슈프리마AI,others
7410,스마트큐브,others
7411,도요다,others
7412,볼보 그룹,others
7413,대원근린공원,others
7414,디닷엣지,others
7415,모빌아이,others
7416,라이트,others
7418,Abc,others
7419,대보건설,others
7420,P-2구역,others
7421,서울통합관,others
7422,신청서 작성법 멘토링,others
7423,코트라(KOTRA),others
7424,경남도의원,others
7425,오케스트로,others
7426,상생협의회,others
7427,SMIC,others
7428,UND,others
7429,대구보건대,others
7430,대구보건대학교,others
7431,임상병리학과,others
7432,태국 스마트시티 프로젝트,others
7433,㈜IGIS(대표,others
7434,㈜UND,others
7435,스쿨버스,others
7436,레이다,others
7437,뮤셈비나,others
7438,혁신기술존,others
7439,국제자동차경주장,others
7440,서남권,others
7441,레저테마파크,others
7442,Who,others
7443,민생경제과,others
7444,복현중,others
7445,스마트광통신센터,citizen
7446,유아교육진흥원,others
7447,제2작전사령부,others
7448,SRS,others
7449,AAA,others
7451,Amazon,others
7452,성안당,others
7453,onsumer Electronics Show,others
7454,CITS,others
7455,준비위원회,others
7456,임산부,others
7457,파주시의회,others
7458,농협중앙회,others
7459,제이씨현시스템,others
7460,태안군정발전위원회,others
7461,현대차부사장,private_policy
7464,단양군청,others
7465,단양소,others
7466,스마트정보과,others
7467,육군3585부대,others
7468,토지관리과,others
7469,32보병사단,others
7470,백룡부대,others
7471,전투참모단,others
7472,충남지역,others
7473,육군32사단,others
7474,FB04,others
7475,국립국악고 관현악단,others
7476,박람회,others
7477,축하기원,others
7478,희망도약,others
7479,Mit,others
7480,소셜인프라테크,others
7481,대전하나시티즌,others
7482,도시공원,others
7483,독립기념관,others
7484,천안시민프로축구단,others
7485,천안시의회,others
7486,천안시티FC,others
7487,청주FC,others
7488,가든뮤지엄,others
7489,베스트웨스턴호텔,others
7490,㈜리틀켓,others
7491,㈜마이크로시스템즈,others
7492,㈜반프,others
7493,㈜버시스,others
7494,㈜쉐코,others
7495,휴먼안전제품,others
7496,㈜꾸러기수비대,others
7497,당수2지구,others
7498,㈜멤스,others
7499,㈜벤텍프런티어,others
7500,㈜인디제이(대표,others
7501,광주시문화경제부시장,others
7502,에코디자인,others
7503,에코디자인&스마트에너지,others
7504,에코피스㈜,others
7505,인트플로우㈜,others
7506,인트플로우㈜(대표,others
7507,생활가전사업부,others
7508,르비우,others
7510,마이크로소프트사,others
7511,초광역 도심항공교통망,others
7512,삼익정,others
7513,삼익정공,others
7514,원창머티리얼,others
7515,미래첨단소재㈜,others
7516,삼익정공㈜,others
7517,엠제이비전테크㈜,others
7518,원창머티리얼㈜,others
7519,대구신용보증재단,others
7520,미래첨단소재,others
7523,진로직업박람회,others
7524,청소년진로직업박람회,others
7525,알조마이,others
7526,경찰청장,others
7527,경찰특공대,others
7528,딥노이드,others
7529,아이디스,others
7530,에스앤티모티브,others
7531,전시사업팀,others
7532,창의교육 부스,others
7533,태영건설,others
7534,샌드박스네트워크,others
7535,에코파,others
7536,SAVH,others
7537,맵서스,others
7538,유니버셜,others
7539,SMA,others
7540,스마트싱스,others
7541,H&A사업본부,others
7542,AI전자,others
7543,서울인공지능고,others
7544,추현진미래진로연구소,others
7545,하이텍디자인,others
7546,닥터차,others
7549,오비고,others
7550,오토피디아,others
7551,인비저블아이디어,others
7552,금천과학축제,others
7553,아이씨뱅큐,others
7554,금나래아트홀,others
7555,서울시립과학관,others
7557,강북구(구청장,others
7558,강북구청장,others
7559,도시안전시스,others
7560,이티에듀,others
7561,ITA,others
7562,TD홀딩,others
7563,TD홀딩스,others
7564,국방기술품질원,others
7565,디펜스코리아,others
7566,소니드,others
7567,소니드리텍,others
7568,중앙은행장,others
7569,짐바브웨,others
7570,오중건,others
7571,국가개발부,others
7572,동부자바주,others
7573,동부자바,others
7574,달성군,others
7575,옥포읍,others
7576,국제양궁장,others
7577,노인건강타운,others
7578,인공섬,others
7579,기아차 오픈이노베이션추진실,others
7580,엠갤러리,others
7581,KIST,others
7582,키스트,others
7583,토페스,others
7584,용산구청,others
7585,하이펜,others
7586,세계도시정상회의 시장포럼,others
7587,도시산업,others
7588,이엠에스,others
7590,㈜비케이에너지,others
7591,썬스톤,others
7592,휴먼아이티솔루션과 ㈜비케이에너지,others
7593,원익홀딩스,others
7594,주주연대,others
7595,케어랩스,others
7596,서울경제진흥원(,others
7597,옐로모바일,others
7598,나이스지니데이타,others
7599,티브릿지코퍼레이션,others
7600,화순군청,others
7601,나이스지니데이터,others
7602,드래곤플라이,others
7603,스트리미,others
7604,탈중앙분산신원,others
7605,하루엔터테인먼트,others
7606,다올글로벌,others
7607,전략영업팀,others
7608,한솔테크닉스,others
7609,에이치케이조형연구소,others
7610,엘리펙스,others
7611,코아소프트,others
7612,티맥스메타버스,others
7613,티멕스,others
7614,가이드하우스,others
7615,라닉스,others
7616,부문위원회,others
7617,KpqC 공모전,others
7618,국립표준기술연구소(NIST,others
7619,주엄개,others
7620,한국정보통신기술협회(TTA),others
7621,과학아카데미,others
7622,에너지문제연구소,others
7623,간사이 엑스포,others
7624,마루베니,others
7625,먀쿠먀쿠,others
7627,생명연,others
7628,에어크래프트,others
7629,유메시마,others
7630,Armv9,others
7631,더 플라자 호텔,others
7632,어센드,others
7633,중국공산당,others
7634,Soft,others
7635,ICT전략연구소장,others
7636,전략위원회,others
7637,김해공항,others
7638,통일한반도건설산업전략연구소,others
7639,공업정보화부,others
7640,베이징시,others
7641,팝콘사,others
7642,한국자율주행산업협회,others
7643,트리즈엔지니어링,others
7644,신시야미,others
7645,UTmobI,others
7646,동경대학교,others
7647,한자연,others
7648,국제이동통신민간표준화기구,others
7649,AAM,others
7650,기아 AVP,others
7652,주거복지청,others
7653,주쿠웨이트,others
7655,청주대학교총장,others
7656,목포해양대학교,others
7657,산학연구처,others
7658,영암군,others
7659,한국농어촌공사,others
7661,그리고,others
7662,DB그룹,others
7663,DB캐피탈,others
7664,씨엔티테크-DB캐피탈,others
7665,서울경제진흥원(SBA,others
7666,씨엔티테크-,others
7667,건축공간연구원,others
7668,KAFLIX,others
7669,캐플릭스,others
7670,강원연구원,others
7671,천안제일고 학교,others
7672,스마트복합쉼터,others
7673,제일훼,others
7674,2023 전기산업엑스포,others
7675,KDN전기차,others
7676,기산업엑스포,others
7677,전기산업엑스포,others
7678,한국전기공사협회,others
7680,(주)트레시스,others
7681,미정부,others
7682,세계한인회장대회,others
7683,세계한인회총연합회,others
7684,세계한인회총연합회 한류브랜드위원회,others
7685,한인회총연합회 한류브랜드위원회,others
7686,미주한인회총연합회,others
7687,트레시스,others
7688,우면동,others
7689,예산여중 교차로,others
7690,태양광에너지,others
7691,GEC,others
7692,WFP,others
7693,WFPL,others
7694,세계청년리더총연맹,others
7695,혁신평가위원회,others
7696,지자체 혁신평가위원회,others
7697,혁신평가위원회(GEC,others
7698,국토부 그린벨트,others
7699,글로컬,others
7700,부산대-부산교대,others
7701,미네르바대,others
7702,산학협력포럼,others
7703,서울평화상,others
7704,외교통상부,others
7705,한국고등교육재단,others
7706,한국정책학회,others
7707,현대일본학회,private_policy
7708,HITACO,others
7709,K-혁신사절단,others
7710,KFI,others
7711,Viettel그룹,others
7712,메들라텍,others
7713,야호랩,others
7715,휴먼스케이프,others
7716,K혁신사절단,others
7717,MDA그룹,others
7718,MDA,others
7719,CAPA,others
7720,GL리서치,others
7721,테마파크,others
7722,리파워EU,others
7724,다산네트웍스,others
7725,디티에스,others
7726,에스와이,others
7729,어디나지원단,others
7730,대한상의서,others
7731,DFKI,others
7732,재무장관회의,others
7733,고위관리회의,others
7734,베트남국립미술관,others
7735,간월호,others
7736,대통령,others
7737,브라운필드,others
7738,대덕연구특구,others
7740,충북도당,others
7741,K-바이오스퀘어,others
7742,단양8경,others
7743,서산~,others
7744,서산~천안~청주~,others
7745,대구테크노파크(원장,others
7746,어반테크,others
7747,LA부시장,others
7748,WHO 글로벌 바이오,others
7749,산업통상자원부장관,others
7750,월드헬스시티포럼,others
7751,ADB)연차총회,others
7752,OECD세계포럼,others
7753,아시아개발은행)연차총회,others
7754,OECD세계,others
7755,선정심사위원회,others
7756,인천만,others
7757,경제협력기구,others
7758,범시민유치위원회,others
7759,나라장터 엑스포,others
7760,뉴미디어글라스,others
7761,피투에스지글로벌,others
7762,개인용항공교통수단,others
7763,솔루엠헬스케어,others
7764,제이랩,others
7765,IETF,others
7766,ISO(국제표준화기구,others
7767,국제인터넷표준화기구,others
7768,표준연구본부장,others
7769,한국전자통신연구원(ETRI),others
7770,국민대통합위원회,others
7771,세대융합성장본부,others
7772,중앙선거대책본부,others
7773,청년위,others
7774,분기점,others
7775,기술가치창출원장,others
7776,넥스트웨이브,others
7777,파네시아,others
7778,플랜바이테크놀로지스,others
7779,㈜도시농사꾼,others
7780,대통령실 성과관리국,others
7781,리우시,others
7782,텔레포니카,others
7783,통신감독청,others
7784,파라나주,others
7786,Innovation Forum,others
7787,Telefonica,others
7789,아프리카연합,others
7790,대중교통운영공사,others
7791,도시계획연구소(IPPUC,others
7792,마세도,others
7793,IPPUC,others
7794,DCC,others
7795,THP,others
7796,Uptime Institute,others
7797,㈜솔라드림,others
7798,㈜에스엠팜건설,others
7799,노태광 디노믹스 컨소시엄,others
7800,디노믹스,others
7801,디노믹스 컨소시엄,others
7802,인스터튜트,others
7803,정무부지사,others
7804,트와이크,others
7805,포스코에이앤씨,others
7806,DCC 프로젝트,others
7807,VFX스튜디오,others
7808,스마트스페이스,others
7809,CJ ONE,others
7810,FIP,others
7811,㈜쓰리에이치,others
7812,㈜에스티아이,others
7813,㈜이수페타시스,others
7814,대구지방고용노동청,others
7815,대구청년고용증진대상,others
7816,쓰리에이치,others
7817,길의료재단,others
7818,스마트팜농장,others
7819,울란바토르시,others
7820,울란바토르시의회,others
7821,이크바야,others
7822,인민당,others
7823,(주)위니텍,others
7824,㈜디에이치유메디코스,others
7825,㈜위니텍,others
7826,㈜컨셉션,others
7827,경운대,others
7828,경일대,others
7829,고등교육과학혁신부,others
7830,대구한의대,others
7831,바로팜협동조합,citizen
7832,안동대,others
7833,추교관,others
7834,컨테이너,others
7836,피에스디중공업㈜,others
7837,아그리코,others
7838,농림수산,others
7839,통상산업부장관,others
7841,국가방위부,others
7843,교육정보기술,others
7844,충남교육청,others
7845,친환경농산물,others
7846,환경농산물,others
7847,경제공동위원회,others
7848,석유공사(SOCAR),others
7849,아제르바이잔,others
7850,경제공동위,others
7851,SOCAR,others
7852,경제공,others
7853,석유공사(SOCAR,others
7854,HDC,others
7856,미래전략실,others
7857,주택개발공사,others
7859,푸네광역도시개발청,others
7861,마켓리서치퓨처,others
7863,동나이성,others
7864,빈즈엉성,others
7865,BECAMEX,others
7866,충청지역,others
7867,VIB,others
7869,국립재활원,others
7870,약자동행기술존,others
7872,PYC,others
7873,모빌리티존,others
7874,한강 드론라이트쇼,others
7876,코카콜라,others
7877,풀턴 카운티 롭 피츠,others
7878,KB국민 스카이패스,others
7879,KB국민카드,others
7880,국민카드,others
7881,롭 피츠 풀턴 카운티,others
7882,개발사업본부,others
7884,BS산업 신임,others
7885,트레이스,others
7886,세경산업,others
7887,서던 컴퍼니,others
7889,딥인사이트,others
7890,북미지역,others
7891,오라클벤처투자,others
7892,유티정보,others
7893,전국 도시개발 공사,others
7894,심의회,others
7895,삼성전자삼성전자,private_policy
7897,시나르마스랜드,others
7898,Sharp,others
7900,한·중·,others
7901,도로확장공사,others
7902,롯데캐슬카이저,others
7903,메가존,others
7904,와이즈넛,others
7905,현대에이치티,private_policy
7906,현대HT,private_policy
7907,TRYOUT,others
7909,위드라이브,others
7910,상림이엔지 무증자,others
7911,전국단위,others
7912,HMMME,others
7913,미스크,others
7914,DS투자증권,others
7915,일진전기,others
7916,㈜배터플라이,others
7917,㈜포드림,others
7918,국가발전위원회,others
7919,이노브랜치,others
7920,경제개발청,others
7921,유니버설 뮤직,others
7922,이엠씨티,others
7923,아이이에스지,others
7924,메타버스월드,others
7925,유니버설 뮤직 그룹,others
7926,참관단,others
7927,퀘스트,others
7928,ROBOne,others
7929,에브테라,others
7930,트로이카,others
7932,ERICA캠퍼스,others
7933,서울·ERICA캠퍼스,others
7934,인문사회과학기술융복합,others
7935,AWA,others
7936,GS인증,others
7937,한국표준협회(KSA),others
7938,MEDICA,others
7939,기업협의회,others
7940,한국학,others
7941,지오멕스소프트,others
7942,2024’(WSCE,others
7943,WISET,others
7944,한국여성과학기술인육성재단,others
7945,경관위원회,others
7946,통합심의위원회,others
7947,교육회,others
7948,미래산업글로벌,others
7949,AFP 통신,others
7950,한-아프리카,others
7951,㈜나인와트,others
7952,㈜제이치글로벌,others
7953,㈜카이미,others
7954,WATTI,others
7955,㈜에이버츄얼,others
7956,VIVA,others
7957,유스케이스,others
7958,CHA,others
7959,골드만삭스,others
7960,TKAFZ,others
7961,TK신공항프리존,others
7962,삼국유사 테마파크,others
7963,에어시티,others
7964,첨단산업지구,others
7965,SUN,others
7966,선웨이시티,others
7967,케이팝모터스,others
7968,케이팝모터스홀딩스그룹,others
7969,케이팝에너지,others
7970,RECYCLE,others
7971,SK에코,private_policy
7972,바이오 헬스,others
7973,우주위원회,others
7974,SF미래직업트렌드,others
7975,넷마블,others
7976,싸이온,others
7977,CTCI사,others
7978,애드녹,others
7979,OECS,others
7980,PIS펀드,others
7981,용보험공사,others
7982,라이트카운팅,others
7983,골든테라시,others
7984,대구고지검,others
7985,대구법원종합청사,others
7986,아트센터 오피스텔 신축공사,citizen
7987,유통상,others
7988,아트갤러리,others
